About Us,CAP/ Budget ,City,Company Domain Name,Company name,Contact,Description,ID/Status,Industry,Last Activity Date,Last Contacted,Last Engagement Date,Last Logged Call Date,Last Modified Date,Lead Status,Merged Company IDs,NOTE WORTHY,Number of child companies,Parent Company,Phone Ext-,Phone Number,Postal Code,State/Region,Status (Relationship),Street Address,Street Address 2,Target Account,Time First Seen,Time Zone,Title,Twitter Handle,Organization Id
,,Shrewsbury,,"Delphi Petroleum, Inc.",Joseph J. Colella,,,,,,,,8/1/2021 19:42,,,,,,,732-542-6626,7702,NJ,Non Client,40 Avenue at the Common,,,,,,,2567336189
,,VINELAND,http://www.dematteoil.com/,Dematte Oil Service Inc,John J Braidi,"De Matte Oil of Vineland, NJ provides reliable oil filling solutions and oil delivery services at reasonable rates. 24-hour service. Call 856-692-9125 today.",,Oil & Energy,,,,,5/23/2022 0:11,,,,,,,856-692-9125,08360-6490,NJ,Non Client,479 NEW MAGNOLIA RD,,,4/27/2020 13:36,America/New_York,President,,2567336083
,,WEST PATERSON,,Demon Oil Supply,Dominic Coppa,,,,6/5/2020 10:06,,,,8/1/2021 23:31,,,,,,,973-956-0455,07424-0707,NJ,Non Client,PO BOX 707,,,4/27/2020 13:36,,,,2567336238
,,Schenectady,,Denny's Fuel Service,Gary Campoli,,,,,,,,7/31/2021 12:56,,,,,,,518-355-7410,12306,NY,Non Client,3362 South Thompson St.,,,,,,,2567336359
,,Lightstreet,,Dent Plumbing & Heating Inc.,P. Richard Dent,,,,,,,,8/2/2021 1:31,,,,,,,570-784-4115,17839,PA,Non Client,P.O. Box 215,,,,,,,2567532418
,,Shokan,,Dependable Energy Service,Bernadette Cafaldo,,,,,,,,8/3/2021 1:25,,,,,,,845-657-8792,12481,NY,Non Client,Route 28,,,,,,,2567402158
,,Newburgh,,DePew Oil,Paul Depew,,,,,,,,7/31/2021 19:11,,,,,,,845-568-0072,12550,NY,Non Client,5182 Rt 9W,,,,,,,2567545476
,,SAYREVILLE,,Derent Fuel Inc.,John Derent Jr,,,,6/5/2020 10:07,,,,8/1/2021 13:23,,,,,,,732-257-2914,08872-1737,NJ,Non Client,141 WASHINGTON RD,,,4/27/2020 13:36,,,,2567453085
,,Harrisburg,,Derry Oil Company,Oliver L. Slinker,,,,,,,,8/4/2021 20:53,,,,,,,717-652-1772,17112,PA,Non Client,1185 Fairmont Drive,P.O. Box 6342,,,,,,2567402476
,,ABINGTON,,Desco,Richard Langill,,,,,,,,8/4/2021 2:59,,,,,,,,02351-2645,MA,Non Client,1041 PLYMOUTH ST,,,,,,,2567487047
,,HICKSVILLE,,Deuco Fuel Oil Inc,Daniel Edlind Jr,,,,,,,,7/31/2021 4:41,,,,,,,516-822-7313,11801-4289,NY,Non Client,25 RICHARD ST,,,,,,,2567355976
,,Atlantic City,,Deull Fuel Company,John Deull,,Prospect,,6/5/2020 10:13,,,,5/10/2022 14:34,,,,,,,609-344-1550,08404-0658,NJ,Non Client,PO BOX 658,,,4/27/2020 13:36,,,,2567355930
,,Waterbury,,Devino Fuels,Brenda Carter,,,,,,,,8/4/2021 3:39,,,,,,,860-597-9090,6722,CT,Non Client,PO Box 1910,,,,,Roger Devino,,2567536286
,,Oakland,,Di Nola Fuels Inc,Thomas DiNola,,,,,,,,8/1/2021 9:36,,,,,,,401-568-8383,2858,RI,Non Client,1021 East Avenue,,,,,,,2567356013
,,North Providence,,Dial Oil Service,Val Venezia,,,,,,,,8/2/2021 22:54,,,,,,,401-722-4555,2904,RI,Non Client,21 Dickinson Ave,,,,,,,2567547499
,,WILMINGTON,,Diamond Fuel,Tom Johnson,,,,,,,,7/31/2021 20:59,,,,,,,,19899-0629,DE,Non Client,PO BOX 629,,,,,,,2567534688
,,PENNDEL,,"Dickman-Sargeant Oil Company, Inc.",Eugene Charlton,,,,,,,,7/30/2021 21:19,,,,,,,215-757-6801,19047-7058,PA,Non Client,PO BOX 7058,,,,,,,2567402137
,,Worcester,,Dileo Gas Inc.,Paul Dileo,,,,,,,,8/3/2021 18:21,,,,,,,(508) 797-5878,01604-1439,MA,Non Client,630 Sunderland Rd,,,,,,,2567524995
,,Yardley,,Dilliplane Fuel,Alan D. Dilliplane,,,,,,,,7/30/2021 18:14,,,,,,,215-493-2024,19067,PA,Non Client,P.O. Box 265,,,,,,,2567554454
,,Sag Harbor,,Dippel Fuel Co,Mr. Volkman,,,,,,,,8/1/2021 1:19,,,,,,,(631) 537-0193,11963,NY,Non Client,2141 Monthawk Hwy,,,,,,,2567487394
,,Monroe,,Discount Heating Oil Co.,Richard Cliggott,,,,3/31/2020 14:10,,,,8/4/2021 4:48,,,,,,,203-734-4624,6468,CT,Non Client,55 Hiram Hill Road,,,,,,,2567538494
,,RIDGEFIELD PARK,,Disoteo Fuel Service,Albert Disoteo,,,,,,,,8/1/2021 15:09,,,,,,,,7660,NJ,Non Client,Industrial Avenue,,,,,,,2567453129
,,Mount Joy,,Diversified Energy,Bob Troop,,,,,,,,8/1/2021 23:17,,,,,,,717-492-1880,17552,PA,Non Client,1234B Cloverleaf Rd,,,,,,,2567113098
,,Hollis,,Dixon Bros,Dan Printup,,,,5/1/2020 14:50,,,,7/31/2021 0:34,,,,,,,207-929-5550,04042-0069,ME,Non Client,PO BOX 69,488 Hollis Road,,,,,,2567355883
,,Muncy,,DLM Supply Inc.,Donald L. Miller,,,,,,,,8/1/2021 10:50,,,,,,,570-546-2360,17756,PA,Non Client,P.O. Box 303,,,,,,,2567487138
,,,,DNR Energy,Bob Brunieg,,,,,,,,7/31/2021 19:39,,,,,,,203-466-2002,,CT,Non Client,,,,,,,,2567533600
,,CHERRY HILL,,Dobbs Fuel Oil Service,Edmund Dobbs,,,,6/5/2020 10:30,,,,7/30/2021 18:37,,,,,,,856-429-5615,08034-1403,NJ,Non Client,1 HOWARD JOHNSON RD,,,4/27/2020 13:36,,,,2567552813
,,Ballston Spa,,Doheny Oil Corp,Steven Doheny,,,,,,,,7/31/2021 3:29,,,,,,,518-885-6224,12020,NY,Non Client,2135 Saratoga Road,,,,,,,2567487129
,,Edison,,Doherty Fuel Oil,James Bailey,,,,,,,,8/1/2021 7:32,,,,,,,732-958-0228,8817,NJ,Non Client,1711 Lincoln Hwy. Rt. 27,,,,,General Manager,,2567447755
,,Mountain Lakes,,Domestic Fuel/Boiler King,Bob Ski/Tom Mela,,,,,,,,8/2/2021 20:35,,,,,,,973-625-2030,7046,NJ,Non Client,361 Route 46,,,,,,,2567113242
,,WILKES BARRE,,Domoco Gas & Oil Company,Joe Dougherty,,,,,,,,8/5/2021 0:51,,,,,,,,18702-1431,PA,Non Client,674 CAREY AVE,,,,,,,2567355794
,,New Bedford,,Don Adams Oil Company,Don Adams,,,,,,,,7/31/2021 19:23,,,,,,,508-994-5236,2746,MA,Non Client,400 Myrtle St,,,,,,,2567536241
,,Skaneateles,,"Don Clark, Inc.",John Clark,,,,,,,,7/31/2021 16:57,,,,,,,315-685-8760,13152-9358,NY,Non Client,3912 Fennell Street,,,,,,,2567355897
,,Pittsfield,,Don Davis Heating,Donnie Davis,,,,,,,,7/30/2021 18:14,,,,,,,413-443-7354,1202,MA,Non Client,P. O. Box 2681,,,,,,,2567335885
,,Schuylerville,,Don Seymour's Service,Lea Seymour,,,,,,,,8/4/2021 5:40,,,,,,,518-695-3048,12871-4651,NY,Non Client,265 Route 32,,,,,,,2567536451
,,CLOSTER,,Donald R. Schmidt Company,Donald Schmidt,,,,,,,,8/4/2021 20:29,,,,,,,,07624-1335,NJ,Non Client,277 HERBERT AVE,,,,,,,2567525508
,,LINDEN,,"Donna's Energy Service, Inc.",Richard Swick,,,,,,,,7/31/2021 8:41,,,,,,,,07036-1409,NJ,Non Client,1811 E ELIZABETH AVE,,,,,,,2567537786
,,HONESDALE,,Don's Plumbing & Heating Company,Don Hiller,,,,,,,,7/31/2021 14:31,,,,,,,,18431-9207,PA,Non Client,HC 65 BOX 40J,,,,,,,2567545432
,,SCARSDALE,,Dorchester Fuel Oil Co Inc,Patrick Grosso,,,,,,,,8/5/2021 3:06,,,,,,,914-738-2334,10583,NY,Non Client,196 DORCHESTER RD,,,,,,,2567525293
,,MICKLETON,,Dormann Heating & Air,Mark Dormann,,,,,,,,8/1/2021 17:27,,,,,,,,8056,NJ,Non Client,265 W Wilferist,,,,,,,2567487476
,,Blackwood,,Doughty's AC & Heating,John Doughty,,,,,,,,8/3/2021 0:55,,,,,,,(856) 547-5082,9012,NJ,Non Client,44 Oak Ave #B,,,,,,,2567547586
,,Providence,,Douglas Oil Co.,Joseph Quartrucci,,,,,,,,8/2/2021 0:53,,,,,,,401-331-5223,2908,RI,Non Client,667 Douglas Avenue,,,,,,,2567554326
,,Hoosick Falls,,Doug's Oil,John Cooney,,,,,,,,8/3/2021 18:40,,,,,,,518-686-7617,12090,NY,Non Client,P.O. Box 308,,,,,,,2567537438
,,Nescopeck,,Douthat Ventures LLC dba Chapin Oil Service,Stephen Douthat,,,,,,,,7/30/2021 15:06,,,,,,,570-752-5891,18635-0534,PA,Non Client,P.O. Box 534,,,,,,,2567335917
,,Ridgefield Park,,Dowling Fuel Co.,Chris Behrens,,formerhdg,,3/31/2020 14:22,,,,4/23/2022 11:16,,,,0,2567545542,200,201-440-1000,07660-1300,NJ,Former Hedge Client,100 Industrial Avenue,1.00 Margin.. Diff..,,4/27/2020 13:36,,,,2567355866
,,PROVIDENCE,,Drake Petroleum,James Ahern,,,,,,,,7/31/2021 5:06,,,,,,,401-781-9900,02905-5009,RI,Non Client,355 ALLENS AVE,,,,,,,2567452949
,,Tamaqua,,"Draper & Yost, Inc.",David W. Swank,,,,,,,,8/1/2021 11:10,,,,,,,570-668-4180,18252,PA,Non Client,P.O. Box 129,,,,,,,2567402183
,,Wilton,,Draper Energy,Bill Draper,,,,,,,,8/1/2021 3:14,,,,,,,,,NH,Non Client,,,,,,,,2567408339
,,North Bend,,Dremel Oil,James A. Dremel,,,,,,,,8/3/2021 10:09,,,,,,,570-923-2437,17760,PA,Non Client,P.O. Box 492,,,,,,,2567545497
,,Dresden,,Dresden Cash Fuel,Brian Hurley,,,,5/1/2020 14:51,,,,8/2/2021 18:06,,,,,,,207-737-8225,4342,ME,Non Client,353 Patterson Rd,,,,,,,2567335888
,,Cranston,,Drew Oil Co,Christopher Drew,,,,,,,,8/2/2021 1:44,,,,,,,401-942-5470,2920,RI,Non Client,31 Calder St,,,,,,,2567335973
,,SALISBURY,,"Drexel L. Bradley & Sons, Inc.",Drexel Bradley,,,,,,,,7/31/2021 9:47,,,,,,,,21801-4017,MD,Non Client,PO Box 2694,,,,,,,2567355874
,,Gasport,http://drumoil.com/,Drum Oil and Propane Inc.,Michael Drum,"Drum Oil & Propane is a company that has been providing quality energy services for seventy six years. They offer heating oil, propane, and HVAC services in the Gasport, NY area. Their services include the installation of heating, hot water, and coolin...",,Oil & Energy,,,,,2/15/2024 18:08,,,,,,,716-772-2626,14067-9338,NY,Non Client,8776 Rochester Rd.,PO BOX 375,,4/17/2020 15:53,America/New_York,,,2567532408
,,Manheim,,Dry Bulk and Liquid Tank,"Raymond R. Preiss, Jr.",,,,,,,,8/4/2021 20:22,,,,,,,717-653-2133,17545,PA,Non Client,1798 Auction Road,,,,,,,2567452921
,,Worcester,,Dryden Oil Company,Joyce A. Ross,,,,,,,,8/1/2021 11:50,,,,,,,508-791-3201,1607,MA,Non Client,692 Millbury Street,,,,,Purchasing Agent/Traffic Mgr,,2567538577
,,Kearny,,Drzymkowski Fuel,J. Drzymkowski,,,,,,,,8/2/2021 5:13,,,,,,,201-998-7100,7032,NJ,Non Client,462 Forest Street,,,,,,,2567453058
,,ALLENTOWN,,Dual Temp/Holtzman,Thomas P. Stengel,,,,,,,,8/2/2021 4:43,,,,,,,,18103-5521,PA,Non Client,2604 MORAVIAN AVE,,,,,,,2567537738
,,Duanesburg,,Duanesburg Oil Co.,Fred Dykemann,,,,,,,,8/4/2021 3:51,,,,,,,518-895-2658,12056,NY,Non Client,Route 20,P. O. Box 185,,,,,,2567452883
,,PROVIDENCE,,Dubois Oil,Ted Jeffcoat,,,,,,,,8/4/2021 5:26,,,,,,,,02904-2408,RI,Non Client,50 HORTON ST,,,,,,,2567545310
,,Trenton,,"Duck Island Terminal, Inc.",Gene Waldman,,,,,,,,8/3/2021 20:21,,,,,,,800-325-3835,6110,NJ,Non Client,1463 Lamberton Road,,,,,,,2567487382
,,FREEHOLD,,"Duckett And Laird Division of Lawes Coal Co., Inc.",Ann E. Laird Budd,,,,,,,,6/7/2022 3:20,,,,,,,732-462-1044,07728-1698,NJ,Non Client,71 BANNARD ST,,,4/27/2020 13:36,,,,2567552760
,,ARLINGTON,,Dudley Fuel Company Inc,Sam Nigro,,,,3/3/2020 11:54,,,,7/30/2021 16:03,,,,0,2567453219,,,02476-4504,MA,Non Client,43 DUDLEY ST,,,,,,,2567543474
,,Shamokin,,"Duke Heating Oil, Inc.",Thomas J. Duke,,,,,,,,8/1/2021 14:25,,,,,,,570-648-7150,17872,PA,Non Client,P.O. Box 182,,,,,,,2567538617
,,Hyannis,,Dumaine Oil,Tom Walsh,,MOC Retail Members,,6/5/2020 10:53,,,,7/31/2021 3:24,,,,,,,508-888-2720,02601-1210,MA,Non Client,P. O. Box 1210,,,5/5/2020 15:42,,,,2567487029
,,PASSAIC,,Dundee Oil Company,Harold Rachesky,,,,,,,,7/30/2021 21:21,,,,,,,,07055-6939,NJ,Non Client,164 PRESIDENT ST,,,,,,,2567536421
,,Plymouth,,Dunlap's Propane,Paul Dunlap,,,,,,,,8/4/2021 3:21,,,,,,,508-746-2627,2362,MA,Non Client,P.O. Box 1167,81 Long Pond Rd,,,,,,2567408211
,,Dunmore,,Dunmore Oil Company,Joseph Gentile Sr.,,,,,,,,8/1/2021 13:08,,,,,,,570-347-2017,18512,PA,Non Client,1031 Reeves Street,,,,,,,2567525185
,,Kerhonkson,,Dunn Fuel Inc.,Mrs. Dunn,,,,,,,,8/1/2021 17:09,,,,,,,914-626-7766,12446,NY,Non Client,Webster Avenue,,,,,,,2567448143
,,Durham,,Durham Oil Company,Daniel Thibeault,,Hope's Leads,,5/1/2020 14:52,,,,5/22/2022 3:30,,,,0,2567547424,,207-353-4994,4222,ME,Non Client,663 Newell Brook Road,,,4/24/2020 15:10,,,,2567547425
,,Millerton,,Dutchess Oil & Propane,Robert Podris,,,,,,,,7/31/2021 10:49,,,,,,,(518) 789-3014,12546,NY,Non Client,1 John St,PO Box S,,,,,,2567538650
,,Millerton,,"Dutchess Oil, Co.",Bob Podris,,,,,,,,8/4/2021 6:54,,,,,,,518-789-3014,12546,NY,Non Client,1 John St Box S,,,,,,,2567453092
,,Laconia,,"Dutile and Sons, Inc.",Ron Dutile,,,,,,,,8/2/2021 6:45,,,,,,,603-524-5217,3246,NH,Non Client,242 Messer Street,,,,,Vice President,,2567554359
,,FORT WASHINGTON,,Dwyer Oil Heating,Dennis Kerns,,,,,,,,7/31/2021 23:47,,,,,,,,19034-1543,PA,Non Client,435 FORT WASHINGTON AVE,,,,,,,2567537719
,,Fayetteville,,Dymond Oil,David Dymond,,,,,,,,8/1/2021 9:58,,,,,,,717-352-2321,17222-1417,PA,Non Client,40 Dymond Avenue,,,,,,,2567487467
,,Ossining,,Dynamic Fuel of Ossining Inc.,John Griffin,,,,,,,,8/4/2021 11:27,,,,,,,914-941-0047,10562,NY,Non Client,P. O. Box 890,,,,,,,2567487010
,,PINE BUSH,,E & A Crawford,Edward Crawford,,,,,,,,7/30/2021 15:30,,,,,,,914-744-2600,12566-0105,NY,Non Client,PO BOX 105,,,,,,,2567543600
,,Harrisburg,,E & E Fuel Oil Co.,James Eichelberger,,,,,,,,8/1/2021 17:05,,,,,,,717-232-0823,17103,PA,Non Client,1608 Walnut Street,,,,,,,2567355706
,,Central Islip,,E & N Service,Bill Saks,,,,,,,,8/2/2021 23:20,,,,,,,,11722,NY,Non Client,86 Glenmore Ave.,,,,,,,2567543866
,,Seekonk,,E & V Oil Company Inc,Mr Joseph Souza,,,,,,,,8/4/2021 18:20,,,,,,,508-336-8851,2771,MA,Non Client,1663 Fall River Ave,,,,,,,2567408012
,,,,"E E Wine, Inc.",Kent Gray,,,,,,,,7/31/2021 13:41,,,,,,,(703) 368-6568,,,Non Client,,,,,,,,2567335672
,,ALLENTOWN,,E. B. Lynn Oil Company,Earl Lynn,,,,,,,,8/1/2021 20:09,,,,,,,,18103-1610,PA,Non Client,1201 N QUEBEC ST,,,,,,,2567336025
,,St. Thomas,,E. C. Barnes Inc.,"Arthur G. Bruaw, Jr.",,,,,,,,7/31/2021 8:45,,,,,,,717-369-2659,17252,PA,Non Client,P.O. Box 277,,,,,,,2567113150
,,NORTH BROOKFIELD,,E. C. Murphy Co Inc,JJ Murphy,,,,,,,,8/1/2021 16:19,,,,,,,508-867-3605,01535-1909,MA,Non Client,7 FOREST ST,,,,,,,2567545356
,,Orefield,,"E. F. Laudenslager,  Inc.",Stephen E. Laudenslager,,,,,,,,8/1/2021 11:40,,,,,,,610-395-1582,18069,PA,Non Client,3545 Route 309,,,,,,,2567447914
,,West Lawn,,"E. G. Smith, Inc.",Ron,,,,,,,,7/31/2021 11:08,,,,,,,610-670-1000,19609,PA,Non Client,P.O. Box 2657,3333 Penn Ave.,,,,,,2567525438
,,BORDENTOWN,,"E. J. Koenig, Inc.",G Edward Koeing Jr,,,,,,,,7/31/2021 2:58,,,,,,,609-298-0200,08505-0200,NJ,Non Client,PO BOX 200,,,,,,,2567545460
,,Waterford,,E. L. Heard & Son,Dave Heard,,,,3/31/2020 14:52,,,,8/3/2021 2:17,,,,,,,814-796-2914,16441-2914,PA,Former Hedge Client,888 Depot Rd,,,,,,,2567487494
,,FLEMINGTON,,"E. M. Haynes, Jr. Inc.",Susan & Allen Burns,,,,6/5/2020 11:10,,,,7/31/2021 21:54,,,,,,,908-782-5218,08822-1740,NJ,Non Client,327 S MAIN ST,P.O. Box 327,,4/27/2020 13:36,,,,2567537658
,,Nassau,,E. P. Larsen Inc.,Ms Joanne Larsen,,,,,,,,7/31/2021 9:09,,,,,,,518-477-6129,12123,NY,Non Client,4119 State Route 20,P. O. Box 267,,,,,,2567547514
,,Barre,,E. P. Wine Inc.,Richard Wine,,,,,,,,8/2/2021 3:38,,,,,,,978-355-2311,1005,MA,Non Client,P.O. Box 639,160 West St.,,,,,,2567448032
,,Lewistown,,"E. R. Rhodes & Son, Inc.",Scott Rhodes,,,,,,,,7/30/2021 17:32,,,,,,,717-248-6719,17044,PA,Non Client,62 Railroad Street,,,,,,,2567408420
,,Hamburg,,E. S. Savage,Eugene Schlegel,,,,,,,,7/31/2021 2:59,,,,,,,610-562-7581,19526-0167,PA,Non Client,P.O. Box 167,,,,,,,2567525468
,,So. Yarmouth,,E.F. Winslow Plumbing and Heating,Freeman Winslow/Mary-Beth Baptiste,,,,,,,,8/1/2021 16:13,,,,,,,(508) 394-7778,2664,MA,Non Client,8 Reardon Circle,,,,,,,2567534624
,,Newtown Square,,"E.J. Harrold, Inc.",Edward Harrold,,,,,,,,8/2/2021 17:46,,,,,,,610-356-2491,19073-4407,PA,Non Client,800 Media Line Rd.,,,,,,,2567552819
,,Quakertown,,"E.R, Mansfeld D/B/A Walker Fuels",Margaret Mansfeld,,,,,,,,7/31/2021 9:06,,,,,,,215-536-3097,18951,PA,Non Client,2870 Old Bethlehem Pike,,,,,,,2567402488
,,Moodus,http://www.ewleonard.com/home.htm,E.W. Leonard Inc.,Morgan Leonard,"Welcome to E.W. Leonard. Plumbing & Heating Manufacturer's Representative Agency. We specialize in heating and engineered systems. With over 50 years in the industry, E.W. Leonard, Inc. has the knowledge base to provide answers to your questions and so...",,Building Materials,,,,,2/22/2024 12:59,,,,,,,(860) 873-8691,6469,CT,Non Client,PO box 371,10 Ray Palmer Rd,,,America/New_York,,,2567537342
,,STANHOPE,,Eager Oil Company,Donald Lewandowski,,,,,,,,7/30/2021 20:22,,,,,,,,07874-0577,NJ,Non Client,PO BOX 577,,,,,,,2567487344
,,Augusta,,Eagle Energy,Joe Pooler,,,,,,,,8/1/2021 15:39,,,,,,,207-622-6900,4330,ME,Non Client,9 Western Avenue,,,,,,,2567552904
,,RIDGEFIELD,,Eagle Fuel,Michael Brenner,,,,,,,,8/3/2021 5:25,,,,,,,,07657-0335,NJ,Non Client,PO BOX 335,,,,,,,2567532389
,,Chatham,,Eagleman-Goodfield Co,Gunter Kurschus,,,,6/5/2020 11:12,,,,7/31/2021 21:39,,,,,,,973-635-0782,7928,NJ,Non Client,106 Summit Avenue,,,4/27/2020 13:36,,,,2567525149
,,Grahamsville,,"Earl D. Sheeley & Son, Inc.",Mr Jim Sheeley,,,,,,,,7/31/2021 11:08,,,,,,,845-985-2231,12740,NY,Non Client,P.O.Box 197,,,,,,,2567408135
,,IPSWICH,,Earl L. Elliott Co.,Douglas Elliott,,MOC Retail Members,,6/5/2020 12:07,,,,8/1/2021 14:53,,,,,,,978-356-4341,01938-0614,MA,Non Client,PO BOX 614,6 Brown Square,,5/5/2020 15:42,,,,2567486901
,,East Earl,,"Earl R. Martin, Inc.",Earl Martin,,,,,,,,8/1/2021 6:35,,,,,,,,17519,PA,Non Client,PO Box 67,,,,,,,2567355972
,,GREENPORT,,Earle W Baker,Charles Leden,,,,,,,,8/1/2021 8:17,,,,,,,,11944-0389,NY,Non Client,PO BOX 389,,,,,,,2567408080
,,WATERBURY,,East Coast Petroleum,Donald J. Schmidt,,Prospect,,6/5/2020 12:12,,,,7/31/2021 6:46,,,,,,,203-574-4740,06720-0545,CT,Non Client,PO BOX 545,,,4/24/2020 10:57,,,,2567487278
,,Bronx,,East Coast Petroleum,John Knief,,,,,,,,8/1/2021 0:31,,,,,,,718-402-5107,10454,NY,Non Client,340 Jackson Avenue,,,,,,,2567547484
,,Bronx,,"East Coast Petroleum, Inc.",Mr Anthony Milanese,,,,,,,,8/1/2021 7:15,,,,,,,718-402-5107,10454,NY,Non Client,340 Jackson Ave.,,,,,,,2567543801
,,Hulmeville,,East Coast Propane,George Lamb,,,,,,,,8/3/2021 7:25,,,,,,,,19047-5545,PA,Non Client,12 Beaver St,,,,,,,2567543831
,,East Hampton,,East End Fuel,Donna Garrett,,,,,,,,7/31/2021 18:30,,,,,,,(631) 907-6081,,NY,Non Client,185 Spring Fireplace Rd,,,,,,,2567487107
,,East Moriches,,"East Moriches Fuel, Inc.",Paul Haines,,,,,,,,7/31/2021 10:15,,,,,,,(631) 878-2356,11940,NY,Non Client,26 Atlantic Avenue,,,,,,,2567113243
,,East Providence,,East Providence Fuel Oil Co,"Victor R. Allienello, Sr.",,,,3/31/2020 14:59,,,,9/14/2022 15:24,,,,0,2567536511,,401-434-1160,2914,RI,Former Hedge Client; Not Prospect,1015 South Broadway,,,,,,,2567356004
,,Staten Island,,East River Oil Supply,Richard Tullo,,,,,,,,7/31/2021 21:26,,,,,,,212-645-4328,10308,NY,Non Client,37 Grandview Terrace,,,,,,,2567536426
,,East Springfield,,East Springfield Oil Co Inc,"Walter Rostek, Jr.",,,,,,,,8/1/2021 13:30,,,,,,,413-733-5210,1104,MA,Non Client,44 Hendee St,,,,,,,2567534647
,,Norwich,,"Eastern Connecticut Fuel, Inc.",Allie Resnick,,,,,,,,7/31/2021 0:50,,,,,,,860-892-0003,06360-5222,CT,Non Client,20 Stony Ridge Rd.,,,,,,,2567534599
,,Newport,,Eastern Maine Oil,Ryan Pete,,,,,,,,7/31/2021 11:33,,,,,,,(207) 745-8137,4953,ME,Non Client,12 Railroad St,,,,,,,2567547420
,,Ebensburg,,Ebensburg Oil & Gas Company,Chris Davidson,,,,,,,,8/4/2021 21:27,,,,,,,814-472-7730,15931,PA,Non Client,P.O. Box 87,,,,,,,2567543902
,,New Holland,,Ebys Oil Inc,Everett Ebys,,,,,,,,8/1/2021 10:14,,,,,,,717-354-5622,17557,PA,Non Client,425 White Oak Road,,,,,,,2567487265
,,Bensalem,http://www.ecicomfort.com/,ECI Comfort,Ron Musser,ECI Comfort is a family-owned and operated heating and air conditioning company that has been serving the Delaware Valley since 1990. They specialize in designing and installing high-efficiency HVAC systems and provide a full range of energy solutions ...,,Construction,8/6/2020 11:19,,,,2/22/2024 14:08,,,,,,,(215) 245-3200,19020,PA,Non Client,2136 Bristol Pike,,,,America/New_York,,ecicomfort,2567545419
,,KENVIL,,Eco-Fuel Oil Inc.,Marc Goldberg,,,,,,,,7/31/2021 2:37,,,,,,,(862) 209-4600,7847,NJ,Non Client,68 N DELL AVE STE D,,,,,,,2567545457
,,GLENSIDE,,Economy & Independent,Joseph Sweeney,,,,,,,,7/30/2021 23:39,,,,,,,,19038,PA,Non Client,532 Easton Road,,,,,,,2567537434
,,Sabana Grande,,ECOVAC Propane Gas,Luis Albino,,,,,,,,3/15/2024 14:55,,,,,,,,637,PR,Non Client; Not Prospect,19 Ave Viencente Quilinchini,,,,,,,2567552867
,,EAST FREETOWN,,Ed Sylvia Electric & Oil Company,Ed Sylvia,,,,,,,,8/5/2021 1:02,,,,,,,,02717-1520,MA,Non Client,10 QUANAPOAG RD,,,,,,,2567336072
,,Jay,,Eddies Oil Company,Mike Ouellette,,Prospect,,5/4/2020 15:13,,,,8/10/2023 11:25,,,,0,3828905402,,,4239,ME,Non Client; Not Prospect,PO BOX 56,,,4/24/2020 15:10,,,,2567447977
,,Merrimac,,Edgemont Garage & Oil Co.,Frank Sowick,,,,,,,,7/31/2021 20:07,,,,,,,508-346-9785,1860,MA,Non Client,115 West Main St,,,,,,,2567533617
,,GILBERTSVILLE,,Eds Fuel & Service Inc,Edward Gilbert,,,,,,,,8/3/2021 20:37,,,,,,,,13776-0051,NY,Non Client,PO BOX 51,,,,,,,2567554417
,,Milton,,Edward Blondell & Co Inc,Mr Richard Earle,,,,,,,,7/30/2021 17:31,,,,,,,617-698-8897,2186,MA,Non Client,23 Myers Lane,,,,,,,2567402033
,,Meriden,,Edward S. Mull & Company,Richard S. Mull,,Out of Business,,6/5/2020 12:23,,,,7/30/2021 18:42,,,,,,,203-237-1929,6451,CT,Non Client,190 Colony Street,,,4/24/2020 10:57,,President,,2567447776
,,Brooklyn,,Edward T Minor Co Inc,Roger Post,,,,,,,,8/3/2021 3:57,,,,,,,718-439-5066,11220-4611,NY,Non Client,6205 5th Ave.,,,,,,,2567487117
,,JERSEY CITY,,Efficiency Heating And Appliance,Richard,,,,,,,,8/2/2021 2:28,,,,,,,,07307-4327,NJ,Non Client,555 TONNELE AVE,,,,,,,2567534695
,,PITTSTON,,Egan Oil And Supply Company,Joseph Flanagan,,,,,,,,7/31/2021 16:29,,,,,,,,18640-2177,PA,Non Client,368 N MAIN ST,,,,,,,2567487384
,,Bristol,,Eggert Fuel Inc,Richard Eggert,,,,,,,,7/31/2021 5:12,,,,,,,215-788-9638,19007,PA,Non Client,P.O. Box 1280,,,,,,,2567408387
,,MORRISTOWN,,Eggert Oil,Charles Eggert,,,,,,,,7/31/2021 7:32,,,,,,,,07962-1117,NJ,Non Client,PO BOX 1117,,,,,,,2567543593
,,Langhorne,,El Paso Merchant Energy-Petroleum Company,Mike McGuire,,,,,,,,8/1/2021 16:17,,,,,,,215-702-8864,19047-3406,PA,Non Client,28 Tupelo Lane,,,,,,,2567447883
,,Ephrata,,Eli Nolt Heating,Eli Nolt,,,,,,,,7/31/2021 23:02,,,,,,,,17522-9295,PA,Non Client,196 Wanner Rd,,,,,,,2567452941
,,TRENTON,,Elias Fuel,David Elias,,,,,,,,7/31/2021 16:01,,,,,,,,08611-3020,NJ,Non Client,596 2ND ST,,,,,,,2567534811
,,LAKEWOOD,,Elite Fuel Oil Co Inc,William Clayton,,,,7/31/2020 11:16,,,,7/31/2021 8:15,,,,,,,,08701-8115,NJ,Non Client,PO BOX 3015,,,,,,,2567355895
,,Yonkers,,Ellas Oil Co Inc,Ms Felice Di Bisceglie,,,,,,,,7/31/2021 18:16,,,,,,,914-968-7392,10704,NY,Non Client,107 Durst Place,,,,,,,2567402377
,,Danvers,,Elliot Fuels,John Elliot,,,,2/27/2020 14:45,,,,8/3/2021 23:44,,,,,,,508-774-2300,01923-2665,MA,Non Client,8 Carriage Way,,,2/27/2020 14:45,,,,2567486896
,,Manchester,,"Ellsworth & Lassow, Inc.",Arthur Lassow,,,,6/5/2020 12:27,,,,3/31/2022 16:41,,,,,,,860-643-5155,6040,CT,Non Client; Not Prospect,262 Oakland St.,,,4/24/2020 10:57,,,,2567537598
,,Dorchester,,Ellsworth Supply Co. Inc,Robert Raimondi,,,,,,,,8/3/2021 7:13,,,,,,,617-825-5522,2122,MA,Non Client,1334 Dorchester Ave,P.O. Box E,,,,,,2567112909
,,Milford,,Elm Chiropractic Center,"Walter G. Sevigny, D.C.",,,,,,,,8/4/2021 21:09,,,,,,,603-673-6133,3055,NH,Non Client,51 Elm Street,,,,,,,2567534783
,,Falmouth,,Elm Ice & Oil Company,Glen Lalumiere,,Prospect,,5/1/2020 15:00,,,,8/4/2021 5:07,,,,,,,207-797-5691,4105,ME,Non Client,56 Gray Road,,,4/24/2020 15:10,,,,2567408003
,,Hartford,,Elman Fuel Company,Larry Elman,,Out of Business,,6/5/2020 12:29,,,,8/4/2021 23:23,,,,,,,860-527-9201,6120,CT,Non Client,171 Walnut St.,P. O. Box 1871,,4/24/2020 10:57,,,,2567452600
,,Johnstown,,Elocin Oil,Jim Sprung,,,,,,,,7/31/2021 12:34,,,,,,,518-725-2179,12095,NY,Non Client,PO Box 261,,,,,,,2567402420
,,Bridgeport,,Elowitz Fuel Co,Howard Greenstein,,,,,,,,8/1/2021 15:57,,,,,,,203-336-3835,6606,CT,Non Client,149 Federal St,,,,,,,2567538531
,,Northampton,,Emco Service Inc.,Division of O'Connell Oil,,,,,,,,8/2/2021 9:41,,,,,,,413-584-1602,1060,MA,Non Client,25 Texas Road,,,,,,,2567407870
,,Ellsworth,,Emerson Energy Fuels,Larry Emerson,,Prospect,,5/1/2020 15:01,,,,8/10/2023 11:30,,,,0,2567538651,,207-667-2923,4605,ME,Non Client; Not Prospect,234 Main Street,,,4/24/2020 15:10,,,,2567532531
,,Pelham,https://www.emersonswan.com/,Emerson Swan,Lloyd Benjamin,"Emerson Swan is a manufacturer's representative serving the Northeastern United States with quality heating, plumbing & HVAC equipment. Emerson Swan is a manufacturer's representative since 1932 serving New England, Upstate New York, Western Pennsylvan...",,Building Materials,7/8/2020 11:55,,,,2/16/2024 23:51,,,,,,,(617) 733-5730,3076,NH,Non Client,96B Dutton Rd,,,,America/New_York,,EmersonSwan,2567534792
,,Shapleigh,,"Emery Mills Energy, Inc.",Paul Muse,,Prospect,,5/1/2020 15:02,,,,8/1/2021 19:44,,,,,,,207-636-2126,4076,ME,Non Client,112 Emery Mills Road,,,4/24/2020 15:10,,,,2567402355
,,Marlboro,,Empire Fuel,Eric Fanelli,,,,,,,,8/2/2021 1:57,,,,,,,(845) 691-2662,12542,NY,Non Client,1153 Route 9W,,,,,,,2567336268
