About Us,CAP/ Budget ,City,Company Domain Name,Company name,Contact,Description,ID/Status,Industry,Last Activity Date,Last Contacted,Last Engagement Date,Last Logged Call Date,Last Modified Date,Lead Status,Merged Company IDs,NOTE WORTHY,Number of child companies,Parent Company,Phone Ext-,Phone Number,Postal Code,State/Region,Status (Relationship),Street Address,Street Address 2,Target Account,Time First Seen,Time Zone,Title,Twitter Handle,Organization Id
,,MIDDLE VILLAGE,,Kew Forest Fuel,Ralph Demarzo,,,,,,,,8/1/2021 7:02,,,,,,,,11379-2634,NY,Non Client,7301 METROPOLITAN AVE,,,,,,,2567554439
,,Wilmington,,Key Petroleum,Wayne Hawkins,,,,,,,,8/4/2021 4:11,,,,,,,,19850,DE,Non Client,P.O. Box 10242,,,,,Op.Mgr.,,2567525033
,,Rutland,,Keyser Energy - Proctor Coal,Chris Keyser,,,,4/3/2020 15:39,,,,8/1/2021 10:49,,,,,,,802-773-2567,5701,VT,Non Client,190 West Street,,,,,,,2567547315
,,Newtown Square,,"Keystone Fuel Oil, Inc.",Jeffrey Harris,,,,,,,,7/31/2021 6:44,,,,,,,610-356-8166,19073,PA,Non Client,3085 West Chester Pike,,,,,,,2567408378
,,Stroudsburg,,Keystone Fuels Inc.,Gary A. Dell'Alba,,,,,,,,7/31/2021 16:00,,,,,,,570-421-3837,18360,PA,Non Client,1450 North 5th Street,,,,,,,2567536604
,,Easton,,"Keystone Fuels, Inc.",Jonathan Krum,,,,,,,,8/1/2021 20:26,,,,,,,610-253-3434,18042-4518,PA,Non Client,158-160 South 3rd St.,,,,,,,2567335988
,,Camp Hill,,Keystone Oil Products Corp.,Clay Watson,,,,,,,,8/1/2021 18:27,,,,,,,717-737-3451,17011-0157,PA,Non Client,P.O. Box 157,,,,,,,2567113193
,,Mechanicsburg,,Keystone Petroleum,John J. Gabel,,,,,,,,7/31/2021 8:32,,,,,,,717-697-1651,17055,PA,Non Client,981B Trindle Road West,,,,,,,2567452831
,,Throop,,Keystone Propane Service Inc.,Jeffrey Turner,,,,,,,,7/30/2021 18:00,,,,,,,,18512-1504,PA,Non Client,1201 Marshwood Rd,,,,,,,2567537516
,,Trumbull,,"Kidawe Fuel, Inc.",Wilfred Miller,,,,,,,,8/4/2021 2:39,,,,,,,,6611,CT,Non Client,15 Great Neck Rd.,,,,,,,2567534729
,,Tilton,,Kidder Fuels Inc,"Walter G. Hall, Jr.",,,,,,,,8/2/2021 3:21,,,,,,,603-286-4318,3276,NH,Non Client,PO BOX 252,,,,,,,2567554343
,,Hegins,,Kieffer Fuels,Lee Morgan,,,,,,,,8/4/2021 2:41,,,,,,,717-682-9978,17938-9401,PA,Non Client,P. O. Box 251B,,,,,,,2567547473
,,Dunbarton,,Kincaid Plumbing & Heating,Rick Kincaid,,,,,,,,8/4/2021 15:32,,,,,,,603-774-7167,,NH,Non Client,,,,,,,,2567537435
,,Marlborough,,"King Brakes, Inc. dba One Energy",Mark Diarbakerly,,,,,,,,8/2/2021 22:05,,,,,,100,(508) 460-1010,1752,MA,Non Client,"488 Boston Post Road, Suite E2",,,,,,,2567537626
,,Troy,,King Fuels,Richard Slote,,,,,,,,8/3/2021 20:35,,,,,,,518-274-4200,12180,NY,Non Client,Foot of Main Street,P. O. Box 838,,,,,,2567554480
,,Kingfield,,Kingfield Cash Fuel,Jim Cantrell,,Prospect,,,,,,5/24/2022 5:53,,,,,,,207-265-4328,4947,ME,Non Client,PO BOX 95,,,4/24/2020 15:10,,,,2567453072
,,Saugerties,,Kingston Oil Supply Corp (KOSCO),Ronald Swart,,,,,,,,8/1/2021 10:23,,,,,,,845-331-0770,12477,NY,Non Client,PO BOX 1269,,,,,,,2567402449
,,BRIDGEWATER,,Kinney Fuel Company,Clifford Woody,,,,,,,,7/31/2021 0:42,,,,,,,,08807-3338,NJ,Non Client,795 E MAIN ST,,,,,,,2567453099
,,Stouchsburg,,Kintzer Fuel Oil,Dean S. Kintzer,,,,,,,,8/3/2021 6:22,,,,,,,610-589-2842,19567,PA,Non Client,121 Main Street,,,,,,,2567534856
,,Lancaster,,Kirchoff Inc.,George Peters,,,,,,,,7/31/2021 9:57,,,,,,,717-569-0433,17601,PA,Non Client,2653 Lititz Pike,,,,,,,2567532442
,,QUAKERTOWN,,Kirk's Fuel Inc,Jay McCay,,,,,,,,8/4/2021 6:44,,,,,,,,18951-3314,PA,Non Client,1859 ROUTE 212,,,,,,,2567408357
,,Dayville,,Kirk's Oil Inc,Wilma Kirkconnell,,,,,,,,8/1/2021 22:40,,,,,,,860-774-2489,6241,CT,Non Client,78 Williamsville Rd,,,,,,,2567447641
,,Nutley,,Kirsch Energy Systems,Frank Olivo,,,,,,,,7/30/2021 16:11,,,,,,,973-667-1014,7110,NJ,Non Client,59 Nicola Place,,,,,,,2567536418
,,Portland,,Kleen Oil Company,Charlie Tanner III,,Out of Business,,,,,,4/20/2022 16:23,,,,,,,207-878-9611,4103,ME,Non Client,85 Warren Avenue,,,4/24/2020 15:10,,,,2567355876
,,Farmington,,Klingner Family Oil,Karina Klingner,,,,,,,,8/4/2021 20:00,,,,,,,(860) 677-8334,6034,CT,Non Client,33 Two Mile Road PO Box 402,,,,,,,2567525031
,,HILTON,,Klock Oil Company,John Klock,,,,,,,,7/31/2021 19:15,,,,,,,,14468-0780,NY,Non Client,PO BOX 780,,,,,,,2567532400
,,Shippensburg,,"Knerr Heating, Air",Barry Knerr,,,,,,,,8/2/2021 6:19,,,,,,,717-423-5144,17257,PA,Non Client,15096 Paxton Run Road,,,4/30/2020 15:41,,,,2567543648
,,Melrose,,"Knight-Harrison Fuel, Inc.",Terry Knight,,Prospect,,6/9/2020 13:20,,,,7/31/2021 11:24,,,,,,,781-665-1714,2176,MA,Non Client,130 Tremont St,,,5/5/2020 15:42,,,,2567537349
,,North Windham,,Knight's Heating & Oil Service,"William Knight, III",,,,,,,,7/31/2021 21:44,,,,,,,,6256,CT,Non Client,P.O. Box 143,,,,,,,2567382922
,,Willimantic,,Knight's Oil & Heating Service,"William O. Knight, III",,,,,,,,8/3/2021 6:03,,,,,,,860-455-9655,6226,CT,Non Client,1248 Main St,,,,,,,2567536349
,,FREEDOM,,Knowlton's Inc,Mike Knowlton,,,,,,,,8/1/2021 4:45,,,,,,,,04941-0087,ME,Non Client,PO BOX 87,,,,,,,2567408074
,,OCEANSIDE,,Koehler Oil Corp,John Koehler,,,,,,,,8/2/2021 3:22,,,,,,,,11572-4803,NY,Non Client,3532 HAMPTON RD,,,,,,,2567525472
,,Wakefield,,"Koolco, Inc.",Greg  Sweet,,,,,,,,7/31/2021 2:18,,,,,,,401-783-1500,2879,RI,Non Client,476 Main St,,,,,,,2567532471
,,Williamstown,,Koppy's Propane Inc,David Koppenhaver,,,,,,,,4/28/2022 14:34,,,,1,,,717-647-7111,17098,PA,Non Client,P.O. Box 36,8635 U.S. 209,,,,President,,2567547549
,,Williamstown,,Koppy's Propane Inc.,Kara Tucker,,,,,,,,8/3/2021 18:56,,,,,,,,17098-0036,PA,Non Client,PO Box 36,,,,,,,2567554371
,,Williamstown,,Koppy's Propane Inc.,Kevin Kost,,,,,,,,8/5/2021 2:06,,,,,,,,17098-0036,PA,Non Client,PO Box 36,,,,,,,2567545446
,,Williamstown,,Koppy's Propane Inc.,Kristen Snyder,,,,,,,,7/31/2021 2:34,,,,,,,,17098-0036,PA,Non Client,8635 ROUTE 209,,,,,,,2567113149
,,Catskill,,Kosco,c/o Amos Post Co.,,,,,,,,8/1/2021 20:40,,,,,,,518-731-6629,12414,NY,Non Client,PO BOX 351,,,,,,,2567487115
,,Newville,,Kough's Oil Service,Duane Kough,,,,,,,,8/3/2021 1:50,,,,,,,717-776-5685,17241,PA,Non Client,PO Box 116,,,,,,,2567525458
,,Nesquehoning,,Kovatch Corp.,"John Kovatch, Jr.",,,,,,,,7/31/2021 18:44,,,,,,,800-235-3928,18240,PA,Non Client,One Industrial Complex,,,,,,,2567335944
,,Woburn,,Kraft Power Corporation,Dan Schermerhorn,,,,,,,,8/1/2021 12:01,,,,,,,(800) 969-6121,1888,MA,Non Client,P.O. Box 2189,,,,,,,2567407853
,,Sunbury,,"Kratzer Oil Co., Inc.",Gary G. Kratzer,,,,,,,,8/1/2021 10:21,,,,,,,570-286-6731,17801,PA,Non Client,P.O. Box 9,,,,,,,2567402409
,,Jonestown,,Kreiser Fuel Service,Ernie Spitler,,,,,,,,8/3/2021 7:35,,,,,,,717-865-2105,17038,PA,Non Client,122 Race Horse Drive,122 Racehorse Drive,,,,,,2567554384
,,Jonestown,,"Kreiser Fuel Service, Inc.",Tony Kreiser,,,,,,,,8/2/2021 3:41,,,,,,,717-865-2105,17038,PA,Non Client,R.D. 3,Box 7065,,,,,,2567537488
,,NARBERTH,,Krouse Fuel Company,Bernard Krouse,,,,,,,,8/3/2021 10:31,,,,,,,,19072-1114,PA,Non Client,1345 JUNE LN,,,,,,,2567532462
,,AKRON,,Kruger Brothers Petroleum,David Kruger,,,,,,,,7/30/2021 14:49,,,,,,,,14001-1066,NY,Non Client,19 MORGAN ST,,,,,,,2567547448
,,New Oxford,,"Kuhn Brothers Oil Serv., Inc.",Roland L. Clousher,,,,,,,,7/31/2021 16:25,,,,,,,717-624-2133,17350,PA,Non Client,6115 York Road,,,,,,,2567113144
,,Lancaster,,Kunzler & Company,Michael Lingenfelter,,,,,,,,8/1/2021 2:17,,,,,,,800-233-0203,17604,PA,Non Client,652 Manor Street,,,,,,,2567447941
,,Cheshire,,Kurtz Farms,Jen,,,,,,,,8/4/2021 21:28,,,,,,,,6410,CT,Non Client,1604 Peck Lane,,,,,,,2567382921
,,Marathon,,"Kurtz Truck Equipment, Inc.",roger Smith,,,,,,,,3/15/2024 15:11,,,,,,,(800) 848-3468,13803-2806,NY,Non Client; Not Prospect,1085 McGraw Marathon Rd,,,,,,,2567545474
,,Port Washington,,Kurz Oil Co.,Artie Dunn,,,,4/3/2020 15:46,,,,8/4/2021 21:07,,,,,,,516-767-2646,11050,NY,Former Hedge Client,38 Sintsink Drive East,,,,,,,2567552776
,,PITMAN,,L & G Heating & Air Conditioning,George Smith,,,,,,,,8/1/2021 18:31,,,,,,,,08071-1832,NJ,Non Client,625 HOWARD AVE,,,,,,,2567407900
,,Adamstown,,L & G Mechanical,Samuel Lesher,,,,,,,,8/1/2021 12:29,,,,,,,717-484-0345,19501,PA,Non Client,P.O. Box 921,,,,,,,2567543885
,,Saugus,,L & R Oil,Robert Stanton,,,,,,,,8/3/2021 1:47,,,,,,,617-324-1443,1906,MA,Non Client,62 School Street,,,,,,,2567113076
,,Braintree,,L & T Oil Co.,Peter Palingo,,,,4/3/2020 15:47,,,,8/4/2021 2:18,,,,,,,781-848-3003,2184,MA,Non Client,PO Box 850735,,,,,,,2567532524
,,Marlborough,,L R Messier Plumbing & Heating,Leopold Messier,,,,,,,,8/2/2021 22:18,,,,,,,508-485-1192,01752-4513,MA,Non Client,67 Winter Street,,,,,,,2567532341
,,Caribou,,L. B. Carter/Irving Heating Inc.,Laurie Miller,,Prospect,,6/9/2020 13:25,,,,4/1/2022 13:31,,,,,,,207-498-6161,4736,ME,Non Client; Not Prospect,552 Main Street,,,4/24/2020 15:10,,,,2567534637
,,Lebanon,,"L. B. Marks Pertolelum &Products, Inc.",Gary Marks,,,,,,,,8/4/2021 7:40,,,,,,,717-865-4169,17043,PA,Non Client,1720 Grace Avenue,,,,,,,2567525162
,,North Grosvenordale,,"L. Blain, Inc.",Robert L. Blain,,,,6/9/2020 13:26,,,,7/31/2021 9:17,,,,,,,860-923-9528,6255,CT,Non Client,PO BOX 219,,,4/24/2020 10:57,,,,2567534545
,,Philipsburg,,L. H. Powers-Fuels,Nicholas R. Hurtack,,,,,,,,8/4/2021 5:26,,,,,,,814-342-2244,16866,PA,Non Client,"R.R. 4, Box 230",,,,,,,2567447839
,,Sabattus,,L. H. Stewart,Lindon Stewart,,Prospect,,6/9/2020 13:27,,,,5/23/2022 9:36,,,,,,,207-933-2020,4280,ME,Non Client,P.O. Box 600,,,4/24/2020 15:10,,,,2567534648
,,Riverhead,http://icefuelli.com/,L. I. Ice & Fuel Corp.,Christopher Conklin,"Ice and Fuel Solutions in NY | Long Island Ice & Fuel At Long Island Ice & Fuel, we are committed to providing top of the line ice and fuel solutions for communities and business owners across Long Island and the five boroughs. Contact us today! Whethe...",,Food & Beverages,,,,,2/18/2024 16:35,,,,,,,631-727-3010,11901,NY,Non Client,656 W. Main Street,,,4/20/2020 12:35,America/New_York,,,2567448082
,,Slickville,,L. J. Novak Oil Company,Alfred J. Novak,,,,,,,,8/4/2021 7:54,,,,,,,724-468-5180,15684,PA,Non Client,P.O. Box 100,,,,,,,2567543896
,,Wayne,,"L. K. Burket & Bro., Inc.",David Burket,,,,5/20/2020 13:41,,,,8/2/2021 5:34,,,,,,,610-688-6500,19087,PA,Non Client,P.O. Box 248,,,4/30/2020 15:41,,,,2567452953
,,CHAMBERSBURG,,L. K. McKenzie And Sons,Marvin McKenzie,,,,,,,,8/2/2021 9:32,,,,,,,,17201-0567,PA,Non Client,PO BOX 567,,,,,,,2567113199
,,Norway,,L. M. Longley & Son,John Longley,,Prospect,,5/4/2020 12:36,,,,7/31/2021 3:25,,,,,,,207-743-8924,4268,ME,Non Client,419 Main Street,P.O. Box 2045,,4/24/2020 15:10,,,,2567534666
,,Skowhegan,,L. N. Savage & Sons,Larry Savage,,Out of Business,,,,,,8/4/2021 21:51,,,,,,,207-474-3412,4976,ME,Non Client,191 Madison Ave,,,4/24/2020 15:10,,,,2567532529
,,Somerset,,"L. P. Miller,  Inc.",Alan L. Miller,,,,,,,,8/2/2021 19:27,,,,,,,814-445-6569,15501,PA,Non Client,P.O. Box 714,,,,,President,,2567487435
,,DENVILLE,,"L. S. Young And Sons, Inc.",Lawyer Young Jr.,,,,,,,,8/2/2021 21:11,,,,,,,,07834-0004,NJ,Non Client,PO BOX 4,,,,,,,2567447690
,,BLOOMSBURG,,L. V. Hemmen Oil Company,Lance Hemmen,,,,,,,,8/4/2021 21:06,,,,,,,,17815-8614,PA,Non Client,6205 MAIN ST,,,,,,,2567487271
,,"Springfield,",,L.E. Belcher,Ed Hough Jr.,,,,,,,,8/1/2021 6:47,,,,,,,413-736-8324,1109,MA,Non Client,615 St. James Ave,,,,,,,2567525134
,,West Orange,,L.E. Jones Fuel & Ice Company,Lester Jones,,,,,,,,8/1/2021 0:21,,,,,,,(973) 243-9222,7052,NJ,Non Client,25 Rollinson Road,,,,,,,2567402150
,,Fairfield,,L.P. Topar Oil Co.,Kenneth Topar,,,,4/3/2020 15:48,,,,8/1/2021 5:16,,,,,,,203-259-0949,6430,CT,Former Hedge Client; Not Prospect,222 Kings Hwy Cutoff,,,,,,,2567536553
,,Windsor,,La Fleur's Oil Heat Specialist,Dan Owens,,,,,,,,8/4/2021 20:29,,,,,,,860-683-4250,6095,CT,Non Client,162 Broad St,,,,,,,2567525079
,,Johnstown,,"LA Oil, LLC","Bernard W. Lockard, Jr.",,,,,,,,8/1/2021 7:55,,,,,,,800-428-4718,15904,PA,Non Client,P.O. Box 5478,,,,,,,2567335992
,,North Adams,,La Valley Oil Co.,Paul Odina,,,,,,,,7/30/2021 21:57,,,,,,,413-663-7506,1247,MA,Non Client,116 Eagle Street,,,,,,,2567335846
,,Holyoke,,Lacasse Heating & Cooling Supply,Morris Lacasse,,,,,,,,7/31/2021 16:57,,,,,,,413-538-8000,1040,MA,Non Client,555 S Canal St,,,,,,,2567534726
,,Valley Stream,,Laco Services Inc.,John Sorensen,,,,4/20/2020 14:07,,,,8/1/2021 9:33,,,,0,2567534869,,516-825-1770,11580-5996,NY,Non Client,170 E. Lincoln Avenue,,,,,,,2567113128
,,Honesdale,,Lakewood Oil Company Inc,Sally Weiss,,,,,,,,8/1/2021 8:01,,,,,,,570-253-1200,18431,PA,Non Client,P.O. Box 507,,,,,,,2567336230
,,Standish,https://lampronenergy.com/,Lampron Energy,Joh Sandahl,Lampron Energy is a company that delivers high quality heating fuels to homes and businesses in Maine. They have been in the industry for over 20 years and offer competitive pricing to their customers.,Prospect,Oil & Energy,6/9/2020 13:32,,,,2/22/2024 13:14,,,,0,2567408066,,207-839-6054,4084,ME,Non Client,P.O. Box 1360,,,4/24/2020 15:10,America/New_York,,,2567355494
,,HILLTOWN,,"Landis Fuel Oil Inc,",Robert Landis,,,,,,,,8/3/2021 2:03,,,,,,,,18927-0151,PA,Non Client,PO BOX 151,,,,,,,2567487269
,,PATERSON,,LaNeve Oil Company,Joseph LaNeve,,,,,,,,8/2/2021 19:38,,,,,,,973-278-8375,07501-2643,NJ,Non Client,110 GRAND ST,,,4/27/2020 13:36,,,,2567453076
,,Newmarket,,Lang's Oil Service,Gilbert Lang Sr.,,Prospect,,6/9/2020 13:44,,,,8/1/2021 9:06,,,,,,,(603) 659-2256,03857-2122,NH,Non Client,21 Lang's Lane,,,4/29/2020 11:28,,,,2567487359
,,WOODBRIDGE,http://lapentaoil.com/,LaPenta Oil Company,Dominick LaPenta,,,Computer Software,,,,,2/10/2024 11:10,,,,,,,732-634-0888,07095-1837,NJ,Non Client,255 GROVE ST,,,4/27/2020 13:36,America/New_York,,,2567355960
,,Carbondale,,"Lapera Oil Co., Inc.",Frank Lapera,,,,,,,,7/31/2021 9:51,,,,,,,570-282-4310,18407,PA,Non Client,41 River Street,,,,,,,2567113151
,,New Lebanon,,Larabee Fuel Co.,Malcolm Larabee,,,,,,,,8/1/2021 0:45,,,,,,,518-794-7111,12125,NY,Non Client,PO BOX 255,486 State Route 20,,,,,,2567336332
,,Middleburgh,,"Laraway's, Inc.",Donald Laraway,,,,,,,,7/31/2021 9:59,,,,,,,518-827-5873,12122,NY,Non Client,PO BOX 527,169 Main Street,,,,,,2567113116
,,Neptune City,,Larrison Coal & Fuel Oil,Judith A. Larrison,,,,6/9/2020 13:48,,,,8/1/2021 21:07,,,,,,,732-774-5352,07753-0847,NJ,Non Client,PO BOX 847,91 Highway 35 & 3rd Ave,,4/27/2020 13:36,,,,2567452735
,,Melrose,,Larry's Oil,Paul LeBlanc,,,,,,,,8/1/2021 12:54,,,,,,,,2176,MA,Non Client,P.O. Box 878,,,,,,,2567452800
,,Wilmington,http://www.keohanfuels.com/,"Larry's Oil & Burner Service, Inc.",Lawrence Cushing,KEOHAN FUELS & TRANSPORTATION is a full-service fuel oil company that has been proudly serving communities for over 65 years. We specialize in delivering high-quality home heating oil and offer budget plans to help you heat your home affordably. Our te...,,Oil & Energy,2/19/2020 15:52,,,,2/19/2024 13:38,,,,0,2567487246,,978-658-7429,1887,MA,Non Client,880 Main Street,,,,America/New_York,,,2567113072
,,Middletown,,Larson's Heating & Cooling Inc.,Carl Larson,,,,,,,,7/31/2021 14:28,,,,,,,914-343-3030,10940,NY,Non Client,Route211 W,,,,,,,2567547528
,,DUNMORE,,"Lasalle Oil Company, Inc.",Frank Laboranti,,,,,,,,8/4/2021 9:42,,,,,,,,18510-1248,PA,Non Client,809 3RD ST,,,,,,,2567452912
,,Jersey City,,Lasser Fuel Service,Walter Terrciano,,,,,,,,8/2/2021 3:11,,,,,,,,7305,NJ,Non Client,30 Pollock Avenue,,,,,,,2567408050
,,Portsmouth,,Lauder's Oil,Rick Lauder,,,,,,,,7/30/2021 16:50,,,,,,,401-683-6889,,RI,Non Client,1698 East Main RD,,,,,,,2567487459
,,Dunbar,,Laurel Gas & Oil,Bill Sparrow,,,,11/16/2023 9:30,,,,11/16/2023 12:28,,,,,,,724-628-4710,15431,PA,Non Client,1094 University Dr.,,,,,,,2567543631
,,Meriden,,Laurenza Heating Oil Co,Angelo Laurenza,,,,,,,,8/4/2021 5:20,,,,,,,203-346-5660,06450-8847,CT,Non Client,P.O. Box 1747,,,,,,,2567547363
,,Suncook,,Lavallee Oil Inc.,Steve Fowler,,,,,,,,7/31/2021 19:01,,,,,,,(603) 485-3121,3275,NH,Non Client,49 Glass St.,,,,,,,2567408042
,,Mohawk,,Lawrence Paul Fuels,Dave Paul,,,,,,,,7/31/2021 21:30,,,,,,,315-866-1390,13407,NY,Non Client,2 E. Main Street,,,,,,,2567402273
,,Lawrence,,Lawrence Tank Inc.,Richard Lippold,,,,2/14/2020 13:10,,,,8/4/2021 6:31,,,,,,,800-823-6459,1841,MA,Non Client,26 Wendell Street,,,2/14/2020 13:10,,,,2567452825
,,LAWRENCEVILLE,,Lawrenceville Fuel Company,Gary Hulfish,,,,,,,,5/10/2022 14:05,,,,,,,609-896-0141,08648-0097,NJ,Non Client,PO BOX 6097,16 Gordon Ave,,4/27/2020 13:36,,President,,2567537655
,,Bridgewater,,LCW Heating Co.,Lee Wilber,,,,,,,,8/2/2021 5:15,,,,,,,,02324-2010,MA,Non Client,614 East St.,,,,,,,2567113075
,,Fort Covington,,Le Roux Oil Co.,Philip Le Roux,,,,,,,,8/2/2021 19:29,,,,,,,518-358-2992,12937,NY,Non Client,2546 Chateaugay Street,,,,,,,2567402138
,,Isleboro,,Leach's Oil & Garage,Herbert Benner,,,,,,,,8/1/2021 23:00,,,,,,,207-734-8842,4848,ME,Non Client,PO BOX 111,,,,,,,2567402401
,,Brunswick,,Leaders LLC,Matthew Caras,,,,,,,,8/3/2021 6:08,,,,,,,(888) 583-7770,4011,ME,Non Client,14 Maine St. Box 18 Suite 216 G,,,,,,,2567401957
,,Lynbrook,,"Ledwith Oil Co., Inc.",Eugene Ledwith,,,,,,,,7/31/2021 10:36,,,,,,,516-593-6088,11563-2789,NY,Non Client,16 Rocklyn Ave.,,,,,,,2567402131
,,Flushing,,Lefferts Oil Terminal,Vinny Bove,,,,,,,,8/1/2021 9:52,,,,,,,718-886-4500,11354-2528,NY,Non Client,31-70 College Point Blvd.,,,,,,,2567537413
,,Averill Park,,Legenbauer Gas & Oil,James Legenbauer,,,,,,,,8/1/2021 11:51,,,,,,,518-283-6666,12018,NY,Non Client,Main Street,P. O. Box 66,,,,,,2567554357
,,ALLENTOWN,,Lehigh Valley Oil & Propane,Matthew McGuigan,,,,,,,,8/1/2021 14:06,,,,,,,,18103-9517,PA,Non Client,1860 STEELSTONE RD,,,,,,,2567487454
,,LEHIGHTON,,Lehighton Oil And Heat,Peter Blynn,,,,,,,,8/1/2021 22:28,,,,,,,,18235-0089,PA,Non Client,PO BOX 89,,,,,,,2567525201
,,ALPHA,,Leigh Fuel Corporation,Thomas Barton III,,,,,,,,7/31/2021 23:43,,,,,,,,8865,NJ,Non Client,7th & New Brunswick Avenues,,,,,,,2567543934
,,Newburyport,,Leightons Heating & Cooling Inc.,Peter Leighton,,,,,,,,8/1/2021 18:51,,,,,,,(978) 462-5155,1950,MA,Non Client,25 Storey Avenue,,,,,,,2567401918
,,Sugar Notch,,Lenahan Oil Co.,"Edward J. Lenahan, Jr.",,,,,,,,8/2/2021 1:07,,,,,,,570-824-5843,18706,PA,Non Client,R 837 Main Street,,,,,,,2567538632
,,LEOMINSTER,,Leominster Plb & Htg Co Inc,Bernard Landry,,,,,,,,8/1/2021 23:08,,,,,,,,01453-5636,MA,Non Client,70 PLEASANT ST,,,,,,,2567447845
,,KEYPORT,,Leonard's Service Inc.,Floyd Leonard,,,,,,,,8/3/2021 5:00,,,,,,,,07735-1613,NJ,Non Client,213 BROAD ST,,,,,,,2567552897
,,Baltimore,,Leo's HVAC Services,Leo Rouse,,,,,,,,3/15/2024 15:02,,,,,,,410-744-0388,21228,MD,Non Client; Not Prospect,16 Maple Drive,,,,,,,2567525478
,,VINELAND,,Lerco Fuel Company,Carl Kirstein,,,,6/9/2020 14:00,,,,7/31/2021 12:24,,,,,,,856-696-8888,08360-5621,NJ,Non Client,520 E CHESTNUT AVE,P.O. Box 2085,,4/27/2020 13:36,,,,2567532422
,,Fort Covington,,Leroux Oil Co.,Matthew Leroux,,,,,,,,7/31/2021 18:12,,,,,,,(518) 358-2992,12937,NY,Non Client,2546 Chateaugay St.,,,,,,,2567401969
,,Lancaster,,Leroy M. Shank,Leroy Shank,,,,,,,,8/1/2021 18:48,,,,,,,717-394-8014,17602,PA,Non Client,2196 Old Philadelphia PIke,,,,,,,2567447837
,,Wind Gap,,Lessig Oil & Propane,Dave Lessig,,,,4/6/2020 10:36,,,,8/4/2021 20:44,,,,0,2567554312,,610-863-3835,18091,PA,Former Hedge Client,P.O. Box 158,,,,,,,2567355685
,,Kirkwood,,"Lester M. Prange, Inc.",Park P. Prange,,,,,,,,7/31/2021 9:48,,,,,,,717-529-2191,17536,PA,Non Client,P.O. Box 126,,,,,,,2567537720
,,Mechanicsburg,,"Lester W. Erb, Inc. dba Buchanan & ERB","Joseph D. Law, II",,,,,,,,8/2/2021 22:48,,,,,,,717-766-0160,17055-4722,PA,Non Client,903 S. Market Street,,,,,,,2567113204
,,Allison Park,,"Letterle & Associates, LLC",Louis Letterle,,,,,,,,8/2/2021 3:13,,,,,,,412-486-0600,15101,PA,Non Client,4084 Mt. Royal Boulevaard,,,,,,,2567336041
,,VINELAND,,Levari Oil Company Inc,Gloria Levari,,,,6/9/2020 14:02,,,,8/3/2021 21:27,,,,,,,856-691-7787,8360,NJ,Non Client,350 Union Road,,,4/27/2020 13:36,,President,,2567408064
,,Camp Hill,,"Lewis B. Buchanan, Inc.",Michael D. Buchanan,,,,,,,,7/31/2021 11:13,,,,,,,717-737-5011,17011,PA,Non Client,2511 Gettysburg Road,,,,,,,2567402167
,,BROOKLYN,,Lewis Fuel Company,Emil Caucig,,,,,,,,8/4/2021 7:16,,,,,,,,11235-2603,NY,Non Client,2315 VOORHIES AVE,,,,,,,2567402372
,,East Northport,,Lewisy Fuel Oil,Richard A. Lewisy,,,,,,,,8/1/2021 11:14,,,,,,,631-368-0769,11731-4203,NY,Non Client,549 Larkfield Road,,,,,,,2567554432
,,WEST FARMINGTON,,L'Heureux Cash Fuel,Laurent L'Heureux,,Prospect,,6/9/2020 14:04,,,,8/1/2021 16:16,,,,,,,207-778-6353,04992-0521,ME,Non Client,PO BOX 521,Oakes Street,,4/24/2020 15:10,,,,2567408015
,,PHILADELPHIA,,"Liberty Fuel Oil Company, Inc.",Ronald Musser Jr.,,,,,,,,8/1/2021 8:00,,,,,,,,19136-2220,PA,Non Client,8085 ROWLAND AVE,,,,,,,2567554376
,,Camden,,Liberty Fuels LLC,Ben Essex,,,,,,,,7/31/2021 17:20,,,,,,,315-245-4035,,NY,Non Client,,,,,,President,,2567547574
,,GRAY,,"Liberty Oil and Sevice, Inc.",Andrew Ash,,Prospect,,6/9/2020 15:29,,,,8/1/2021 23:08,,,,,,,207-657-3317,04039-0255,ME,Non Client,PO BOX 255,40 Lewiston Rd,,4/24/2020 15:10,,,,2567452855
,,East Hartford,,Liberty Oil Equipment,Gregory Ouellette,,,,,,,,8/2/2021 1:46,,,,,,,(860) 289-8246,6108,CT,Non Client,82 Cherry Street,,,,,,,2567487209
,,Hartford,,Liberty Petroleum Distributors,Andy Aulakh,,,,,,,,8/2/2021 0:26,,,,,,,(570) 465-4590,18823-0239,PA,Non Client,P.O. Box 239,,,,,,,2567543829
,,Ottsville,,Liberty Propane,Kevin Meadows,,,,,,,,8/4/2021 5:00,,,,,,,,18942-0187,PA,Non Client,PO Box 187,,,,,,,2567537707
,,Claremont,,Limoges Oil Inc,Don & Dick Limoges,,,,,,,,8/3/2021 0:13,,,,,,,603-542-5175,3743,NH,Non Client,286 Main St,P O Box 822,,,,,,2567525036
,,Bowmansville,,"Lin Good & Son, Inc.",Linford C. Good,,,,,,,,8/3/2021 3:47,,,,,,,717-445-5401,17507,PA,Non Client,P.O. Box 496,,,,,,,2567448134
,,West Warwick,,Lincoln Energy Corp,Tom Vessella,,,,,,,,7/30/2021 14:59,,,,,,,401-828-5547,2893,RI,Non Client,195 James P Murphy Ind Rd,,,,,,,2567525256
,,Leicester,,Lincoln Laboratory,David Lodding,,,,,,,,7/31/2021 17:53,,,,,,,508-892-4717,01524-0381,MA,Non Client,P.O.Box 381,,,,,,,2567402316
,,KENSINGTON,,Lincoln Oil Company,Ted Leaf,,,,6/9/2020 15:30,,,,7/31/2021 7:03,,,,,,,860-828-0333,06037-7318,CT,Non Client,PO BOX 7318,,,4/24/2020 10:57,,,,2567487190
,,New Milford,,"Lindstedt Oil Co., Inc",Rene Toussaint,,Prospect,,6/9/2020 15:32,,,,8/1/2021 23:33,,,,,,,860-354-5544,6776,CT,Non Client,7 Youngfield Road,P. O. Box 450,,4/24/2020 10:57,,,,2567532169
,,Dighton,https://linspropanetrucks.com/,Lin's Propane Trucks Corp.,Scott Swensen,Lin's Propane Trucks is a company that specializes in building and manufacturing high-quality propane trucks. They are known for their expertise in designing and crafting custom propane trucks that meet the specific needs of their customers. With over ...,,Automotive,6/24/2020 11:18,,,,2/17/2024 3:33,,,,,,,(800) 252-5467,02715-1009,MA,Non Client; Not Prospect,2281 Cedar St,,,,America/New_York,,,2567543917
,,Newington,,Lipman Oil Inc,Robert Lipman,,,,,,,,8/2/2021 6:13,,,,,,,860-522-0000,6111,CT,Non Client,110 Holmes Rd,,,,,,,2567113280
,,Elizabethville,,Lisi Oil Company,Randall L. Lisi,,,,,,,,8/4/2021 23:51,,,,,,,717-362-8374,17023-8671,PA,Non Client,137 E. Broad Street,,,,,,,2567554443
,,Zelienople,,Little's Lawn Care,Mike Little,,,,,,,,8/2/2021 18:42,,,,,,,,16063,PA,Non Client,119 Darlington Rd.,,,,,,,2567355652
,,Sloansville,,Livingston Fuels,Mike Livingston,,,,,,,,8/3/2021 15:51,,,,,,,(518) 868-4800,12160,NY,Non Client,3599 Highway Rt. 20,,,,,,,2567545454
,,Stroudsburg,,"Lloyd J. Nolan, Inc.",Lloyd J. Nolan,,,,,,,,8/1/2021 14:56,,,,,,,570-421-5015,18360,PA,Non Client,P.O. Box 421,,,,,,,2567336307
,,INDIANA,,Lockard Company,Susan Jeffries,,,,,,,,8/5/2021 4:36,,,,,,,,15701-0128,PA,Non Client,PO BOX 128,,,,,,,2567536559
,,Gardiner,,Log Cabin Fuel Co.,Dennis Greenleaf,,Prospect,,,,,,5/16/2022 16:56,,,,,,,207-582-7447,4345,ME,Non Client,2 Mechanic St,,,4/24/2020 15:10,,,,2567407887
,,Bethlehem,,Loids Heating & A/C,Loids Jekes,,,,,,,,7/31/2021 3:01,,,,,,,,18017,PA,Non Client,3826 Judith Street,,,,,,,2567554452
,,Coplay,,Loikits Oil & Heating Co.,Danielle Loikits,,,,,,,,7/31/2021 7:54,,,,,,,610-262-0859,18037,PA,Non Client,3241 levans Rd,,,,,,,2567448150
,,Pittston Twp.,,Lokuta's Fuel Service,Joseph Lokuta,,,,,,,,8/5/2021 1:55,,,,,,,(570) 654-6298,18640,PA,Non Client,808 Suscon Road,,,,,Owner,,2567545510
