About Us,CAP/ Budget ,City,Company Domain Name,Company name,Contact,Description,ID/Status,Industry,Last Activity Date,Last Contacted,Last Engagement Date,Last Logged Call Date,Last Modified Date,Lead Status,Merged Company IDs,NOTE WORTHY,Number of child companies,Parent Company,Phone Ext-,Phone Number,Postal Code,State/Region,Status (Relationship),Street Address,Street Address 2,Target Account,Time First Seen,Time Zone,Title,Twitter Handle,Organization Id
,,Highland,,G & S Fuel Service Inc.,Stephen Dilorenzo,,,,,,,,7/31/2021 15:56,,,,,,,845-691-8951,12528,NY,Non Client,P.O. Box 766,,,,,,,2567543904
,,East Hampton,,G & S Service Inc,Leroy Goff,,,,,,,,7/30/2021 15:58,,,,,,,860-267-4284,6424,CT,Non Client,100 Main St.,,,,,,,2567545320
,,Savanah,,"G. A. Hall, Inc.",Gary Hall,,,,,,,,8/4/2021 23:16,,,,,,,315-365-3946,13146,NY,Non Client,2224 Bixby Wood Rd.,,,,,,,2567355969
,,Oley,,G. Bass Co.,Gary Bass,,,,,,,,7/31/2021 7:54,,,,,,,610-987-9050,19547,PA,Non Client,P.O. Box 273,,,,,,,2567532454
,,Meriden,https://www.giacco-oil.com/,G. J. Giacco Oil Inc,Doug Giacco,,,,6/5/2020 15:29,,,,2/1/2024 19:47,,,,,,,203-235-0840,6450,CT,Non Client,10 Cooper St,,,4/24/2020 10:57,America/New_York,,,2567356058
,,Shickshinny,,"G. R. Sorber & Sons, Inc.",Richard G. Sorber,,,,,,,,8/1/2021 12:40,,,,,,,570-542-7755,18655,PA,Non Client,"R.R. 4, Box 5A",,,,,,,2567402516
,,Lancaster,,G. W. Davis Oil Co.,"George W. Davis, IV",,,,,,,,8/3/2021 1:07,,,,,,,717-392-4146,17601,PA,Non Client,1360 Manheim Pike,,,4/30/2020 15:41,,,,2567545305
,,Brewer,,G. W. Flagg,Skip Flagg,,,,,,,,8/2/2021 6:24,,,,,,,207-989-1705,04412-3101,ME,Non Client,P.O. Box 3101,,,,,,,2567401941
,,MOUNT HOLLY,https://lippincottsupply.net/,G. W. Lippincott Inc,Joseph Jones,"One of the largest EP Henry dealers in the Delaware Valley. Pavers and Walls and a full line of accessories in stock. Masonry & concrete Supplies: Brick, Block, Cement Products, Tools & Tool Rentals. Natural Stone for Building and Landscapi...",,Retail,6/5/2020 15:30,,,,4/17/2022 16:54,,,,,,,609-267-1803,08060-0487,NJ,Non Client,63 Washington St.,,,4/27/2020 13:36,America/New_York,President,,2567401952
,,TROY,,"G. W. Seeley Petroleum, Inc.",Gordon Seeley,,,,,,,,8/3/2021 20:04,,,,,,,,16947-0248,PA,Non Client,PO BOX 248,,,,,,,2567554380
,,Queensbury,,"G.F Refrigeration & Heating Works, LLC",Marvin Dobert,,,,,,,,7/31/2021 20:35,,,,,,,518-797-2220,12804,NY,Non Client,475 Corinth Road,,,,,,,2567545403
,,Belgrade,,Gagne Fuel Oil Corp.,Paul Nadeau,,Out of Business,,,,,,8/4/2021 2:01,,,,,,,207-495-3313,4917,ME,Non Client,"RR 1 Box 85, Route 27",,,4/24/2020 15:10,,,,2567487092
,,Raymond,,Gagnon Oil,Jill Gagnon,,Prospect,,,,,,5/26/2022 19:13,,,,,,,207-655-5006,4071,ME,Non Client,PO BOX 58,1250 Roosevelt Trail,,4/24/2020 15:10,,,,2567453096
,,Ringtown,,Gallagher Oil Co.,Bob Bergman,,,,,,,,8/5/2021 1:27,,,,,,,570-889-3501,17967,PA,Non Client,751 W. Main Street,,,,,,,2567408142
,,Ringtown,,Gallagher Oil Company,Joseph F. Gallagher,,,,,,,,8/3/2021 3:32,,,,,,,570-889-3501,17967,PA,Non Client,P.O. Box 244,,,,,,,2567402196
,,CLAYTON,,Gallucci Fuels Inc,Peter Gallucci,,,,,,,,7/31/2021 15:10,,,,,,,,08312-1826,NJ,Non Client,192 MORTON AVE,,,,,,,2567355933
,,Bayonne,,Gamarello Fuel Company,Joel Shulman,,,,,,,,7/31/2021 4:11,,,,0,2567525412,,(201) 339-1184,07002-0494,NJ,Non Client,PO Box 494,256 Kennedy Blvd,,4/27/2020 13:36,,,,2567407929
,,New Haven,,Gargiulo Brothers Oil Inc,Henry Gargiulo,,,,,,,,7/31/2021 8:14,,,,,,,203-865-0072,6519,CT,Non Client,575 Columbus Ave,,,,,,,2567447775
,,HUNTINGTON,,Garrison Fuel,Gary Garrison,,,,,,,,7/31/2021 19:15,,,,,,,,11743-6037,NY,Non Client,864 W JERICHO TPKE,,,,,,,2567452778
,,North Haverhill,,Gary's Fuels Inc.,Gary Downer,,,,,,,,8/4/2021 1:56,,,,,,,603-787-6118,3774,NH,Non Client,2838 Dartmouth Collge Hwy,,,,,,,2567543798
,,Falls Creek,,"Gary's, Inc.",Gary G. Walborn,,,,,,,,7/31/2021 20:11,,,,,,,814-371-4885,15840,PA,Non Client,"R.D. 1, Box 223",,,,,,,2567552833
,,Bristol,https://gaskienergy.com/,Gaski's Oil Service Inc.,Stanley Gaski,"Gaski Energy is a company that provides heating and cooling services, including emergency services, at competitive prices.",,Construction,6/5/2020 15:34,,,,2/14/2024 20:49,,,,,,,860-582-5666,6010,CT,Non Client,17 Brook Street,,,4/24/2020 10:57,America/New_York,,,2567355833
,,CROYDON,,Gas-Oil Products,John McGuigan,,,,,,,,8/1/2021 13:47,,,,,,,,19021-6974,PA,Non Client,3109 STATE RD,,,,,,,2567543690
,,Attleboro,,"Gasplus, Inc.",Bob Frye,,,,,,,,8/4/2021 18:30,,,,,,,508-222-1738,2703,MA,Non Client,80 Pleasant St.,,,,,Owner,,2567538548
,,Essex,,GE Betz,David Felix,,,,12/21/2020 14:48,,,,8/2/2021 21:58,,,,,,,800-259-7766,1929,MA,Non Client; Not Prospect,P.O. Box 974,,,,,,,2567543900
,,West Monroe,,"Gearsbeck Enterprises, Inc.",Harold Pratt,,,,,,,,8/3/2021 0:53,,,,,,,315-676-4431,13167-9707,NY,Non Client,634 State Route 49,,,,,,,2567525460
,,ELMONT,,Geidel Fuel Oil Corp,Bill Geidel,,,,,,,,8/4/2021 18:00,,,,,,,,11003-3921,NY,Non Client,11512 237TH ST,,,,,,,2567537695
,,LEWISTON,,Geiger Bros.,Peter Letourneau,,,,,,,,8/2/2021 1:33,,,,,,,,04241-1609,ME,Non Client,PO BOX 1609,,,,,,,2567335832
,,BRONX,,Gemini Fuel Corp,Carol Ann Bambino,,,,,,,,8/2/2021 22:23,,,,,,,,10465-1404,NY,Non Client,3178 BAISLEY AVE,,,,,,,2567545550
,,Kensington,,General Equities/Lincoln Oil,Ted Leaf,,,,,,,,8/3/2021 5:39,,,,,,,860-828-0333,6037,CT,Non Client,PO Box 7318,,,,,,,2567547286
,,Woodbury,,"General Fuel Supply, LLC",Carl Kappeler,,,,,,,,8/5/2021 1:30,,,,,,,(856) 845-1694,8096,NJ,Non Client,608 High St.,,,,,,,2567336239
,,Cranston,,General Oil Co,Elvira Petterotti,,,,,,,,8/2/2021 0:39,,,,,,,401-942-8800,2910,RI,Non Client,208 Gansett Ave,,,,,,,2567547353
,,Middletown,,Genga Oil,Keith E. Genga,,,,,,,,7/30/2021 23:47,,,,,,,401-849-6103,2842,RI,Non Client,PO BOX 4626,,,,,,,2567336003
,,TRENTON,,Gentry Fuel Oil Inc,Grady Gentry Sr.,,,,,,,,7/30/2021 15:30,,,,,,,,08618-3507,NJ,Non Client,153 OAKLAND ST,,,,,,,2567402031
,,Whitehall,,George A. Kohler & Brother,Randall J. Kohler,,,,,,,,8/3/2021 3:01,,,,,,,,18052,PA,Non Client,4136 So. Church St.,,,,,,,2567335947
,,Farmingdale,,"George A. Sahner, Inc.",Curt Sahner,,,,4/1/2020 15:18,,,,7/31/2021 5:26,,,,,,,516-223-0540,11735-4715,NY,Former Hedge Client,9 Murray St,,,,,,,2567336207
,,Lebanon,,George H. Blouch Fuel Service,"David Blouch, Sr.",,,,,,,,8/4/2021 6:50,,,,,,,717-273-7677,17042-6601,PA,Non Client,440 South 9th Street,,,,,,,2567525462
,,Brookville,,"George I. Reitz & Sons, Inc.",Richard J. McLaughlin,,,,,,,,8/4/2021 19:09,,,,,,,814-849-2308,15825,PA,Non Client,"R.D. 3, Box 98",,,,,,,2567487432
,,Philadelphia,,George J. Konowal,Robert Konowal,,,,,,,,8/4/2021 5:09,,,,,,,215-482-2495,19128,PA,Non Client,P.O. Box 5851,,,,,,,2567525441
,,UNION,,George Jaekel Incorporated,Catherine E. Denner,,,,,,,,7/30/2021 15:14,,,,,,,908-687-0900,07083-7928,NJ,Non Client,515 LEHIGH AVE,,,4/27/2020 13:36,,,,2567408358
,,PHILADELPHIA,,George Kempf Supply Company,Winfield Kempf,,,,,,,,8/5/2021 2:27,,,,,,,,19143-0269,PA,Non Client,PO BOX 19269,,,,,,,2567408186
,,Lebanon,,"George Strohm Jr., Inc.",Thomas R. Strohm,,,,,,,,8/3/2021 7:47,,,,,,,717-273-0843,17042,PA,Non Client,480 Vine Street,,,,,,,2567487181
,,ELLWOOD CITY,,George W Blank Supply Company,"G William Blank, Jr",,,,,,,,7/31/2021 10:29,,,,,,,,16117-0591,PA,Non Client,PO BOX 591,,,,,,,2567552808
,,Glenmont,,George W. Frueh Sons,James Freuh,,,,,,,,8/1/2021 10:44,,,,,,,518-436-1050,12077,NY,Non Client,P. O. Box 3,,,,,,,2567543912
,,Newburyport,,Germinara Oil,Robert A. Germinara,,,,,,,,8/1/2021 19:43,,,,,,,(978) 463-9059,1950,MA,Non Client,77 Parker St.,P.O. Box 1101,,,,,,2567554310
,,JESSUP,,Geroulo Coal & Oil,Thomas Geroulo,,,,,,,,8/4/2021 4:31,,,,,,,,18434-1212,PA,Non Client,124 PALMER DR,,,,,,,2567453008
,,Queensbury,,GF Heating Oil,Brian Nelson,,,,,,,,8/4/2021 1:27,,,,,,,(518) 792-2220,12804,NY,Non Client,475 Corinth Road,,,,,,,2567402122
,,Ghent,,Ghent Fuel & Heating Inc.,Lawrence Spickerman,,,,,,,,8/1/2021 9:25,,,,,,,518-392-3022,12075,NY,Non Client,Railroad Avenue,RD 1 Box 338,,,,,,2567525160
,,Meriden,,Giacco Oil Co,Doug Giacco,,,,,,,,8/3/2021 5:19,,,,,,,203-235-0840,6450,CT,Non Client,10 Cooper Street,,,,,,,2567355835
,,JERSEY CITY,,Giancola Fuel Company Inc.,John Giancola,,,,,,,,8/3/2021 4:40,,,,,,,,07305-1717,NJ,Non Client,296 SEAVIEW AVE,,,,,,,2567448070
,,MEDFORD,,Giberson's Oil Service,Ann Harriett,,,,,,,,7/31/2021 12:33,,,,,,,,08055-2430,NJ,Non Client,101 S MAIN ST,,,,,,,2567452732
,,Northville,https://business.fultonmontgomeryny.org/list/member/gifford-oil-company-l-l-c-1768,Gifford Oil Co.,Mike Gifford,We are a membership organization for businesses and civic-minded individuals in the Fulton and Montgomery County region of New York State.,,,4/20/2020 11:55,,,,5/10/2022 14:34,,,,,,,518-863-4111,12134,NY,Non Client,212 5th Street,P.O. Box 446,,4/20/2020 11:55,America/New_York,,,2567408325
,,HAVRE DE GRACE,,"Gilbert Enterprises, Inc.",Arthur Gilbert,,,,,,,,8/5/2021 4:39,,,,,,,,21078-2746,MD,Non Client,649 WATER ST,,,,,,,2567532342
,,Phillips,,"Gilchrist Oil Company, Inc.",Greg Gilchrist,,Prospect,,6/5/2020 15:38,,,,7/30/2021 15:37,,,,,,,207-639-2801,4966,ME,Non Client,PO Box 121,,,4/24/2020 15:10,,,,2567452854
,,Biddeford,,Gil's Oil Service,Gilles Fecteau,,Prospect,,5/6/2020 8:00,,,,8/3/2021 4:52,,,,,,,207-282-1974,4005,ME,Non Client,P. O. Box 396,18 Barra Road,,4/24/2020 15:10,,,,2567487104
,,Westerly,,Ginger's Service Station,Eugene Genecarelli,,,,,,,,8/2/2021 15:46,,,,,,,(401) 596-4221,2891,RI,Non Client,PO Box 1427,,,,,,,2567552891
,,Woburn,,Ginn Oil,Harry Cohen,,,,,,,,8/2/2021 0:57,,,,,,,617-933-6100,1801,MA,Non Client,57 Winn St.,,,,,,,2567543449
,,Madison,,Ginnetti Oil Co,William Ginnetti,,,,,,,,8/2/2021 3:33,,,,,,,203-421-5280,6443,CT,Non Client,715 Durham Rd,,,,,,,2567113277
,,East Haven,,Ginnetti Oil Co,William Ginnetti,,,,,,,,7/31/2021 11:34,,,,,,,203-469-7036,6512,CT,Non Client,58 Hemingway Ave.,,,,,,,2567536312
,,Tarentum,,Glassmere Fuel Service,Robert Teorsky,,,,,,,,7/31/2021 15:22,,,,,,1207,(800) 235-9054,15084,PA,Non Client,1967 Saxonburgh Blvd,PO Box 187,,,,,,2567408116
,,Loyalhanna,,Glassmere Fuel Service,Zachary Cromie,,,,,,,,8/4/2021 6:18,,,,,,,,15661-9701,PA,Non Client,138 Pandora Rd,,,,,,,2567554441
,,Carlisle,,"Gleim Bio-Fuels, Inc.",Dale L. Bentz,,,,,,,,8/4/2021 20:35,,,,,,,(717) 241-0444,17015-7200,PA,Non Client,625 Hamilton Street,,,,,,,2567402176
,,GLENDALE,,Glendale Oil Service Inc,William Andrews,,,,,,,,7/31/2021 21:40,,,,,,,401-568-5450,02826-0176,RI,Non Client,PO BOX 176,,,,,,,2567113212
,,CHELSEA,,Glen-Mor Fuel Oil Co.,Michael Sherr,,Prospect,,5/6/2020 12:20,,,,8/1/2021 20:24,,,,0,2567547482,,617-884-5050,2150,MA,Non Client,295 EASTERN AVE,,,5/5/2020 15:42,,,,2567543730
,,DARLINGTON,,Glenn E. Wagoner Oil Company,Glenn Wagoner,,,,,,,,7/31/2021 16:24,,,,,,,,16115-9802,PA,Non Client,RR 2 BOX 590,,,,,,,2567547461
,,Queensbury,,Glenns Falls Distributing Co.,Robert Madden,,,,,,,,8/1/2021 1:13,,,,,,,518-792-2179,12804,NY,Non Client,10 St. Andrews Drive,,,,,,,2567447882
,,Medford,,Glenwood Oil,Joe & Nancy Zero,,Prospect,,6/5/2020 16:11,,,,8/4/2021 1:30,,,,,,,781-395-8458,2155,MA,Non Client,9 Charlton Street,,,5/5/2020 15:42,,,,2567545355
,,GLASTONBURY,,Glenwood Oil Service,Louis Pinto,,,,,,,,8/1/2021 16:46,,,,,,,860-659-4827,06033-2568,CT,Non Client,160 HAWTHORNE MEAD DR,,,,,,,2567453020
,,Uniontown,,"Gnagey Gas & Oil Company, Inc.",James A. Gnagey,,,,,,,,7/31/2021 22:01,,,,,,,724-439-3524,15401,PA,Non Client,8 Gardner Street,,,,,,,2567452826
,,UNION,,Gold Fuel Service Inc.,Edward Juban,,,,,,,,8/4/2021 1:32,,,,,,,,07083-7926,NJ,Non Client,475 LEHIGH AVE,,,,,,,2567552795
,,North Haven,,Golden Oil Co,Tony Golia,,,,,,,,7/31/2021 7:11,,,,,,,203-234-2244,6473,CT,Non Client,12 Stanton Rd,,,,,,,2567487293
,,SASSAMANSVILLE,,Good Oil Company,Edward Shenk,,,,,,,,7/31/2021 2:55,,,,,,,,19472-0190,PA,Non Client,PO BOX 190,,,,,,,2567536551
,,Essex,,Goodrich Energy,William Goodrich,,,,,,,,8/4/2021 20:37,,,,,,,,06426-1352,CT,Non Client,31 Dennison Road,,,,,,,2567382915
,,Branford,,"Goodrich Energy, Inc.",William Goodrich,,,,,,,,8/1/2021 0:41,,,,,,,,06405-3325,CT,Non Client,55 Sawmill Rd.,,,,,,,2567525122
,,Mahopac,,Goodrow Fuel Oil Inc.,John Goodrow,,,,,,,,8/1/2021 21:13,,,,,,,845-628-3107,10541,NY,Non Client,862 Route 6,,,,,,,2567487352
,,Portsmouth,,Goodwin Oil Corp,Peter Garrity,,,,,,,,8/4/2021 0:13,,,,,,,603-436-1559,3801,NH,Non Client,225 Greenleaf Avenue,PO Box 5538,,,,,,2567448073
,,Holmdel,,Gordon Petroleum,Chuck Valanzola,,,,,,,,7/31/2021 14:00,,,,,,,(732) 946-6041,07733-2104,NJ,Non Client,950 Holmdel Road,,,,,,,2567113241
,,Gorham,,Gorham Common Inc.,Ron Meserve,,,,,,,,8/1/2021 21:58,,,,,,,207-854-9818,4038,ME,Non Client,8 Newell Street,,,,,,,2567408213
,,Gorham,,Gorham Oil Inc.,Harold Munce,,,,,,,,8/2/2021 0:40,,,,,,,603-466-2341,3581,NH,Non Client,443 Main Street,,,,,,,2567534791
,,Goshen,http://www.goshenoil.com/,"Goshen Oil Co., Inc.",Peter Grusauskis,,,,6/5/2020 16:13,,,,2/22/2024 10:22,,,,0,2567538497,,860-491-2373,6756,CT,Non Client,P.O. Box 215,RR 4,,4/24/2020 10:57,America/New_York,,,2567545328
,,,,Gosselin Construction,Mark Gosselin,,,,,,,,8/2/2021 3:28,,,,,,,603-627-5675,,NH,Non Client,,,,,,,,2567536465
,,Manchester,,Gosselin Heating Oils Inc.,Ron Gosselin,,,,,,,,8/5/2021 0:04,,,,,,,603-668-3047,3102,NH,Non Client,270 Amory St. #8,,,,,,,2567487120
,,Dighton,,"Goulart Oil, Inc.",Scott Silva,,,,,,,,8/2/2021 3:14,,,,,,5088226316,(508) 822-6316,2715,MA,Non Client,715 Main St,,,,,,,2567401925
,,EAST FALMOUTH,,Gould's Fuel Oils,Ellen Gould,,,,,,,,7/31/2021 23:39,,,,,,,508-945-9566,0256-0428,MA,Non Client,PO BOX 428,,,,,,,2567447763
,,RIO GRANDE,,Grace Oil Company,Edward Silver,,AREE 2013,,5/21/2020 11:36,,,,7/30/2021 17:33,,,,0,2567547596,,609-465-5545,08242-0178,NJ,Non Client,PO BOX 178,3017 Route 9 South,,4/27/2020 13:36,,,,2567355888
,,UTICA,,Grace Petroleum Company,John Matt Jr.,,,,,,,,8/2/2021 2:34,,,,,,,,13503-0536,NY,Non Client,PO BOX 536,,,,,,,2567547444
,,Valley Streem,,Grade A Petroleum Products,Tom Comber,,,,,,,,8/4/2021 19:25,,,,,,,516-825-5544,11580-6302,NY,Non Client,90 E Hawthorne Ave,,,,,,,2567525376
,,Berlin,,"Grady Mechanical, LLC Allen's Oil",Ed Grady,,,,,,,,8/2/2021 21:09,,,,,,,(860) 828-0422,6037,CT,Non Client,1240 Farmington Avenue,,,,,,,2567407803
,,Connellsville,,Graft Oil Company,Ned Franks,,,,,,,,8/1/2021 0:47,,,,,,,724-628-9580,15425-0899,PA,Non Client,P.O. Box 899,,,,,,,2567447850
,,PENNSAUKEN,,Granate Fuel & Supplies,Sandra J Robertson,,,,,,,,7/31/2021 16:00,,,,,,,856-662-0442,08109-2824,NJ,Non Client,4312 COVE RD,,,,,,,2567408220
,,New Haven,,Grand Fuel Oil Co,Arthur Natalino,,,,,,,,7/30/2021 20:03,,,,,,,203-624-9829,6513,CT,Non Client,281 Chapel St,,,,,,,2567335831
,,Jermyn,,Grande Fuel Oil Co.,Mary Jane Grande,,,,,,,,8/3/2021 2:15,,,,,,,570-343-1835,18433,PA,Non Client,1531 Lakeland Drive,,,,,,,2567554449
,,,,Grant Oil,Dan Grant,,,,,,,,7/31/2021 12:50,,,,,,,508-435-6221,,MA,Non Client,,,,,,,,2567525143
,,NEWARK,,Grant Oil Co.,Paul Spatz,,,,6/5/2020 16:16,,,,8/2/2021 19:50,,,,,,,973-372-8022,07103-1025,NJ,Non Client,773 S 20TH ST,,,4/27/2020 13:36,,,,2567537651
,,Brownville Junction,,Graves' Service Station Inc,Roger Graves,,,,,,,,8/2/2021 2:30,,,,,,,207-965-3733,4415,ME,Non Client,Box C,,,,,,,2567487106
,,Dorchester,,"Gray Fuel Co., Inc.",Robert Gray,,MOC Retail Members,,6/5/2020 16:18,,,,8/3/2021 23:43,,,,,,,617-288-0369,2124,MA,Non Client; Not Prospect,183 Washington Street,,,5/5/2020 15:42,,,,2567525527
,,NORVELT,,"Gray Gas & Oil, Inc",Paul Pitzer,,,,,,,,8/1/2021 5:54,,,,,,,,15674-0245,PA,Non Client,PO BOX 245,,,,,,,2567537400
,,NORTH GRANBY,,Greci Fuel Service,Katherine Frank,,97 HDG LEAD,,6/5/2020 16:22,,,,7/31/2021 8:29,,,,,,,,06060-0042,CT,Non Client,PO BOX 42,,,4/24/2020 10:57,,,,2567536303
,,Bethpage,,Greco Brothers Fuel Corp.,Michael Greco,,,,,,,,8/2/2021 22:12,,,,,,,516-938-5200,11714-3705,NY,Non Client,239 Broadway,,,,,,,2567543905
,,Halifax,https://www.greeleyoil.com/,"Greeley's Oil Co., Inc.",Rick Greeley,Greeleys' Oil Co Inc is a Family owned and operated Oil Company out of the South Shore. Heating Oil and Air Conditioning Sales.,No Interest,Oil & Energy,,,,,2/15/2024 22:19,,,,,,,781-293-5275,2338,MA,Non Client,847 Plymouth St.,PO BOX 494,,5/5/2020 15:42,America/New_York,,,2567447660
,,AKRON,,Green Brothers Petroleum,Bob Reid,,,,,,,,7/31/2021 5:22,,,,,,,,14001-0205,NY,Non Client,PO BOX 205,,,,,,,2567534847
,,Hatfield,,"Green Propane, Inc.",Todd Walker,,,,,,,,7/31/2021 6:16,,,,,,,,19440-2464,PA,Non Client,63 E Broad St,,,,,,,2567448107
,,Hartford,,Greene's Oil & Propane,Sherry Greene,,,,,,,,7/31/2021 13:09,,,,,,,(802) 295-5400,5047,VT,Non Client,PO Box 504,,,,,,,2567532491
,,Dorchester,,Grey Fuel,Robert Grey,,,,,,,,7/30/2021 16:11,,,,,,,617-288-0367,,MA,Non Client,,,,,,,,2567447969
,,Adams,,Greylock Ice & Fuel Co,Donald Gamache Jr,,,,,,,,7/31/2021 17:38,,,,,,,413-743-1020,1220,Ma,Non Client,P. O. Box 509,,,,,,,2567335879
,,BABYLON,,Grieco Fuel Oil,Pat Scarangella,,,,,,,,8/4/2021 22:34,,,,,,,,11702-0340,NY,Non Client,PO BOX 340,,,,,,,2567543789
,,Easton,,Grillman Propane,Jeff Tufts,,,,,,,,7/31/2021 17:40,,,,,,,508-238-3139,2334,MA,Non Client,P.O. Box 308,,,,,,,2567335909
,,West Tisbury,,Grimes Oil Co,Calvin M. Grimes Jr.,,,,,,,,8/3/2021 19:02,,,,,,,617-825-1200,2575,MA,Non Client,PO Box 276,40 Waldrons Bottom Rd.,,,,,,2567536325
,,Middletown,,Groeper Oil,Peter Groeper,,,,,,,,7/31/2021 7:14,,,,,,,860-347-1897,6457,CT,Non Client,252 Pearl St.,,,,,,,2567452628
,,Ashland,,Groody Oil Co.,William Groody,,,,,,,,7/31/2021 11:05,,,,,,,570-875-1363,17921-2000,PA,Non Client,350 E. Centre Street,,,,,,,2567532484
,,BETHEL,,Grosso Fuel,Daniel Grosso,,,,,,,,8/4/2021 1:17,,,,,,,,06801-2417,CT,Non Client,20 HENRY ST,,,,,,,2567407916
,,Groton,,"Groton Oil Co., Inc.",John Santacrose,,No Interest,,6/5/2020 16:39,,,,8/4/2021 23:16,,,,,,,860-445-5336,6340,CT,Non Client,53 Thames St.,,,4/24/2020 10:57,,,,2567448131
,,Livermore Falls,,Group Adams Propane Services,Bruce Adams,,,,,,,,8/1/2021 15:58,,,,,,,207-897-5367,4254,ME,Non Client,P.O. Box 303,16 Dept Street,,,,,,2567401940
,,OWEGO,,Guagliardo Plumbing & Heating Company,Michael Guagliardo,,,,,,,,8/1/2021 8:11,,,,,,,,13827-6121,NY,Non Client,1095 MONTROSE TPKE,,,,,,,2567452910
,,Belle Vernon,,Guttman Oil Company,Mark Harper,,,,,,,,7/31/2021 13:41,,,,,,,724-483-3533,15012-1098,PA,Non Client,200 Speers Street,,,,,,,2567532458
,,SORRENTO,,Guyette's Gas And Oil,Walter Guyette,,,,,,,,8/4/2021 1:53,,,,,,,,04677-3026,ME,Non Client,19 WALTERS DR,,,,,,,2567543470
,,Manns Choice,,Guy's Hardware,Guy E. Ferguson,,,,,,,,3/15/2024 15:08,,,,,,,814-623-6876,15550,PA,Non Client; Not Prospect,P.O. Box 308,,,,,,,2567552841
,,Broadalbin,,H & B Heating Oil,Brian Westfall,,,,,,,,7/31/2021 16:52,,,,,,,518-883-8897,12025,NY,Non Client,176 N. 2nd Ave.,,,,,,,2567355582
,,Kenilworth,,H & I Bassano,Lou Bassano,,Prospect,,6/8/2020 10:41,,,,8/4/2021 5:12,,,,,,,908-241-2446,7033,NJ,Non Client,307 South Michigan Avenue,P.O. Box 194,,4/27/2020 13:36,,,,2567525151
,,Strasburg,,"H. C. Rineer Sons, Inc.",H. William Rineer,,,,,,,,8/2/2021 20:47,,,,,,,717-687-7341,17579,PA,Non Client,P.O. Box 127,,,,,,,2567537737
,,THORNDALE,,H. C. Sheeler,"W.J. Gallagher, Jr.",,,,,,,,7/31/2021 8:14,,,,,,,,19372-1006,PA,Non Client,3464 LINCOLN HWY STE 173,,,,,,,2567536475
,,Hope Valley,,"H. C. Woodmansee and Son, Inc.",Gus Woodmansee,,,,,,,,8/2/2021 3:36,,,,,,,401-539-2425,2832,RI,Non Client,2 Mechanic St,P.O. Box 328,,,,,,2567536520
,,Haddam,,"H. G. Nelson & Son, Inc.",Mary Ann Nelson,,,,6/8/2020 10:49,,,,6/21/2022 12:25,,,,,,,860-345-4568,6438,CT,Non Client,57 Island Dock Rd,P.O. Box 65,,4/24/2020 10:57,,,,2567543514
,,Shippensburg,,H. J. Tanner,Robert Rohr,,Prospect,,5/19/2020 16:41,,,,5/26/2022 19:38,,,,0,3351888324,,717-477-9700,17201,PA,Non Client,1120 Mount Rock Road,,,4/30/2020 15:41,,,,2567402435
,,Mt. Pocono,,"H. John Davis, Inc.",John Davis,,,,,,,,8/1/2021 0:36,,,,,,,570-839-7191,18344,PA,Non Client,P.O. Box 68,Rt 611 N,,,,Vice President,,2567336252
,,Telford,,"H. L. Garges, Inc.",Paul Wismer,,,,,,,,7/30/2021 23:38,,,,,,,215-257-4924,18969,PA,Non Client,4802 Old Bethlehem Pike,,,,,,,2567545489
,,Mifflinburg,,"H. L. Klose & Sons, Inc.",Kathy Aikey,,,,,,,,7/31/2021 1:40,,,,,,,570-966-3121,17844,PA,Non Client,265 Mulberry Street,,,,,,,2567448101
,,TRENTON,,H. Liedtka Fuel Company,David Liedtka Sr,,,,,,,,8/2/2021 3:36,,,,,,,,08610-5158,NJ,Non Client,1036 S OLDEN AVE,,,,,,,2567335965
,,Central Valley,,H. Reynolds & Son Inc.,Harold Reynolds,,,,,,,,8/1/2021 15:41,,,,,,,845-928-6731,10917-9758,NY,Non Client,P.O. Box 357,,,,,,,2567536339
,,North Billerica,,H. Wrights Service,David Clericuzio,,,,,,,,8/1/2021 9:54,,,,,,,978-667-1442,01862-2819,MA,Non Client,371 Treble Cove Road,,,,,,,2567355760
,,Elmira,,"H.H. & K. Bergh, Inc",Harold O Bergh Jr,,,,,,,,7/31/2021 1:54,,,,,,,607-733-6631,14904-2532,NY,Non Client,836 Broadway,,,,,,,2567447704
,,Monroe,,Haller & Stowe,Paul Sivatello,,PROSPECT,,6/8/2020 10:51,,,,6/10/2022 2:58,,,,,,,203-268-3085,6468,CT,Non Client,787 Main St.,,,4/24/2020 10:57,,,,2567402223
,,ALBION,,Halstead Oil Company,Wilson Halstead,,,,,,,,8/5/2021 1:36,,,,,,,,14411,NY,Non Client,419 State Street,,,,,,,2567355658
,,Bridge Hampton,,Hampton Tank Gas Service,Silas Hiscock,,,,,,,,8/5/2021 0:40,,,,,,,631-537-0297,11932,NY,Non Client,P.O. Box 612,,,,,,,2567525423
,,ELLSWORTH,,Hancock Oil Company,Randy Foster/Phil Finley,,,,5/1/2020 15:48,,,,8/3/2021 18:57,,,,0,2567538651,,207-667-5571,04605-0419,ME,Non Client,PO BOX 419,190 Main Street,,,,,,2567355467
,,Morton,,Hancock Oil Company,Sam Hancock,,,,,,,,7/31/2021 4:39,,,,,,,610-544-5491,19070,PA,Non Client,P.O. Box 291,,,,,,,2567543632
,,Naugatuck,,Harbor Petroleum of New England,John Baker,,,,,,,,8/5/2021 0:51,,,,,,,,6770,CT,Non Client,800 New Haven Road,,,,,,,2567547285
,,So. Thomaston,,"Harjula Heating & Oil Co., Inc.",Gerald Harjula,,PROSPECT,,5/1/2020 15:50,,,,8/1/2021 23:37,,,,,,,207-354-8026,4858,ME,Non Client,333 Westbrook Street,,,4/24/2020 15:10,,,,2567401934
,,CONNEAUT LAKE,,Harned Oil Company,Donald Burchfield,,,,,,,,8/3/2021 4:28,,,,,,,,16316-0007,PA,Non Client,PO BOX 7,,,,,,,2567547573
,,Plumsteadville,,Harold Myers Fuel,Harold R. Myers,,,,,,,,8/3/2021 22:26,,,,,,,215-766-8090,18949-0038,PA,Non Client,"Box 38, Stump Road",,,,,,,2567525437
,,Weston,,Harrick & Burns,Dave Burns,,,,,,,,8/3/2021 0:27,,,,,,,203-544-8899,6883,CT,Non Client,20 Old Orchard Drive,,,,,Owner,,2567407909
,,Medford,https://harriettses.com/,Harriett's Energy Solutions,Bob Harriett,"For nearly a century, Harriett’s Energy Solutions has provided complete home comfort to residents throughout South Jersey. We offer comprehensive heating and air conditioning, plumbing, water conditioning, fuel oil delivery, and energy efficiency servi...",2014 Meetings,Utilities,,,,,2/19/2024 6:32,,,,1,,215,609-654-2035,08055-2488,NJ,Non Client,101 S. Main Street,,,4/27/2020 13:36,America/New_York,President,,2567537410
,,Kingston,,Harry's Fuel,Kevin Schea,,,,,,,,8/3/2021 0:49,,,,,,,603-944-0108,,NH,Non Client,P.O. Box 40,,,,,,,2567552791
,,Newton,,Hart & Iliff Fuel and Energy Systems,Charles Brand,,,,,,,,5/26/2022 6:27,,,,,,,973-383-1421,07860-0591,NJ,Non Client,PO BOX 591,4 Hampton Street,,4/27/2020 13:36,,President,,2567543682
,,Johnston,,Hartford Oil Co,Ed DeCeoris,,,,,,,,8/2/2021 6:52,,,,,,,401-351-9510,2919,RI,Non Client,39 North Olney St,,,,,,,2567487496
,,Greenville,,Hartley Co,Joseph Hartley,,,,,,,,8/5/2021 0:56,,,,,,,401-949-2560,2828,RI,Non Client,10 Lark Industrial Pkwy,,,,,,,2567487227
,,Sewickley,,Hartman Oil Products,Charles D. Hartman,,,,,,,,8/4/2021 1:57,,,,,,,412-741-8935,15143,PA,Non Client,2350 Fairhill Road,,,,,,,2567336037
,,West Sand Lake,,Hart's Fuel Service,James Hart,,,,,,,,7/31/2021 6:40,,,,,,,518-283-1515,12196,NY,Non Client,P.O. Box 456,,,,,,,2567543822
,,West Sand Lake,,Hart's Fuel Service inc.,Jay Hart,,,,,,,,8/2/2021 0:40,,,,,,,(518) 283-1515,12196,NY,Non Client,PO Box 456,,,,,,,2567536432
,,Harvard,,Harvard Oil Co,Roy Scott Kimball,,,,,,,,8/4/2021 19:29,,,,,,,978-772-3730,1451,MA,Non Client,350 Ayer Rd,PO Box 681,,,,,,2567335750
