About Us,CAP/ Budget ,City,Company Domain Name,Company name,Contact,Description,ID/Status,Industry,Last Activity Date,Last Contacted,Last Engagement Date,Last Logged Call Date,Last Modified Date,Lead Status,Merged Company IDs,NOTE WORTHY,Number of child companies,Parent Company,Phone Ext-,Phone Number,Postal Code,State/Region,Status (Relationship),Street Address,Street Address 2,Target Account,Time First Seen,Time Zone,Title,Twitter Handle,Organization Id
,,Albany,,Colonial Plumbing & Heating Supply Inc.,Mark Marozzi,,,,,,,,7/30/2021 22:49,,,,,,,518-459-6000,12205,NY,Non Client,130 Railroad Ave Ext.,,,,,,,2567355919
,,ANDOVER,,Colson Oil Company,Randy Colson,,,,,,,,8/1/2021 20:54,,,,,,,,07821-0647,NJ,Non Client,PO BOX 647K,,,,,,,2567525369
,,BRONX,,Combind Oil Corp.,Lawrence Scuder,,,,,,,,7/31/2021 0:09,,,,,,,718-892-1500,10461-2586,NY,Non Client,1479 WILLIAMSBRIDGE RD,,,,,,,2567534844
,,IRVINGTON,,Combined Oil Company,Joe Lehr,,,,,,,,8/4/2021 18:10,,,,,,,,07111-4002,NJ,Non Client,513 CHANCELLOR AVE,,,,,,,2567525286
,,RIDGEFIELD,,Combustion Sales Corp. of NJ,Joe De Nicola,,,,,,,,7/30/2021 20:55,,,,,,,,07657-0335,NJ,Non Client,PO BOX 335,,,,,,,2567335808
,,SOUTHBOROUGH,,Comey Oil Company Inc,William Schenker,,,,,,,,8/2/2021 22:13,,,,,,,,01772-0301,MA,Non Client,PO BOX 301,,,,,,,2567402053
,,North Haven,,Comfort Fuel Oil Co.,Stanley Levine,,,,,,,,8/2/2021 7:18,,,,,,,,6473,CT,Non Client,28 Warmer Rd.,,,,,,,2567401850
,,East Bridgewater,,Comfort Temp,James DiRenzo,,,,,,,,7/31/2021 20:30,,,,,,,,,MA,Non Client,,,,,,,,2567335736
,,PORT WASHINGTON,,Commander Oil Corp,Lee Losche,,,,,,,,8/4/2021 21:48,,,,,,,,11050-4626,NY,Non Client,48 HARBOR PARK DR,,,,,,,2567534826
,,MOUNT AIRY,,"Commercial Fuel Systems, Inc.",Mark Dixon,,,,3/30/2020 12:27,,,,8/5/2021 4:05,,,,,,,(301) 829-0875,21771-5317,MD,Former Hedge Client,232 S MAIN ST,,,,,,,2567543549
,,North Beach,,Commercial Fueling Network,Hazel Fischer,,,,,,,,5/25/2022 20:02,,,,,,,301-812-2585,20714,MD,Non Client,P.O. Box 92,,,4/30/2020 15:41,,,,2567525399
,,ALLSTON,,Commonwealth Fuel Corp,Robert MacWilliam,,,,2/2/2021 10:18,,,,8/1/2021 11:07,,,,,,,(617) 884-5444,02134-0003,MA,Non Client,PO BOX 246,,,,,,,2567407886
,,Waltham,,Commonwealth Fuel Corp Inc,Robert Mc Williams,,,,,,,,8/5/2021 1:07,,,,,,,781-891-1744,2154,MA,Non Client,55 Pond St,,,,,,,2567543541
,,North Reading,,Commonwealth Oil Inc,Marianne Carucci,,,,5/20/2020 12:25,,,,4/3/2024 13:33,,,,0,2567536262,,508-664-2446,1864,MA,Non Client; Not Prospect,290 Main Street,,,2/25/2020 11:12,,,,2567486912
,,Cambridge,,Community Oil Co.,Chuck Jennings,,MOC Retail Members,,,,,,8/2/2021 20:37,,,,,,,617-864-7007,2139,MA,Non Client,PO BOX 390524,230 Brookline Street,,5/5/2020 15:42,,,,2567532188
,,Maplewood,,Concord Fuel Oil Co.,Ross Goldberg,,,,6/4/2020 14:32,,,,8/5/2021 2:24,,,,,,,973-763-7283,7040,NJ,Non Client,P.O. Box 22,,,4/27/2020 13:36,,,,2567545293
,,BRICK,,Concord Fuel Oil Inc,Paul Mitchell,,,,,,,,7/31/2021 12:52,,,,,,,,08724-1016,NJ,Non Client,1201 CONCORD DR,,,,,,,2567402116
,,Lancaster,,"Conestoga Fuels, Inc.",Bradley Ray Singer,,,,,,,,5/22/2022 0:09,,,,,,,717-397-6174,17604,PA,Non Client,P.O. Box 4665,,,4/30/2020 15:41,,,,2567543849
,,Saratoga Springs,,Congress Gas & Oil Co.,Thomas Healy,,,,,,,,7/31/2021 13:01,,,,,,,518-584-7502,12866-0385,NY,Non Client,617 Maple Avenue,P. O. Box 385,,,,,,2567537472
,,Saratoga Springs,,Congress Gas & Oil Co.,William J. Healy Sr.,,,,,,,,7/31/2021 18:26,,,,,,,518-584-3050,12866-0385,NY,Non Client,617 Maple Avenue,P. O. Box 385,,,,,,2567402450
,,Middlefield,,Connecticut Oil Company,Phyllis Bysiewicz,,,,,,,,5/24/2022 5:53,,,,,,,860-343-1087,6455,CT,Non Client,15 Meriden Rd,,,4/24/2020 10:57,,,,2567534587
,,New Haven,,Connecticut Refining,Richard Leighton,,,,6/4/2020 14:39,,,,6/9/2022 19:05,,,,,,,203-937-2781,6535,CT,Non Client; Not Prospect,PO BOX 9545,,,4/24/2020 10:57,,,,2567447634
,,Stratford,,Connecticut State Oil Company,James McDaniel,,,,,,,,8/5/2021 3:42,,,,,,,203-375-5601,6497,CT,Non Client,1480 Stratford Ave.,,,,,,,2567532317
,,Belmont,,Connolly Oil Company,Brendan Connolly,,,,,,,,7/31/2021 13:08,,,,,,,617-484-4906,2178,MA,Non Client,20 Park Road,,,,,,,2567453044
,,Pittsburgh,,"Conover & Associates, Inc.",Samuel D. Greenwood,,,,,,,,3/15/2024 14:58,,,,,,,412-281-2339,15222,PA,Non Client; Not Prospect,931 Penn Avenue,,,,,,,2567356025
,,,,"Conquest Energy Services, Inc.",Jason S. Williams,,,,,,,,7/31/2021 22:25,,,,,,,(214) 219-4427,,,Non Client,,,,,,,,2567533568
,,BRICK,,Conrad Fuel Oil,Frank Baguno,,,,,,,,7/30/2021 22:02,,,,,,,,08724-2211,NJ,Non Client,711 BURNT TAVERN RD,,,,,,,2567543576
,,Shirley,,"Consolidated Energy, Inc.",Kenneth R Combs,,,,,,,,5/16/2022 13:43,,,,1,,,(631) 282-0100,11967,NY,Non Client,130 Colin Drive,,,,,,,2567355905
,,Nesconset,,Consolidated Fuel Oil,Michael F. Sforza,,,,,,,,8/3/2021 3:01,,,,,,,(631) 265-2930,11767,NY,Non Client,34 Browns Road,,,,,,,2567452852
,,Holbrook,,Consolidated Heating,Steve Berezin,,,,,,,,8/1/2021 23:55,,,,,,,413-534-4526,,MA,Non Client,,,,,,,,2567113293
,,Brooklyn,,Consolidated Oil Burner Svc,Teena Caccamo,,,,,,,,8/1/2021 17:55,,,,,,,718-499-6666,11215,NY,Non Client,289 Prospect Park West,,,,,,,2567536596
,,Boston,,Constellation New Energy,Bill Gray,,,,,,,,7/30/2021 21:15,,,,,,,617-772-7512,,MA,Non Client,,,,,,Vice President,,2567402333
,,Millwood,,Consumers Energy Co-Op Inc.,Howard Frank,,,,,,,,8/5/2021 5:18,,,,,,,914-941-2288,10546,NY,Non Client,358 Saw Mill River Rd.,,,,,,,2567402159
,,Brooklynn,,Consumers Energy Group Inc.,Anthony Losquadro,,,,,,,,7/31/2021 15:51,,,,,,,718-645-4328,11218,NY,Non Client,222 Varick Ave,,,,,,,2567537418
,,Trenton,,Consumers Oil Corp,Stacey Fineburg,,Prospect,,6/1/2020 15:38,,,,7/31/2021 6:28,,,,,,,609-394-8282,08611-3592,NJ,Non Client,1473 Lamberton Rd,,,4/27/2020 13:36,,President,,2567408106
,,Woonsocket,https://www.consumerspropane.com/,Consumer's Propane,Ken Bousquet,"Consumers Propane is a family-owned and operated full-service business that has been providing dependable oil and fuel delivery, heating system installations, and service to homes and businesses throughout Northern Rhode Island and Southeastern Massach...",,Oil & Energy,,,,,2/14/2024 14:31,,,,1,,,401-762-5461,2895,RI,Non Client,139 Hamlet Avenue,,,,America/New_York,,,2567113263
,,WHIPPANY,,Contex Fuel Companies,William Toriello,,,,,,,,8/3/2021 7:21,,,,,,,,07981-2105,NJ,Non Client,260 ROUTE 10,,,,,,,2567487125
,,North Andover,,Continental Fuels,Bill Grant,,,,2/25/2020 12:15,,,,8/4/2021 21:22,,,,,,,978-685-3399,1745,MA,Non Client,104 Blue Ridge Rd.,,,,,Sales Manager,,2567524980
,,Hopkinton,,Contoocook Valley Fuel Service,Richard Barnard,,Hot Lead,,6/4/2020 14:44,,,,5/11/2022 23:03,,,,,,,603-746-4161,3229,NH,Non Client,403 Maple St,,,4/29/2020 11:28,,,,2567537397
,,Elmira Heights,,Conwell Oil Corp.,Marty Conwell,,,,,,,,7/31/2021 0:15,,,,,,,607-733-0040,14903,NY,Non Client,PO Box 2155,,,,,,,2567355909
,,Westford,,Cook Oil Co Inc,Chester Cook Jr,,,,,,,,8/1/2021 18:03,,,,,,,978-692-6248,1886,MA,Non Client,23 Forge Village Rd,,,,,,,2567452672
,,Marlboro,,Cook Oil Service,George Cook,,,,,,,,8/3/2021 6:51,,,,,,,508-481-4032,1752,MA,Non Client,PO BOX 5646,,,,,,,2567486882
,,Marlboro,,Cook Oil Service,George Cook,,,,,,,,8/2/2021 21:08,,,,,,,508-481-7677,1752,MA,Non Client,PO BOX 5646,,,,,,,2567407882
,,BALTIMORE,,"Cook's Fuel & Energy Service, Inc.",Steve Cook,,,,,,,,7/30/2021 22:23,,,,,,,410-233-6636,21223-1499,MD,Non Client,110-116 N. Franklintown Road,,,,,President,,2567355771
,,Thornwood,,Cool Climates,Rob Tripodi,,,,,,,,8/4/2021 21:13,,,,,,,,10594,NY,Non Client,10 St. Charles St. Suite 8,,,,,,,2567487396
,,Hauppauge,,"Cool Power, LLC",Duke Schmider,,,,,,,,7/31/2021 5:25,,,,,,,(631) 360-2665,11788,NY,Non Client,10 Newton Place,,,,,,,2567402162
,,Willimantic,,Cooperative Oil Co,Ed Boland,,,,,,,,8/3/2021 1:16,,,,,,,860-423-4551,6226,CT,Non Client,27 Bridge St,,,,,,,2567537166
,,Newport,,"Corbett Oil Co., Inc.",Phil Corbett,,,,,,,,7/31/2021 1:41,,,,,,,603-863-1641,3773,NH,Non Client,Belknap Ave,P.O. Box 329,,,,,,2567547428
,,Plains,,"Corey, Inc.",Audrey Waxmonsky,,,,,,,,7/30/2021 22:16,,,,,,,570-829-0434,18702,PA,Non Client,101 Corey Street,,,,,,,2567547546
,,West Chester,,"Corrpro Companies, Inc.",Tim Seechock,,,,,,,,8/3/2021 22:11,,,,,,,610-344-7002,19380,PA,Non Client,610 Brandywine Parkway,,,,,,,2567534866
,,De Witt,,Cortland Pump & Equipment,Dan Twombly,,,,,,,,8/1/2021 4:38,,,,,,,315-446-0125,13214,NY,Non Client,Box 46,,,,,,,2567534671
,,North Haven,,Cosenza Oil Company,Henry Cosenza,,,,6/4/2020 15:02,,,,7/31/2021 14:29,,,,,,,203-239-9300,6473,CT,Non Client,200 Spring Road,,,4/24/2020 10:57,,,,2567113208
,,Branford,,Cosgrove Oil Co,Tom Cosgrove,,,,,,,,8/3/2021 11:24,,,,,,,203-488-6882,6405,CT,Non Client,164 North Main St,,,,,,,2567335845
,,Erie,,"Country Fair, Inc.",Paul T. Levis,,,,,,,,7/31/2021 16:31,,,,,,,814-898-1111,16510,PA,Non Client,2251 East 30th Street,,,,,,,2567402503
,,,,Country Fuel,Daniel Rameau,,,,,,,,8/4/2021 19:18,,,,,,,(978) 632-1100,,,Non Client,,,,,,,,2567447705
,,VINCENTOWN,,Country Fuel Oil Inc,Frederick Hatch,,,,,,,,8/4/2021 0:55,,,,,,,,08088-2833,NJ,Non Client,3 N PRICKETTS MILL RD,,,,,,,2567402148
,,Denmark,,Country Gas,Dale McBurnie,,,,,,,,8/1/2021 16:09,,,,,,,207-452-2151,4022,ME,Non Client,P.O. Box 300,,,,,,,2567552739
,,Bernardston,,"Country Oil, Inc.",Kathy Pittenger,,,,3/30/2020 15:28,,,,7/31/2021 20:20,,,,0,2567538651,,413-648-9912,1337,MA,Non Client,PO BOX 434,540 Northfield Road,,,,,,2567112903
,,Womelsdorf,,"Countryside Fuel, LLC",Durrell Nolt,,,,,,,,8/2/2021 20:47,,,,,,,(610) 589-5840,19567,PA,Non Client,40 Host Road,,,,,Office Manager,,2567552805
,,Branchville,,Countryside Oil,Harold Finch,,,,,,,,8/1/2021 7:01,,,,,,,973-948-5992,7826,NJ,Non Client,179 RT 206S,,,,,,,2567532283
,,Cambridge,,Countryside Oil,Ivan Matte,,,,,,,,8/5/2021 3:12,,,,,,,518-677-5119,12816,NY,Non Client,Turnpike State Rd.,P. O. Box 33,,,,,,2567355669
,,East Meadow,,Countrywide Facilities,Marshall Haimson,,,,,,,,8/3/2021 7:31,,,,,,,516-357-8200,11554,NY,Non Client,325 Mrrimack Avenue 2nd Floor,,,,,,,2567536384
,,STRATFORD,,County Fuel,Charles DeAngelis,,,,,,,,7/31/2021 7:44,,,,,,,,06615-0777,CT,Non Client,PO BOX 777,,,,,,,2567486966
,,Morrisville,,County Oil Delivery,Ken Harvey,,,,,,,,7/30/2021 22:40,,,,,,,802-888-5333,5661,VT,Non Client,270-1 Harrell Street,,,,,,,2567543921
,,Northford,,County Service & Supply,Tom Secondino,,,,,,,,8/1/2021 6:14,,,,,,,203-484-4550,6472,CT,Non Client,P. O. Box 217,,,,,,,2567536300
,,Pittsburgh,http://countywidepetroleum.com/,Countywide Petroleum,Tim Redshaw,"Countywide Petroleum Company is a leading motor fuels distributor, partnering with BP, CITGO, Clark, Exxon, Marathon, Sunoco and Valero to supply petroleum products to retail outlets and commercial accounts to regions of Pennsylvania, Ohio, Kentucky, West Virginia and Maryland. Countywide Petroleum strives to not only provide its customers with quality products at the best price, it draws upon its years of experience as a distributor of petroleum products, as well as its ownership/operation of convenience stores, to better provide value added service to its customers.",,,,,,,8/1/2021 4:21,,,,,,,(412) 364-2200,15237-5749,PA,Non Client,8199 McKnight Road,,,,America/New_York,,,2567336006
,,Dunbar,,Courtesy Oil,John P Bunting,,,,,,,,7/31/2021 12:26,,,,,,,724-277-8478,15431-2012,PA,Non Client,429 Pechin Road,,,4/30/2020 15:41,,,,2567487170
,,Hauppauge,,Coverage Concepts Inc,Maurice Flannery,,,,,,,,8/1/2021 13:31,,,,,,,631-348-2600,11749,NY,Non Client,1770 Motor Parkwa,,,,,,,2567547342
,,Middlefield,,"Cozy Oil Company, LLC",Daniel Henderson,,,,,,,,8/1/2021 16:53,,,,,,,(860) 856-3397,6455,CT,Non Client,22 Lake Road,,,,,,,2567537600
,,RAHWAY,,CPO Incorporated,Chip Smith,,,,,,,,8/2/2021 4:34,,,,,,,732-388-1000,07065-1071,NJ,Non Client,PO BOX 1071A,673 New Brunswick Ave,,,,,,2567532374
,,PHILADELPHIA,,"Craig Fuel Company, Inc.",George K. Young,,,,,,,,8/2/2021 22:18,,,,,,,215-849-3000,19119-0008,PA,Non Client,PO BOX 4908,,,,,,,2567525300
,,NORTH BRUNSWICK,,Cramer Fuel Oil Co Inc,Robert Cramer Jr,,,,,,,,7/30/2021 21:38,,,,,,,732-545-3101,08902-2774,NJ,Non Client,880 GEORGES RD,,,,,,,2567336293
,,North Haven,,CRC Fuel,Richard Johnson,,,,6/4/2020 15:04,,,,8/2/2021 18:55,,,,0,2567545542,,(203) 937-3054,6476,CT,Non Client,25 Bernhard Rd,,,4/24/2020 10:57,,,,2567355415
,,BUTLER,,Crest Fuel Oil Co Inc,Gary Gentile,,,,,,,,7/30/2021 17:00,,,,,,,973-838-2737,07405-1890,NJ,Non Client,26 LINCOLN RD,,,4/27/2020 13:36,,President,,2567525408
,,Hollis,,Crocker Brothers,Kathleen Crocker,,,,5/1/2020 14:31,,,,7/30/2021 14:33,,,,,,,207-929-6774,4042,ME,Non Client,81 Stonybrook Road,,,,,,,2567447976
,,,,Cronus Partners LLC,Shane Campbell,,,,,,,,8/3/2021 3:31,,,,,,,(203) 642-0200,,,Non Client,,,,,,,,2567355412
,,Fall River,,Crosson Oil Co. Inc.,Richard Crosson,,,,,,,,7/31/2021 20:48,,,,,,,(508) 679-1931,2724,MA,Non Client,1708 S. Main St.,,,,,,,2567447656
,,Framingham,,Crown Discount Fuels Inc,Thomas Carey,,,,12/7/2020 11:53,,,,7/31/2021 0:42,,,,,,,508-872-2892,1701,MA,Non Client; Not Prospect,390 Waverly St,,,,,,,2567538634
,,Windham,https://www.crownenergysolutions.com/,Crown Energy Solutions LLC,Shawn Thrasher,"Crown Energy Solutions is founded on three generations of experience. With a reputation for extraordinary craftsmanship, Crown Energy Solutions designs, builds, and services liquid propane storage facilities for industrial and commercial clients throughout the Northeast. Crown Energy Solutions is a family extension of Quality Gas Service, providing turn-key installations that include design, layout, permitting, and construction of industrial and commercial liquid propane facilities. Known for its exemplary levels of customer service, Crown Energy Solutions (in conjunction with Quality Gas Service) has been a trusted partner to a broad range of businesses for more than 30 years. Whether you are a local business or part of a larger national chain, the customer ALWAYS comes first with Crown Energy Solutions. Contact us today to learn more about our services or to speak to someone about your project!",,,7/8/2020 11:58,,,,5/4/2023 13:51,,,,,,,(603) 425-9393,3087,NH,Non Client; Not Prospect,19 Garner Rd,,,,America/New_York,,,2567452985
,,Bristol,,Crown Oil Service Company,Paul Fanelli,,Prospect,,6/4/2020 15:17,,,,8/4/2021 3:04,,,,0,2567452766,,860-583-9222,6011,CT,Non Client,347 Riverside Ave,P.O.Box 3258,,4/24/2020 10:57,,,,2567532353
,,Del City,,Cruchley Fuel,Phil Cruchley,,,,,,,,8/4/2021 21:27,,,,,,,302-834-4261,19706,DE,Non Client,34 Clinton St.,PO Box 534,,,,,,2567402041
,,Bridgeport,,CT Petroleum Wholesalers,Douglas Wenz,,,,,,,,8/2/2021 3:21,,,,,,,,6607,CT,Non Client,P.O.Box 4034,,,,,,,2567547368
,,Hartford,,CTG Resources,James P. Laurito,,,,,,,,7/31/2021 11:00,,,,,,,860-727-3240,6100,CT,Non Client,100 Columbus Blvd.,,,,,Vice President,,2567543714
,,DANVERS,,Cullen Fuel Inc,Peter Cullen,,,,2/27/2020 14:07,,,,7/31/2021 7:33,,,,,,,,01923-2053,MA,Non Client,17 HOBART ST,,,,,,,2567525107
,,CUMBERLAND,,Cumberland Petroleum Corp.,Robert Salathe Jr.,,,,,,,,8/3/2021 6:18,,,,,,,,21502-4636,MD,Non Client,PO Box 2424,,,,,,,2567335882
,,Bellmawr,,Cundiff Oil Co,Jonathan Cundiff,,,,5/20/2020 13:36,,,,8/3/2021 22:37,,,,,,,856-931-6000,08031-2373,NJ,Non Client,100 So. Black Horse Pike,,,4/27/2020 13:36,,,,2567538621
,,Windsor,,Cusson Automotive Inc,Don Cusson,,,,,,,,8/2/2021 3:26,,,,,,,(860) 289-2389,6074,CT,Non Client,29 Mascalo Rd,,,,,,,2567447635
,,Rochester,,CV Oil Co.,Charles Martin,,,,,,,,7/30/2021 17:17,,,,,,,(802) 746-8018,5767,VT,Non Client,RR1 Box 170,,,,,,,2567537762
,,Stoughton,,Cyn Environemntal Services,Steven Tucci,,,,,,,,8/4/2021 19:31,,,,,,,781-341-1777,2072,MA,Non Client,100 Tosca Drive,P.O. Box 0119,,,,,,2567408203
,,Mayfield,,D & H Fuel Oil Co.,Patricia Morini,,,,,,,,8/4/2021 22:12,,,,,,,518-661-5612,12117,NY,Non Client,2469 State Highway 30,,,,,,,2567554397
,,MAYFIELD,,D & H Oil Company,Bradley K Dutcher,,,,,,,,8/2/2021 7:05,,,,,,,,12117-4103,NY,Non Client,14 WOODSIDE AVE,,,,,,,2567543686
,,New Haven,,D & H Resources LLC,Dick Dwyer,,,,3/30/2020 16:06,,,,3/31/2022 16:48,,,,,,,203-466-2002,6512,CT,Former Hedge Client; Not Prospect,120 Forbes Ave,,,3/30/2020 16:06,,Vice President,,2567113196
,,NORTH WALES,,"D E Walker & Son, Inc.",Edward D Walker,,,,,,,,8/2/2021 2:35,,,,,,,215-699-3845,19454-3113,PA,Non Client,510 BEAVER ST,,,,,,,2567336318
,,Stamford,,D. A. Possidento,Dan Possidento,,,,,,,,8/1/2021 10:16,,,,,,,,06907-0118,CT,Non Client,P.O.Box 4118,,,,,,,2567452625
,,PHILADELPHIA,,D. C. Fuel Oil,Donald Cheepnick,,,,,,,,7/31/2021 23:14,,,,,,,,19104-4805,PA,Non Client,3967 PARRISH ST,,,,,,,2567336357
,,Dorchester,,"D. J. Cutter & Co., Inc.",Timothy Cutter,,MOC Retail Members,,6/4/2020 16:31,,,,7/31/2021 17:01,,,,,,,617-825-6310,2122,MA,Non Client,88 Freeport Street,,,5/5/2020 15:42,,,,2567355439
,,Elrama,,D. Jenkins Corp.,Bill Jenkins,,,,,,,,8/1/2021 2:46,,,,,,,412-384-4950,15038,PA,Non Client,P.O.Box 1200,,,,,,,2567536492
,,Washburn,,D. P. Corporation,Carol Doody,,,,5/1/2020 14:32,,,,3/31/2022 16:18,,,,,,,207-455-4443,4786,ME,Non Client; Not Prospect,180 Coffin Road,,,,,,,2567336220
,,Washington DC,,D.C. Ducks,Laurence Warren,,,,,,,,8/2/2021 23:49,,,,,,,(202) 636-4200,20018,DC,Non Client,2640 Reed St. NE,,,,,,,2567452729
,,Greensburg,,Dabeam Inc./DBA Crabtree Oil,Eric M. Suchko,,,,,,,,6/26/2022 13:34,,,,,,,724-834-6814,15601,PA,Non Client,205 Bethany Drive,,,4/30/2020 15:41,,,,2567547521
,,ARMONK,,Dade Oil Company,Frank Lopridre,,,,,,,,7/31/2021 4:31,,,,,,,,10504-0069,NY,Non Client,PO BOX 69,,,,,,,2567487422
,,West Berlin,,Daforno Oil Co.,Thomas Hollway III,,,,,,,,7/30/2021 18:54,,,,,,,856-787-8051,08091-3707,NJ,Non Client,5 Pine Terrace,,,,,,,2567452847
,,Lisbon,,Dahi Oil,Charles Rex,,,,,,,,8/1/2021 21:28,,,,,,,,6351,CT,Non Client,80 Lisbon Heights3,RFD 3,,,,,,2567355551
,,Enfield,,"Dairy Mart, Inc.",Marc Dagesse,,,,,,,,8/1/2021 11:40,,,,,,,,6082,CT,Non Client,240 South Road,,,,,,,2567452619
,,Riegelsville,,Dale Wood Co.,Terry Brotzman,,,,,,,,8/2/2021 20:53,,,,,,,,18042,PA,Non Client,504 Easton Road,,,,,,,2567554473
,,Newburgh,,"Daley's Oil Service, Inc.",John Daley,,,,4/17/2020 15:43,,,,8/1/2021 11:06,,,,0,2567532412,,845-561-3060,12552-59,NY,Non Client,29 New Road,P. O. Box 10059,,,,,,2567335931
,,Brunswick,,Dallas Oil Company,Chris Staples,,Acquired,,5/20/2020 11:13,,,,5/10/2022 13:57,,,,,,,207-729-6309,4011,ME,Non Client,P.O. Box 603,,,4/24/2020 15:10,,,,2567545379
,,Long Isle,,Dalmatian Oil Co.,Dick Clarke,,,,5/1/2020 14:45,,,,7/31/2021 10:56,,,,,,,207-766-0979,4050,ME,Non Client,P.O. Box 262,,,,,,,2567536383
,,Spring Valley,,"Dalo Petroleum Co., Inc.",Michael Dattilo,,,,,,,,8/1/2021 22:17,,,,,,,914-356-6444,10977-5634,NY,Non Client,53 S. Main Street,,,,,,,2567525379
,,WEST GREENWICH,,Danialson Oil Company,D Sprague,,,,,,,,7/30/2021 22:34,,,,,,,,02817-1970,RI,Non Client,215 HAZARD RD,,,,,,,2567113264
,,Vineyard Haven,,"Daniele & Rogers, Inc.",Peter Rogers,,,,3/30/2020 16:19,,,,3/31/2022 16:35,,,,,,,508-693-4232,2568,MA,Former Hedge Client; Not Prospect,PO Box 729,,,,,,,2567408288
,,MEDFORD,https://www.danisienergy.com/,Danisi Fuel Co Inc,Siegfried Mangels,"AC Repair | Air Conditioner Installation Medford, NY | Call Danisi Energy Company for air conditioning & heating replacement Southampton, Port Jefferson NY.",,Retail,5/14/2020 14:59,,,,5/10/2022 16:54,,,,,,,631-732-6666,11763-1411,NY,Non Client,3205 ROUTE 112,,,4/17/2020 15:48,America/New_York,,Danisi_Energy,2567408324
,,New London,,Danrich Oil,Richard Giusti,,,,,,,,8/3/2021 21:22,,,,,,,860-440-3354,6320,CT,Non Client,350 Colman St.,,,,,,,2567448159
,,Darien,,Darien Fuel Company,John Herbert,,,,6/4/2020 16:43,,,,7/31/2021 9:46,,,,,,,203-655-3045,6820,CT,Non Client,4 Hollister Lane,P.O.Box 1254,,4/24/2020 10:57,,,,2567537204
,,Carlisle,,Dauphin Oil Company,James W. Rutledge,,,,,,,,8/4/2021 4:20,,,,,,,717-243-5515,17013,PA,Non Client,P.O. Box 600,,,,,,,2567543805
,,Collingdale,,"Dave Hanly, Inc.",Dave Hanly,,,,,,,,8/2/2021 22:16,,,,,,,610-461-0900,19023,PA,Non Client,P.O. Box 1407,,,,,,,2567543588
,,WILLIAMSPORT,,Dave's Heating & A/C Service,David W Himmelreich,,,,,,,,7/30/2021 18:19,,,,,,,,17701,PA,Non Client,124 Bremy Street,,,,,,,2567452944
,,Brockton,,David Gooding Inc.,Jeff Gooding,,,,,,,,8/3/2021 7:59,,,,,,,781-794-1500,2302,MA,Non Client,173 Spark Street,,,,,,,2567452665
,,Valley Forge,,David Midgley & Co.,David R. Midgley,,,,,,,,7/30/2021 15:59,,,,,,,610-783-0555,19481-0465,PA,Non Client,PO BOX 465,,,,,,,2567452872
,,Davidsville,,Davidsville Fuel Inc.,James Moore,,,,,,,,7/31/2021 5:50,,,,,,,814-479-7514,15928-0418,PA,Non Client,P.O. Box 418,,,,,,,2567525465
,,Secane,,Davis Fuel Service Inc.,Stephen Murray,,,,,,,,7/30/2021 15:20,,,,,,,610-459-4219,19018,PA,Non Client,1004 Primos Avenue,,,,,,,2567537519
,,Norristown,,"Davis Modern Heating & Cooling, Inc.",William E. Davis,,,,,,,,7/31/2021 3:51,,,,,,,610-277-2656,19403-4275,PA,Non Client,334 W. Germantown Pike,,,4/30/2020 15:41,,,,2567408126
,,Derby,,"Davis Oil Co., Inc.",Paul Davis,,,,,,,,7/31/2021 3:08,,,,,,,203-734-6142,6418,CT,Non Client,40 Cedar Street,,,,,,,2567401875
,,WEST CHESTER,,Davis Oil Company,Boyd Davis Jr,,,,,,,,8/4/2021 1:58,,,,,,,610-696-2558,19381-0377,PA,Non Client,PO BOX 377,,,,,,,2567534842
,,Imperial,,"Davis Oil Sales, Inc.","Benjamin I. Davis, Jr.",,,,,,,,8/3/2021 2:51,,,,,,,724-695-7272,15126,PA,Non Client,Box 45,,,,,,,2567355997
,,Eliot,,Davis Oil Service Inc,Kent Davis,,formerhdg,,5/20/2020 13:45,,,,8/1/2021 4:25,,,,0,2567447860,,207 439-1324,3903,ME,Active Hedge Client,46 Main St.,,,4/24/2020 15:10,,,,2567538627
,,Patchogue,,"Davis Park Ferry Company, Inc.",Charles Sherman,,,,,,,,8/3/2021 5:32,,,,,,,(631) 475-1665,11772,NY,Non Client,P.O. Box 998,,,,,Vice President,,2567453148
,,Somersworth,,Day's Oil Service,Matthew Day,,,,,,,,7/30/2021 21:45,,,,,,,603-692-2724,3878,NH,Non Client,Po Box 205,,,,,,,2567543774
,,DAYTON,,Dayton Oil Company,"Joseph Pierro, Jr",,,,,,,,7/31/2021 2:17,,,,,,,,16222-9105,PA,Non Client,RR 2 BOX 316,,,,,,,2567356047
,,Millerton,,DC Heating & Air Conditioning,Donald Call,,,,,,,,8/3/2021 19:57,,,,,,,518-789-4528,12546,NY,Non Client,4526 Route 199,,,,,,,2567543796
,,New London,,DDLC,Richard Johnson,,,,6/4/2020 16:43,,,,8/2/2021 9:02,,,,0,2567545542,,888-225-5540,6360,CT,Non Client,410 Bank Street,,,4/24/2020 10:57,,,,2567355524
,,Delmar,,De Gennaro Fuel Service,Guy De Gennaro,,,,,,,,8/4/2021 3:54,,,,,,,518-475-2830,12054,NY,Non Client,72 Delaware Avenue,,,,,,,2567537723
,,North Haven,,De Matteo's Fuel,Gloria Osterling,,,,,,,,8/2/2021 0:06,,,,,,,203-234-2200,6473,CT,Non Client,147 Sackett Point Road,,,,,,,2567538542
,,Westport,,De Mattia's Fuel Co,Gloria Ostenberg,,,,,,,,8/2/2021 3:55,,,,,,,203-227-2107,6880,CT,Non Client,786 Post Road East,,,,,,,2567537298
,,Cheshire,,De Vylder Oil Company,Alfred DeVylder,,,,,,,,7/31/2021 5:43,,,,,,,203-272-0606,6410,CT,Non Client,35 Warren St.,,,,,,,2567533598
,,Wayne,,Dean Oil Co.,David Fielder,,,,6/4/2020 16:50,,,,8/2/2021 22:11,,,,,,,973-256-6620,7470,NJ,Non Client,P.O. Box 553,149 Old Turnpike Road,,4/27/2020 13:36,,,,2567537454
,,Washington,,Dean's Oil Co.,Richard D. Dean,,,,,,,,8/1/2021 17:29,,,,,,,724-225-1002,15301-2356,PA,Non Client,950 Jessop Place,,,,,,,2567487481
,,AMITY,,Dean's Oil Company,Richard Dean,,,,,,,,7/30/2021 20:33,,,,,,,,15311-9007,PA,Non Client,RR 1 BOX 59,,,,,,,2567402281
,,Hershey,,Deaven Fuel Oil Co.,Bill Bikle,,,,,,,,7/31/2021 18:58,,,,,,,717-566-9363,17033,PA,Non Client,1016 W. Chocolate Avenue,,,,,,,2567452891
,,PROVIDENCE,https://www.debloisfuel.com/,DeBlois Oil Company,Douglas Foster,Deblois Fuel is a company that provides fuel delivery services. They offer automatic delivery service for their customers. Contact them for more information.,Prospect,,,,,,2/22/2024 12:55,,,,,,,401-621-5141,2940,RI,Non Client,50 HOUGHTON ST,PO BOX 6027,,5/5/2020 15:42,America/New_York,,,2567113265
,,Montclair,,DeCamp,Gary Pard,,,,,,,,8/2/2021 19:41,,,,,,,973-783-7500,7042,NJ,Non Client,101 Greenwood Ave.,,,,,Vice President,,2567537414
,,Canton,,"DeCristo, Inc. D/B/A DeCristo Oil",David DeCristo,,,,,,,,8/4/2021 23:01,,,,,,,(570) 364-5251,17724-8715,PA,Non Client,"R.R. 1, Box 1600",,,,,,,2567487211
,,East Walpole,,Dedham Oil,Linda Black,,,,,,,,7/31/2021 20:54,,,,,,,508-660-2373,2032,MA,Non Client,P.O. Box 208,,,,,,,2567486916
,,Deep River,,Deep River Oil Company,John Daniels,,Prospect,,11/25/2020 12:31,,,,8/2/2021 6:50,,,,0,2567537602,,860-529-5415,6417,CT,Non Client,500 Main Street,,,4/24/2020 10:57,,,,2567534738
,,North Waterboro,,Deer Pond Fuel,Cheryl Hanson,,No Interest,,5/1/2020 14:48,,,,8/3/2021 7:10,,,,0,2567552907,,207-793-2044,4061,ME,Non Client,PO BOX 41,,,4/24/2020 15:10,,,,2567453065
,,Wilmington,,Deerfield Valley Energy,Mike,,,,,,,,8/3/2021 19:37,,,,,,,802-464-1520,5363,VT,Non Client,PO Box 487,4 Mill St.,,,,President,,2567525495
,,FEURA BUSH,,Degennaro Fuel Service,Guy Degennaro,,,,,,,,7/31/2021 3:34,,,,,,,518-475-2830,12067,NY,Non Client,P.O. Box 60,,,,,,,2567113252
,,Harrisburg,,"Deitzel Brothers, Inc.",Robert Deitzel,,,,,,,,8/5/2021 0:59,,,,,,,717-238-7145,17105-2614,PA,Non Client,P. O. Box 2614,,,,,,,2567487434
,,Boothuyn,,Delaware County Supply Co.,William Cloud,,,,,,,,8/3/2021 6:47,,,,,,,,19061,PA,Non Client,1000 Randall Ave.,,,,, -Service Mgr,,2567547490
,,North Haven,,Dell'Oro Oil & Trucking Inc,Catherine Puciato,,,,,,,,8/4/2021 7:19,,,,,,,203-239-1142,6473,CT,Non Client,146 Washington Ave,,,,,,,2567534552
