About Us,CAP/ Budget ,City,Company Domain Name,Company name,Contact,Description,ID/Status,Industry,Last Activity Date,Last Contacted,Last Engagement Date,Last Logged Call Date,Last Modified Date,Lead Status,Merged Company IDs,NOTE WORTHY,Number of child companies,Parent Company,Phone Ext-,Phone Number,Postal Code,State/Region,Status (Relationship),Street Address,Street Address 2,Target Account,Time First Seen,Time Zone,Title,Twitter Handle,Organization Id
,,South China,,O'Brien Oil,Michael O'Brien,,,,5/4/2020 14:35,,,,7/31/2021 0:06,,2567355645,,0,2567402508,,207-445-2344,4358,ME,Non Client,Lakeview Dr,,,,,,,2567525353
,,WILLIAMSPORT,,"Ocker's Fuel Oil, Inc.",Robert Ocker,,,,,,,,8/3/2021 5:31,,,,,,,,17703-1013,PA,Non Client,PO BOX 1013,,,,,,,2567408421
,,FREEPORT,,O'Connor Brothers,Edward O'connor,,,,,,,,7/31/2021 2:51,,,,,,,,11520-5340,NY,Non Client,340 S BAYVIEW AVE,,,,,,,2567402182
,,Clifton,,Oil City Petroleum,Denis Atamian,,,,,,,,8/2/2021 6:42,,,,,,,973-772-5400,7013,NJ,Non Client,515 Broad Street,,,,,,,2567532413
,,Haledon,,Oil Heat Service,Al Tartaglia,,,,,,,,8/1/2021 12:51,,,,,,,,7508,NJ,Non Client,55 Circle Avenue,,,,,,,2567452840
,,NEEDHAM HEIGHTS,,Oil Heat Service Inc,William J McRae,,,,,,,,8/4/2021 2:19,,,,,,,,02494-9109,MA,Non Client,PO BOX 9109,,,,,,,2567408034
,,Philadelphia,,Oil Patch Fuel Comp.,Paul Fred,,,,,,,,8/1/2021 5:18,,,,,,,215-492-1900,19153,PA,Non Client,7421 Glenmore,,,,,Paul,,2567525199
,,Philadelphia,,Oil Patch Fuel Comp.,William Law,,,,,,,,8/1/2021 10:48,,,,,,306,215-492-1900,19153,PA,Non Client,7421 Glenmore,,,,,Fred Paul,,2567552812
,,Pittsburgh,,"Oil Service, Inc.",Richard E. Langston,,,,,,,,7/31/2021 12:21,,,,,,,412-771-7505,15225,PA,Non Client,2899 Grand Avenue             Neville Island,,,,,,,2567336339
,,Nutley,,Oil-Ways Fuel,Sal Olivo,,,,,,,,8/1/2021 19:38,,,,,,,973-667-1700,7110,NJ,Non Client,59 Nicola Place,,,,,,,2567534845
,,Portsmouth,,Old Colony Oil Co,Phil Driscoll,,,,4/6/2020 14:29,,,,8/3/2021 0:37,,,,,,,401-841-9988,02871-0920,RI,Non Client,PO Box 988,,,,,,,2567355748
,,Old Lyme,,Old Lyme Oil,Michael McCarthy Sr.,,,,11/25/2020 12:14,,,,8/1/2021 9:43,,,,0,2567533596,,860-434-6626,6371,CT,Non Client; Not Prospect,41 Hatchetts Hill Rd.,P.O. Box 486,,,,President,,2567407908
,,Port Royal,,Old Port Plumbing & Heating,"Edward A. Zimmerman, Jr.",,,,,,,,7/30/2021 14:43,,,,,,,717-527-2816,17082-9746,PA,Non Client,"R.R. 1, Box 746",,,,,,,2567453152
,,Old Town,,Old Town Fuel Comp.,Rod O'Keefe,,,,,,,,8/3/2021 19:40,,,,,,,207-827-4476,04468-0393,ME,Non Client,PO Box 393,,,,,,,2567355595
,,Lockport,,Olears Oil,Bill Dust,,,,,,,,8/2/2021 4:10,,,,,,,716-433-8245,14094,NY,Non Client,7726 Chestnut Ridge Rd,,,,,,,2567408115
,,Chambersburg,,"Oliver Oil Co., Inc","Rick Mackey, Jr.",,,,4/6/2020 14:40,,,,8/1/2021 13:28,,,,,,,717-264-5165,17201,PA,Non Client,P.O. Box 248,,,,,,,2567355990
,,PENNSAUKEN,,"Olt Bros.,Inc.",Arnold Olt,,,,6/11/2020 14:00,,,,8/5/2021 1:17,,,,,,,856-662-4400,08109-3330,NJ,Non Client,7745 MAPLE AVE,,,4/27/2020 13:36,,,,2567554393
,,HACKENSACK,,Olympian Energy Of New Jersey,Kathy O'Shea,,,,,,,,8/1/2021 5:51,,,,,,,,07601-6613,NJ,Non Client,56 SHAFER PL,,,,,,,2567525413
,,College Point,,Olympian Fuel Oil Corp.,Perry Nathanail,"Olympia Fuel is a fuel oil and gas service company based in New York City and Nassau County. We provide 24-hour fuel oil delivery for residential and commercial customers in New York City, including the Bronx, Queens, Manhattan, and Brooklyn. Our servi...",,Oil & Energy,,,,,5/14/2024 9:10,,,,,,,(718) 278-9300,11356,NY,Non Client,118-17 15th Ave.,,,,America/New_York,,,2567537674
,,Pottstown,,Olympic Oil Heating & A/C,"David J. Marcheskie, Sr.",,prospect,,6/1/2020 11:21,,,,7/31/2021 10:30,,,,,,,610-326-2889,19464,PA,Non Client,237 N. Charlotte Street,,,4/30/2020 15:41,,,,2567552863
,,Proctor,https://www.omya.com/,Omya Industries Inc.,Craig Dikeman,"Omya is a global producer of industrial minerals like calcium carbonate and dolomite, offering innovative solutions for multiple industries and environmental markets.",,Mining & Metals,4/7/2020 12:06,,,,3/20/2024 11:11,,,,,,,802-770-7282,5765,VT,Non Client; Not Prospect,61 Main Street,,,4/7/2020 12:07,Europe/Zurich,CPA,omkarthatte,2567453204
,,Florence,,"Omya, Inc.",Dave Pearson,,,,,,,,7/31/2021 1:02,,,,,,,(802) 770-7604,5744,VT,Non Client,P.O. Box 10,Whipple Hollow Rd,,,,Purchasing Manager,,2567525443
,,Central Square,,Oneida Lake Petroleum Corp.,"Joseph Wiedenbeck, Jr.",,,,,,,,7/30/2021 20:25,,,,,,,315-668-8910,13036-0514,NY,Non Client,Mallory Rd.,PO Box 680,,,,,,2567525195
,,Livingston,,Orange Alden Fuel Co.,Frank Loprano,,,,6/11/2020 14:02,,,,5/24/2022 20:08,,,,,,,973-226-1700,07039-0001,NJ,Non Client,P.O. Box 103,,,4/27/2020 13:36,,,,2567452838
,,Orange,,Orange-Alden,Rich Emerson,,,,,,,,7/31/2021 6:59,,,,,,,,7050,NJ,Non Client,50 South Essex St.,,,,,,,2567545552
,,Creighton,,Orris Fuel,Charles R. Orris,,,,,,,,7/31/2021 7:21,,,,,,,724-226-0580,15030,PA,Non Client,903 Freeport Road,P.O. Box 275,,,,,,2567408169
,,Northbridge,https://www.ostermangas.com/,Osterman Propane LLC,Peter Iacobucci,"Osterman Propane Gas has been providing energy, comfort, and confidence to customers in Massachusetts, Connecticut, Rhode Island, New Hampshire, and Vermont for over 45 years. They offer a range of products and services including propane gas sales and ...",,Utilities,2/20/2020 11:49,,,,2/17/2024 12:58,,,,,,,5082349902,1534,MA,Non Client; Not Prospect,998 Church St,,,2/19/2020 12:07,America/New_York,,,2567552726
,,Schoharie,,Ottman & Enders Inc.,Bob Ottman Jr,,,,,,,,8/1/2021 18:27,,,,,,,518-295-8106,12157,NY,Non Client,P.O. Box 668,,,,,,,2567336277
,,Caribou,,Ouellette's Fule Oil Inc,Bob Ouellette,,,,,,,,8/2/2021 6:55,,,,,,,207-498-6606,4736,ME,Non Client,8 New Sweden Road,,,,,,,2567336222
,,Dixfield,,Our Own Oil Company,Ashley O'Brien,,,,,,,,7/31/2021 0:44,,,,,,,,,ME,Non Client,,,,,,,,2567534770
,,Berlin,,Owl Oil,Leonard Shaw,,,,6/11/2020 14:19,,,,7/30/2021 20:24,,,,,,,860-829-5888,6037,CT,Non Client,369 New Britain Rd. Suite E,,,4/24/2020 10:57,,,,2567536295
,,OXFORD,,"Oxford Grain & Hay Company, Inc.",Donald Drennen,,,,,,,,8/1/2021 19:56,,,,,,,,19363-0110,PA,Non Client,PO BOX 110,,,,,,,2567355922
,,Spencer,,P & R Oil Co.,Paul Efthimiou,,,,,,,,7/31/2021 11:22,,,,,,,607-589-6300,14883-0306,NY,Non Client,Box 306,16 W. Tioga Street,,,,,,2567547523
,,Tiverton,,P. D. Humphrey Co,William Humphrey,,,,,,,,8/3/2021 4:48,,,,,,,401-624-8414,2878,RI,Non Client,590 Main Rd,,,,,,,2567402232
,,Bridgeport,,P. J. Kuchma Fuel,Stephanie Kuchma,,,,,,,,8/5/2021 0:38,,,,,,,203-366-3761,6605,CT,Non Client,300 Bostwick Ave,,,,,,,2567113197
,,WYANDANCH,,P.W. Oil Company,Junius Walthall,,,,,,,,8/3/2021 19:09,,,,,,,,11798,NY,Non Client,PO Box 125,,,,,,,2567336269
,,BROOKLYN,,Paccione Fuel Oil Company,Frank Fiumefreddo,,,,,,,,8/1/2021 15:08,,,,,,,,11237-1216,NY,Non Client,123 VARICK AVE,,,,,,,2567452779
,,Cedarhurst,,Pacific Oil,Bert,,,,,,,,8/4/2021 6:50,,,,,,,516-295-2000,11516,NY,Non Client,202 Prospect Avenue,,,,,,,2567113102
,,BERWICK,,Paden's Oil Service,Robert Paden,,,,,,,,7/31/2021 1:11,,,,,,,,18603-2719,PA,Non Client,1336 ORANGE ST,,,,,,,2567525418
,,St. Clair,,Padfield Plumbing & Heating,Dean Padfield,,Documents Out,,6/11/2020 14:22,,,,4/1/2022 11:58,,,,,,,570-429-1234,17970,PA,Non Client; Not Prospect,205 S. Second Street,,,4/30/2020 15:41,,,,2567453003
,,CENTRAL ISLIP,,Padillas Plumbing & Heating Company,Michael Padillas,,,,,,,,8/3/2021 2:47,,,,,,,,11722-2940,NY,Non Client,7 PETERS BLVD,,,,,,,2567487404
,,Eden,,Page-Harms oil Co. Inc.,David Harms,,,,,,,,7/30/2021 20:19,,,,,,,716-992-3444,14057-1399,NY,Non Client,2692 Green St.,,,,,,,2567402061
,,Altamount,,Pahl,Bob,,,,,,,,8/4/2021 22:45,,,,,,,518-356-6634,12009,NY,Non Client,7081 Chandler Rd,,,,,,,2567355783
,,Palmyra,,Pal Energy Corporation,David Williamson,,,,,,,,7/31/2021 1:44,,,,,,,315-597-5191,14522-0055,NY,Non Client,200 Church Street,,,,,,,2567408328
,,Medford,,Pallotta Oil Company,Anthony Pallotta,,,,,,,,8/4/2021 6:51,,,,,,,617-395-4181,2155,MA,Non Client,389 Main Street,,,,,President,,2567402097
,,CLARK,,Palumbo Fuel,Leonard Palumbo,,,,,,,,7/30/2021 20:57,,,,,,,,07066-3102,NJ,Non Client,2 GROUSE LN,,,,,,,2567543775
,,Roselle Park,,Panzarino Heating Service,Anthony Panzarino,,,,,,,,7/31/2021 8:56,,,,,,,(908) 245-7686,7204,NJ,Non Client,304 Locust Street,,,,,,,2567545468
,,Aston,,PAPCO,Gary Kligos,,,,,,,,7/30/2021 20:15,,,,,,,(610) 361-8000,19014,PA,Non Client,2 New Road,,,,,,,2567554381
,,Newington,,"Papoco, Inc.",George Pappa,,Prospect,,6/11/2020 14:23,,,,8/5/2021 1:08,,,,,,,860-666-1656,6111,CT,Non Client,132 Market Square,,,4/24/2020 10:57,,,,2567536209
,,Sanford,,"Pare Oil Co., Inc.",Larry Pare,,formerhdg,,4/7/2020 12:35,,,,8/14/2023 14:07,,,,0,2567538651,,207-324-3440,4073,ME,Non Client; Not Prospect,24 Shaw's Ridge Rd,RR2 Box 1677,,4/24/2020 15:10,,,,2567537703
,,Coventry,,Parente's Oil Service,Lester Parente,,,,,,,,8/1/2021 12:52,,,,,,,401-821-6191,2816,RI,Non Client,770 Washington St,,,,,,,2567547298
,,West Babylon,,Park Ave Fuel,Joe Sweeney,,,,,,,,8/2/2021 2:20,,,,,,,,11704,NY,Non Client,55 Evergreen Street,,,,,,,2567537572
,,DALLAS,,Parker Fuel Co.,Pam Zaledonis,,,,,,,,8/2/2021 20:15,,,,,,,570-675-4949,18612,PA,Non Client,1016 Lower Demunds Road,,,,,,,2567447993
,,Proctorsville,,Parker Oil Inc,Dolores Flack,,,,4/7/2020 13:04,,,,8/3/2021 5:21,,,,,,,802-226-7241,05153-0326,VT,Non Client,PO BOX 326,32 Parker Rd,,,,802-226-7586,,2567408167
,,HAMMONTON,,Parkhurst's Liberty Fuel Supply,"William Parkhurt, III",,,,,,,,7/31/2021 0:14,,,,,,,,08037-1880,NJ,Non Client,301 N WHITE HORSE PIKE,,,,,,,2567113081
,,NORWALK,,"Parks Energy Systems, Inc.",Lisa Parks,,,,,,,,3/15/2024 14:49,,,,,,,,06852-2089,CT,Non Client; Not Prospect,PO BOX 2089,,,,,,,2567547571
,,Bronx,,Parkway Fuel Corp.,Edgar Correa,,,,,,,,8/3/2021 2:41,,,,,,,718-220-3830,10456,NY,Non Client,986 Morris Ave. #10,,,,,,,2567532340
,,Fairfield,,Parkway Oil Co,Julios Micklos,,,,,,,,8/1/2021 0:11,,,,,,,203-367-0083,06432-4405,CT,Non Client,425 Greenfield St.,,,,,,,2567534680
,,Parsippany,,Parsippany Fuel Oil Inc.,Charlie Gaglio,,,,,,,,8/4/2021 1:16,,,,,,,(973) 335-9500,7054,NJ,Non Client,80 Mazdabrook Road,,,,,,,2567487323
,,Litchfield,,Patriot Cash Fuel,Clarence Gowell III,,Prospect,,5/4/2020 14:39,,,,8/2/2021 7:10,,,,,,,207-268-4328,4350,ME,Non Client,473 Richmond Rd.,,,4/24/2020 15:10,,,,2567532359
,,Mystic,,Patriot Gas Suppy,Austin Clark,,,,,,,,8/1/2021 23:13,,,,,,,(800) 442-1075,6355,CT,Non Client,PO Box 246,,,,,,,2567336054
,,Concord,,Patriot Heating Service Co,Michael Conlon,,,,,,,,7/30/2021 19:09,,,,,,,508-369-3396,1742,MA,Non Client,15 Junction Square Dr,,,,,,,2567537243
,,Rutland,,Patten Oil Co,Mark Patten,,,,,,,,8/5/2021 0:17,,,,,,,802-775-3322,5701,VT,Non Client,134 Pack St,Mailing: 112 Susan Lane,,,,,,2567537492
,,North Haverhill,,Patten's Gas,Alvin Fadden,,,,,,,,8/5/2021 5:05,,,,,,,603-787-2422,3774,NH,Non Client,2769 Dartmouth College Highway,,,,,,,2567402362
,,Floral Park,,Patterson Energy Group,Stephen Patterson,,,,4/20/2020 15:28,,,,8/3/2021 3:32,,,,0,2567402294,,516-354-2160,11002-0300,NY,Non Client,Box 300,185 Magnolia Ave.,,,,,,2567408340
,,Easthampton,,Patterson Fuel Co,Buddy Patterson,,,,,,,,8/4/2021 22:40,,,,,,,413-527-0191,1027,MA,Non Client,31 1/2 Glendale St,,,,,,,2567402250
,,E. Stroudsburg,,Patterson-Kelley Co.,Mark Zagnojny,,,,,,,,7/31/2021 8:52,,,,,,,570-421-7500,18301,PA,Non Client,P.O. Box 458,,,,,,,2567547478
,,Phoenixville,,"Paul C. Emery, Co.",Craig P. Emery,,,,,,,,8/1/2021 4:00,,,,,,,610-933-3365,19460-4741,PA,Non Client,2377 Kimberton Road,,,,,,,2567543804
,,WEEDVILLE,,Paul D. Leonard Inc.,Paul D Leonard,,,,,,,,8/4/2021 0:22,,,,,,,,15868-0217,PA,Non Client,PO BOX 217,,,,,,,2567453006
,,PENNSAUKEN,,Paul E Tiver,Paul Tiver,,,,,,,,8/3/2021 2:57,,,,,,,,08109-3655,NJ,Non Client,2506 UNION AVE,,,,,,,2567401992
,,Philadelphia,,"Paul Hertel & Co., Inc.",Donna Goepfrich,,,,,,,,7/30/2021 23:07,,,,,,,215-925-7656,19106,PA,Non Client,325 Chestnut Street,,,,,,,2567534861
,,Gouldsboro,,Paul Martin Oil Co,Paul Martin,,prospect,,6/11/2020 14:25,,,,8/3/2021 20:57,,,,,,,207-422-6203,4607,ME,Non Client,P.O. Box 59,,,4/24/2020 15:10,,,,2567402129
,,FRENCHVILLE,,Paul's Gas And Heating Oil Service,Paul Bernier,,,,,,,,8/1/2021 16:22,,,,,,,207-543-6140,04745-0490,ME,Non Client,PO BOX 490,RR 1,,,,,,2567543561
,,HAWLEY,,Paupack Fuel Oil,Chris Strong,,,,,,,,7/31/2021 13:26,,,,,,,(570) 226-4823,18428-1437,PA,Non Client,805 CHURCH ST,,,,,,,2567113159
,,McAdoo,,Payer Oil,Robert Leshko,,,,,,,,8/2/2021 4:56,,,,,,,570-929-1183,18237-0064,PA,Non Client,P.O. Box 64,,,,,,,2567525482
,,Auburn,,Payless Oil,Peter Koski,,,,12/22/2020 16:15,,,,8/5/2021 0:09,,,,,,,508-752-1010,1501,MA,Non Client; Not Prospect,61 Elmwood Street,,,,,President,,2567448118
,,CASSADAGA,,Payne Oil Supply,J Dennis Sallivan,,,,,,,,8/2/2021 2:56,,,,,,,,14718,NY,Non Client,8018 N Main Street,,,,,,,2567355910
,,Bloomfield,,Payson & Schechter,Cathy Payson,,,,,,,,7/31/2021 23:22,,,,,,,,7003,NJ,Non Client,15 Willet Street,,,,,,,2567356044
,,PEABODY,,Peabody Coal & Oil,Steven Mallia,,,,,,,,8/3/2021 7:25,,,,,,,508-531-0483,1960,MA,Non Client,Hillcrest Avenue,,,,,,,2567408285
,,Cutchogue,,Peconic Energy,Todd Johnson,,,,,,,,8/3/2021 23:50,,,,,,,(631) 734-2800,11935,NY,Non Client,1785 Crown Land Lane,,,,,,,2567543891
,,VINELAND,,Pedroni Fuel Company,Richard Pedroni,,,,,,,,8/4/2021 0:09,,,,,,,,8360,NJ,Non Client,Wheat & Brewster Roads,,,,,,,2567113088
,,Hummelstown,,Peggy's Fuel Oil,Peggy Schrom,,,,,,,,8/3/2021 1:20,,,,,,,717-566-6870,17036-9402,PA,Non Client,590 Hershey Road,,,,,,,2567487388
,,BANGOR,,Pelkey Oil Company,Steve Pelkey,,Acquired,,,,,,8/1/2021 6:45,,,,,,,207-942-6138,04401-4026,ME,Non Client,324 BIRCH ST,,,4/24/2020 15:10,,,,2567113104
,,BOUND BROOK,,Pellicane Oil Company,Josephine Pellicane,,,,,,,,7/31/2021 19:05,,,,,,,,08805-1237,NJ,Non Client,326 W MAPLE AVE,,,,,,,2567408065
,,Dallas,,"Pen Fern Oil Company, Inc.",Jay H. May,,,,,,,,8/4/2021 22:33,,,,,,,570-675-5731,18612-1517,PA,Non Client,1 Sterling Avenue,,,,,,,2567536485
,,Sunbury,,"Penn Central Fuel Co., Inc",Robert Hartnett,,,,,,,,8/4/2021 23:43,,,,,,,717-752-6441,17801,PA,Non Client,P. O. Box 350,,,,,,,2567525411
,,JERSEY CITY,,Pennetta & Sons,Thomas Pennetta,,,,,,,,8/3/2021 21:32,,,,,,,,07306-2616,NJ,Non Client,428 HOBOKEN AVE,,,,,,,2567408364
,,Waynesboro,,Penn-Mar Oil Company Inc.,Regina L. McKenzie,,,,,,,,7/30/2021 19:56,,,,,,,717-762-3811,17268-0307,PA,Non Client,P.O. Box 307,,,,,,,2567547525
,,Brooklyn,,Pennsylvania Oil Co.,Ted Demarinis,,,,,,,,7/31/2021 23:44,,,,,,,718-645-3776,11230,NY,Non Client,1568 McDonald Ave.,,,,,,,2567536488
,,Rockport,http://www.penbayoil.com/,Penobscot Bay Ice Co.,Gary Peabody,"PEN BAY OIL CO is a leading provider of heating oil and propane services in the Midcoast Maine area. With over 80 years of experience, we are committed to delivering reliable and affordable fuel solutions to residential and commercial customers. Our te...",formerhdg,,5/21/2020 11:24,,,,2/16/2024 15:32,,,,0,2567402508,,207-236-2851,4856,ME,Non Client; Not Prospect,211 Union Street,P.O. Box 340,,4/24/2020 15:10,America/New_York,,PenBayOil,2567534638
,,ORANGE,,Penrich Oil Company,Dennis Johnson,,,,,,,,7/30/2021 21:19,,,,,,,,7050,NJ,Non Client,188 Clairmont Ter,,,,,,,2567402109
,,Gardner,,"People's Fuel, Inc.",Nancy Begin,,,,,,,,8/5/2021 4:56,,,,,,,978-632-4890,1440,MA,Non Client,73 City Hall Ave.,,,,,,,2567532194
,,Nutley,,Peoples Heating Cont. Inc.,Mike deBruyn,,,,,,,,8/4/2021 22:10,,,,,,,,7110,NJ,Non Client,53 Coeyman Avenue,,,,,,,2567408047
,,CARMEL,,People's Petroleum Products,James DiSciaia,,,,,,,,7/30/2021 19:37,,,,,,,914-225-6464,10512-0927,NY,Non Client,PO BOX 927,RT 52 & Hourse Pound Road,,,,,,2567408416
,,Yonkers,,Perfect Fuel Oil Corp.,Edward Redett,,,,,,,,8/4/2021 18:54,,,,,,,914-237-7900,10704,NY,Non Client,510 Kimball Avenue,,,,,,,2567447881
,,Shapleigh,,Perkin Propane Gas Inc.,John Perkins,,,,,,,,8/3/2021 0:25,,,,,,,207-793-2269,4076,ME,Non Client,P.O. Box 567,,,,,,,2567543674
,,Centerbrook,,Perkins Oil,Mike Perkins,,,,,,,,8/1/2021 20:34,,,,,,,860-767-7111,6409,CT,Non Client,137 Dennison Rd.,P.O. Box 215,,,,,,2567335690
,,Red Bank,,Perl Fuel Inc.,William Perl,,,,,,,,8/2/2021 9:15,,,,,,,,07701-6014,NJ,Non Client,214 Sleepy Hollow Road,,,,,,,2567534843
,,East Haven,,Perrelli & Sons,Frank Perrelli Jr.,,,,,,,,8/2/2021 10:04,,,,,,,203-469-1364,6512,CT,Non Client,PO Box 120648,60 Commerce St,,,,,,2567407930
,,NEWARK,,Perriello Bros. Inc,Danny Perriello,,,,,,,,8/5/2021 3:51,,,,,,,,07105-1128,NJ,Non Client,69 GARDEN ST,,,,,,,2567547562
,,Bradford,,"Perry's Oil Service, Inc.",Alson Perry,,,,,,,,8/3/2021 4:30,,,,,,,802-222-9211,5033,VT,Non Client,PO Box 390,173 Main Street,,,,,,2567543702
,,PERRYVILLE,,Perryville Oil Company,Howard Neff,,,,,,,,8/2/2021 1:30,,,,,,,,21903,MD,Non Client,515 Otsego Street,,,,,,,2567534652
,,Ravena,,Persico Oil Co Inc.,Donald Persico,,,,,,,,8/2/2021 19:52,,,,,,,518-756-2555,12143-1799,NY,Non Client,98 Main Street,,,,,,,2567536600
,,Flourtown,,Pet-Chem Equipment Corporation,Chris Smith,,,,,,,,8/2/2021 20:33,,,,,,,215-836-2330,19031,PA,Non Client,P.O. Box 206,,,,,,,2567554385
,,Leominster,,Peterborough Oil,Joe Hart,,,,5/22/2020 11:22,,,,8/2/2021 21:25,,,,,,,978-534-6587,1453,MA,Former Hedge Client,665 North Main Street,P.O. Box 787,,4/7/2020 13:39,,,,2567536577
,,FAIRFIELD,,Peters Energy Fuels Inc,Jim Peters,,,,,,,,8/3/2021 22:54,,,,,,,,04937-0337,ME,Non Client,PO BOX 337,,,,,,,2567447794
,,Wapwallopen,,"Peters Gas & Oil, Inc.",Donald W. Peters,,,,,,,,8/1/2021 5:57,,,,,,,570-868-3301,18660,PA,Non Client,"R.D. 1, Box 282",,,,,,,2567336302
,,Duanesburg,,Peterson Oil Co.,Richard Peterson,,,,,,,,8/1/2021 11:55,,,,,,,518-355-0497,12306,NY,Non Client,229 Old Pangburn Rd.,,,,,,,2567113249
,,South Windsor,,Petrolane-An AmeriGas Company,Joseph L. Romano,,,,,,,,8/4/2021 21:37,,,,,,,203-648-0121,6074,CT,Non Client,120 Valley View Drive,,,,,Wholesale Marketing Rep,,2567536200
,,CLEARFIELD,,Petrolec Inc,Richard Cook,,,,,,,,8/3/2021 18:14,,,,,,,,16830-0727,PA,Non Client,PO BOX 727,,,,,,,2567402161
,,Stamford,,"Petroleum Heat & Power Co., Inc.",Dan Donovan,,,,,,,,8/3/2021 1:42,,,,,,,(203) 325-5472,6902,CT,Non Client,2187 Atlantic Ave,,,,,,,2567537596
,,Macungie,,Petroleum Heating Co.,John R. Moore,,,,,,,,8/1/2021 15:41,,,,,,,610-966-4224,18062,PA,Non Client,"124 E. Main Street, Rear",,,,,,,2567408162
,,Belmont,,Petrolex II LLC,Anthony Santoro,,,,4/7/2020 13:46,,,,8/5/2021 3:29,,,,0,2567408030,,617-923-8900,2478,MA,Former Hedge Client,P.O. Box 461,,,,,,,2567486897
,,Exton,,Petron Oil Corporation,James Jacoby,,,,,,,,8/4/2021 20:24,,,,,,,610-524-1700,19341,PA,Non Client,"180 Gordon Drive, Suite 103",,,,,,,2567448121
,,LITTLE FERRY,,Petrotech Inc,Nancy Taylor,,,,,,,,8/1/2021 8:08,,,,,,,201-641-6466,07643-0532,NJ,Non Client,381 Liberty Street,,,4/27/2020 13:36,,,,2567552755
,,Deerfield,,Phan Oil,Richard Phaneuf,,,,,,,,8/2/2021 20:46,,,,,,,413-774-7107,1342,MA,Non Client,"1 River Rd, RR 1 Box 252",,,,,,,2567355597
,,Greenwich,,Philbro Energy,Robert J. Luby,,,,,,,,8/2/2021 18:21,,,,,,,203-629-8908,06830-7194,CT,Non Client,600 Steamboat Road,,,,,NE Regional Sales Mgr,,2567532157
,,Plymouth,,"Phillips Fuel, Inc.",Rhyle Stull,,,,,,,,8/1/2021 5:31,,,,,,,570-779-2038,18651-2198,PA,Non Client,130 Downing Street,,,,,,,2567448100
,,Tiverton,,Phil's Propane,Phillip Viveiros,,,,,,,,8/1/2021 2:02,,,,,,,401-624-6395,2878,RI,Non Client,477 Crandall Road,,,,,,,2567537490
,,Pawcatuck,,Phoenix Oil,Jim Lathrop,,prospect,,5/22/2020 12:11,,,,8/2/2021 4:29,,,,0,2567525222,,860-599-4249,6379,CT,Non Client,4 Mechanic st,,,4/24/2020 10:57,,,,2567543539
,,Wayne,,Phoenix Petroleum Co.,Stephen Wang,,,,,,,,8/2/2021 19:19,,,,,,,610-687-1666,19087,PA,Non Client,950 West Valley Rd.,,,,,,,2567543823
,,Williamsport,,"Pickelner Fuel Company, Inc.",Pete Carlin,,,,,,,,8/5/2021 0:54,,,,,,,570-327-8342,17703,PA,Non Client,P.O. Box 1537,,,,,,,2567543616
,,COLD SPRING,,Pidala Heating Oil Company,Rich Pidala,,,,,,,,8/2/2021 1:38,,,,,,,914-265-2073,10516-3106,NY,Non Client,12 CONSTITUTION DR,,,,,,,2567543828
,,Westbrook,https://www.pinestateservices.com/,"Pine State Services, Inc.",Gary Haines,"Pine State Services is a top residential contractor in Portland, ME, offering plumbing, electrical, heating, and AC solutions. They provide installations, repairs, and maintenance services for homes throughout Greater Portland. Their team of highly tra...",,Construction,,,,,2/13/2024 22:33,,,,1,,,(207) 883-1200,4092,ME,Non Client,PO Box 470,"3 Eisenhower Dr,",,,America/New_York,,PineStateServic,2567525002
,,South China,,Pinkham's Corner Fuel,David Pinkham,,,,,,,,8/5/2021 1:18,,,,,,,(207) 445-2456,4358,ME,Non Client,PO Box 90,,,,,,,2567525163
,,Shelton,,Pioneer Gas,William Papale,,,,,,,,8/1/2021 8:10,,,,,,,203-924-1618,06484-0391,CT,Non Client,PO Box 391,56 Bridgeport Ave,,,,CPA,,2567452950
,,Worcester,,Pioneer Oil Company,Dennis O'Brien,,,,,,,,8/1/2021 11:28,,,,,,,508-753-3223,1610,MA,Non Client,60 Canterbury St,,,,,,,2567536254
,,Killingworth,,Pipeline Petroleum,John R. Speicher,,,,,,,,8/4/2021 6:22,,,,,,,860-663-3011,6419,CT,Non Client,256 Rt 81,P.O. Box 633,,,,,,2567487295
,,Macungie,,"Pipeline Petroleum, Inc.",Bruce Ebert,,,,,,,,7/31/2021 14:50,,,,,,,610-967-2227,18062,PA,Non Client,P.O. Box 159,,,,,,,2567532446
,,Hartsdale,,Pitron Fuel Oil Company,Ronny Pitron,,,,,,,,7/31/2021 17:59,,,,,,,914-682-6646,10530,NY,Non Client,95 Columbia Ave,,,,,,,2567554440
,,Malden,,Pleasant Fuel Co,Paul and Cindy Gianquitto,,,,4/7/2020 14:07,,,,8/1/2021 13:33,,,,,,,781-389-3279,2148,MA,Former Hedge Client,472 Pleasant St,,,2/28/2020 12:20,,,,2567487466
,,Loudon,https://pwpvg.com/,Pleasant View,Henry Huntington,"Shop wholesale plants online. Find breathtaking annuals, ornamentals, shrubs, herbs, edibles, succulents, and more at Pleasant View Gardens.",,Farming,4/7/2020 14:12,,,,4/1/2022 13:25,,,,,,,(603) 435-8361,3307,NH,Former Hedge Client; Not Prospect,7316 Pleasant Str,,,,America/New_York,,,2567112929
,,Covington Twp,,Plociniak Oil Co.,Cara Graci,,,,,,,,7/30/2021 14:14,,,,,,,570-842-7624,18444-7947,PA,Non Client,921 Drinker Turnpike,,,,,,,2567355791
,,Terryville,,Plymouth Oil Service,Chester  Scoville,,,,,,,,7/30/2021 22:59,,,,,,,860-589-3755,6786,CT,Non Client,East Plymouth Road,,,,,,,2567533599
,,Brooklyn,,Plymouth Rock Fuel Corportation,Harry Scharaga/Adam Sokol,,,,,,,,7/31/2021 23:03,,,,,,,718-855-2967,11201,NY,Non Client,165 Remsen Street,,,,,,,2567545301
,,Plainview,,"Poem Technology, LLC",Arnold Stillman,,,,,,,,8/2/2021 1:45,,,,,,,,11803,NY,Non Client,100 Terminal Drive,Suite 18,,,,,,2567452858
,,TOMS RIVER,,Point Bay Fuel,Tim Bergin,,,,,,,,7/31/2021 13:58,,,,,,,732-349-5059,8753,NJ,Non Client,71 IRONS ST,,,,,General Manager,,2567408056
,,Hyannis,,"Point Oil On The Cape, Inc.",Steve Cahill,,,,4/7/2020 14:18,,,,8/2/2021 4:11,,,,0,2567545542,,508-771-2329,2601,MA,Non Client,P.O. Box 579,55 Bodick Road,,,,Owner,,2567537370
,,laurel,,Poist Gas Co.,Tony Poist,,,,,,,,8/2/2021 18:47,,,,,,,,20707,MD,Non Client,360 Main Street,,,,,,,2567525152
,,Athens,,Polar Bear Oil,Leonard Carr,,prospect,,6/12/2020 9:18,,,,7/31/2021 14:25,,,,,,,207-654-2935,4912,ME,Non Client,P.O. Bix 158,,,4/24/2020 15:10,,,,2567335933
,,Rennselaer,,Polsinello Fuels Inc.,Louis Polsinello,,,,4/20/2020 15:46,,,,7/31/2021 14:38,,,,0,2567452766,110,518-463-7812,12144,NY,Non Client,41 Riverside Ave.,,,,,,,2567355966
,,Pomona,,Pomona Heating & Cooling,"Rick Adamucci, Jr.",,,,,,,,7/31/2021 15:13,,,,,,,609-965-0666,08240-0645,NJ,Non Client,P.O. Box 645,135 S. Odessa Ave,,4/27/2020 13:36,,President,,2567336251
,,Middlebury,,Pomperaug School District 15,Keith McLiberty,,,,,,,,8/2/2021 21:02,,,,,,,203-758-1743,06762-0395,CT,Non Client,P.O. Box 395,286 Whittemore Rd.,,,,Superintendent,,2567402028
,,Marlboro,,Porco Energy,Joe Porco,,,,4/7/2020 14:19,,,,8/1/2021 5:10,,,,0,2567487154,,845-236-3600,12542-0910,NY,Former Hedge Client,PO Box 910,1455 Route 9W,,,,,,2567402056
,,Billerica,,Port Oil,Dan Goodridge,,,,2/19/2020 14:37,,,,8/2/2021 2:00,,,,0,2567532213,,617-926-3500,1821,MA,Active Hedge Client,36-1 Dunham Road,,,,,,,2567487311
,,Watertown,,Port Oil Corp.,Marsha Sutton,,,,,,,,7/30/2021 21:05,,,,,,,617-926-3500,2472,MA,Non Client,33 Mt. Auburn St.,,,,,,,2567401917
,,Watertown,,Port Oil Inc,Jim O'Rourke,,,,,,,,8/1/2021 5:29,,,,,,,617-926-3500,2172,MA,Non Client,33 Mount Auburn St,,,,,,,2567534630
,,New Haven,,Port Service,Mark Simiola,,,,,,,,8/4/2021 19:35,,,,,,,203-468-0008,6512,CT,Non Client,P.O. Box 9466,,,,,,,2567534577
,,Portland,,Portland Harbor Fuel Co,John Ready,,No Interest,,5/4/2020 14:48,,,,7/31/2021 10:05,,,,,,,207-772-3232,4112,ME,Non Client,Deakes Wharf,PO BOX 304,,4/24/2020 15:10,,,,2567402352
,,Kents Hill,,Potter Oil Comp.,Brent D. Potter,,prospect,,6/12/2020 9:51,,,,7/31/2021 21:34,,,,,,,207-685-3851,04349-0255,ME,Non Client,RT 41,P.O. Box 255,,4/24/2020 15:10,,President,,2567525161
