About Us,CAP/ Budget ,City,Company Domain Name,Company name,Contact,Description,ID/Status,Industry,Last Activity Date,Last Contacted,Last Engagement Date,Last Logged Call Date,Last Modified Date,Lead Status,Merged Company IDs,NOTE WORTHY,Number of child companies,Parent Company,Phone Ext-,Phone Number,Postal Code,State/Region,Status (Relationship),Street Address,Street Address 2,Target Account,Time First Seen,Time Zone,Title,Twitter Handle,Organization Id
,,Dorset,,Haskins Gas Service,Peter Haskins,,,,,,,,8/4/2021 21:31,,,,,,,802-867-5741,5251,VT,Non Client,1791 Route 30,,,,,,,2567537722
,,Troy,,Hastings & Co.,John Riechard,,,,,,,,7/31/2021 23:42,,,,,,,518-283-4543,12180,NY,Non Client,8 Winter Street,,,,,,,2567545400
,,Yorkville,,Hastings-Fisher Energy Co. Inc.,Terry Hastings,,,,4/2/2020 11:04,,,,9/14/2022 15:04,,,,0,2567452766,,315-736-1805,13495-1398,NY,Former Hedge Client; Non Client; Not Prospect,130 Whitesboro Street,,,,,,,2567543928
,,JAMAICA PLAIN,,Hatoff's,Stanley Hatoff,,MOC Retail Members,,,,,,8/1/2021 8:10,,,,,,,617-524-1003,2130,MA,Non Client,3440 WASHINGTON ST,,,5/5/2020 15:42,,,,2567355642
,,MASTIC BEACH,,Hauck's Fuel,Nancy Hauck,,,,,,,,8/2/2021 22:42,,,,,,,,11951-3401,NY,Non Client,5 COMMACK RD,,,,,,,2567536446
,,Franklin,,Havey Oil,Wayne Havey,,Hope's Leads,,5/1/2020 15:51,,,,8/3/2021 21:29,,,,,,,207-565-2794,4634,ME,Non Client,65 Main Street,,,4/24/2020 15:10,,,,2567532394
,,SCRANTON,,Hawk Oil Company,James McLaughlin,,,,,,,,7/30/2021 14:33,,,,,,,,18505-0205,PA,Non Client,PO BOX 3205,,,,,,,2567402173
,,Glen Cove,,Hawkins Cove Oil Supply Corp.,George Hawkins,,,,,,,,7/31/2021 20:24,,,,,,,516-676-7200,11542-0031,NY,Non Client,PO Box 351,,,,,,,2567525192
,,FRACKVILLE,,"Hawranick Lumber Company, Inc.",Patrick Kleman,,,,,,,,7/31/2021 7:34,,,,,,,,17931-2214,PA,Non Client,333 S MIDDLE ST,,,,,,,2567537455
,,Salem,,Hawthorne Oil Company Inc.,Jeffrey Boucher,,,,,,,,8/2/2021 0:15,,,,,,,(978) 744-4499,1970,MA,Non Client,3 Lily St.,,,,,,,2567532392
,,Cambridge,,Hayes Oil Company,John G. Hayes,,MOC Retail Members,,,,,,7/31/2021 11:59,,,,,,,617-491-0300,2140,MA,Non Client,2551 Massachusetts Ave,,,5/5/2020 15:42,,,,2567401947
,,Ellwood City,,"Hazen Oil, Inc.",Arthur F. Hazen,,,,,,,,8/3/2021 0:25,,,,,,,724-758-4595,16117,PA,Non Client,P.O. Box 876,,,,,,,2567537468
,,Hazleton,,Hazleton Standard Fuel,John Ford,,,,,,,,8/1/2021 0:03,,,,,,,570-454-0504,18201,PA,Non Client,962 N. Laurel Street,,,,,,,2567547542
,,Deer Isle,,Heanssler Oil Company,Donn Heanssler,,Prospect,,5/4/2020 12:07,,,,8/1/2021 21:44,,,,0,3828424806,,207-348-2311,4627,ME,Non Client,32 Church Street,PO BOX 100,,4/24/2020 15:10,,,,2567452806
,,Bangor,,Heaten Oil,Andy Murphy,,,,,,,,8/3/2021 2:10,,,,,,,207-990-1773,,ME,Non Client,Rt. 221,,,,,,,2567524999
,,Oil City,,Heath Oil Company,Daniel L. Heath,,,,,,,,8/3/2021 3:56,,,,,,,814-437-7802,16301-0628,PA,Non Client,P.O. Box 1128,,,,,,,2567336047
,,ELMONT,,Heating Specialists Fuel Oil,Michael Mormon,,,,,,,,7/31/2021 9:24,,,,,,,516-326-9492,11003-2439,NY,Non Client,1509 HEMPSTEAD TPKE,,,,,,,2567547517
,,Souderton,,"Heavener Supply, Inc.",Keith W. Heavener,,Prospect,,5/21/2020 13:10,,,,3/31/2022 16:41,,,,,,,215-703-0300,18964,PA,Non Client; Not Prospect,10 Schoolhouse Road,,,4/30/2020 15:41,,,,2567453004
,,Pawlet,,Hedden Company,Bob Hedden,,,,,,,,8/4/2021 1:24,,,,,,,802-325-3509,5761,VT,Non Client,3125 Lilly Hill Road,,,,,,,2567547293
,,E. Rutherford,,Hediger Fuel Oil,Jo Hediger,,,,,,,,8/1/2021 16:25,,,,,,,201-939-2716,7073,NJ,Non Client,26 Willow St.,,,,,,,2567408054
,,Carlstadt,,Hediger Fuel Oil,Ken Hediger,,,,,,,,8/3/2021 21:46,,,,,,,201-438-2873,7072,NJ,Non Client,614 8th St.,,,,,,,2567525367
,,Castleton on Hudson,,Heeder Oil Co.,David VanDiarcom,,,,,,,,7/30/2021 18:03,,,,,,,518-732-2411,12033,NY,Non Client,839 Maple Hill Rd.,,,,,,,2567112933
,,Hawthorn,,Heffner Brothers Company,H. Jerome Heffner,,,,,,,,6/14/2023 15:58,,,,0,,,814-365-5311,16230,PA,Non Client,P.O. Box 226,,,,,,,2567537496
,,Tiverton,,Helger's United Oil Co,Al Helger,,,,,,,,8/1/2021 16:32,,,,,,,401-624-9289,2878,RI,Non Client,136 Main Rd,,,,,,,2567453009
,,Waterford,,Hendel's Inc.,Doug Hendel,,,,6/8/2020 11:48,,,,8/3/2021 5:26,,,,,,,860-437-4649,6385,CT,Non Client,35 Great Neck Rd.,,,4/24/2020 10:57,,,,2567543936
,,Easton,,Henderson Oil,Douglas Henderson,,,,,,,,8/4/2021 21:20,,,,,,,207-488-2111,4740,ME,Non Client,Station Rd,P. O. Box 2,,,,,,2567447854
,,Catskill,,Henderson Oil Corp.,Robert W. Henderson,,,,,,,,8/4/2021 7:19,,,,,,,000-943-3535,12414,NY,Non Client,5 West Bridge Street,,,,,,,2567335966
,,CENTRAL ISLIP,,Hendrickson Fuels,Jodie,,,,,,,,8/2/2021 7:14,,,,,,,,11722-2144,NY,Non Client,22 W SUFFOLK AVE,,,,,,,2567525168
,,Middleboro,,"Heritage Oil Co., Inc",Victor Bernabeo,,,,,,,,2/16/2024 15:48,,,,,2567537494,,508-947-6169,2346,MA,Non Client,P.O. Box 767,,,,,,,2567448034
,,Concord,,Heritage Propane,Bob Young,,,,,,,,7/30/2021 21:20,,,,,,,603-225-6660,3301,NH,Non Client,75 Regional Drive,,,,,,,2567536306
,,UTICA,,Herkimer Petroleum Products,Bruce Bull,,,,,,,,8/2/2021 10:12,,,,,,,,13503-0537,NY,Non Client,PO BOX 537,,,,,,,2567407992
,,York,,Herman & Shenk Inc.,Pete Herman,,,,,,,,8/1/2021 13:21,,,,,,,717-486-3674,17405-0946,PA,Non Client,PO Box 946,,,,,,,2567554400
,,MOUNT HOLLY SPRINGS,,"Herman's Oil Company, Inc.",L.E. Herman Jr.,,,,,,,,7/31/2021 13:05,,,,,,,,17065-0116,PA,Non Client,PO BOX 116,,,,,,,2567336216
,,Bangor,,Hermon Oil Company,Lisa Jackson,,,,,,,,7/31/2021 14:08,,,,,,,(207) 848-2641,4401,ME,Non Client,901 Fuller Road,,,,,,,2567402085
,,Kenduskeag,,Hersey Energy Services,Dale Hersey,,,,,,,,8/1/2021 15:24,,,,,,,207-884-7418,4450,ME,Non Client,687 Stetson Road,,,,,,,2567447975
,,Belmont,,"Hi Energy Oil Co., Inc.",Kostar Torosian,,,,,,,,8/2/2021 7:18,,,,,,,617-489-3646,2178,MA,Non Client,P.O. Box 620,,,,,,,2567447758
,,Stafford Springs,,High Grade Gas Service,Nelson Aiken,,,,,,,,8/2/2021 22:37,,,,,,,860-749-8035,6076,CT,Non Client,19 Middle Drive,,,,,,,2567547288
,,Stamford,,High Ridge Oil Company,Richard Corbin,,,,,,,,8/1/2021 14:14,,,,,,,203-322-0149,6903,CT,Non Client,294 Ingleside Dr,,,,,,,2567525042
,,Winthrop,,Highland Heating Service,Dennis Boudrow,,,,,,,,8/2/2021 0:58,,,,,,,617-846-5430,02152-1525,MA,Non Client,63 Sewall Ave.,,,,,Owner,,2567534737
,,Baltimore,,High's,Rick Phelps,,,,,,,,8/3/2021 6:50,,,,,,,(410) 235-1066,21218,MD,Non Client,2700 Loch Raven Road,,,,,,,2567356040
,,,,Hightstown Fuel Service,Cookie Cummings,,,,,,,,7/31/2021 23:19,,,,,,,(609) 426-9728,,,Non Client,,,,,,,,2567532137
,,Summit Hill,,Hiles Bros. Fuel Co. Inc.,David B. Hiles,,,,,,,,8/5/2021 3:17,,,,,,,570-645-8405,18250,PA,Non Client,P.O. Box 121,,,,,,,2567487080
,,Bar Harbor,https://www.mountdesertplumber.com/,Hillard Walls & Sons,Hillard Walls,,Prospect,,6/8/2020 12:22,,,,5/24/2023 2:41,,,,,,,207-288-3087,4609,ME,Non Client; Not Prospect,270 Main Street,,,4/24/2020 15:10,,,,2567552894
,,Marion,,Hiller Fuel Company,Jay E Hiller,,,,,,,,8/3/2021 19:54,,,,,,,508-748-0020,2738,MA,Non Client,PO BOX 983,,,,,,,2567537254
,,Jersey Shore,,Hillers Incorporated,Jeffrey J. Moore,,,,,,,,7/31/2021 7:52,,,,,,,570-398-2342,17740,PA,Non Client,1323 Cemetery Street,,,,,,,2567554447
,,Stoneham,,Hilltop Fuel,Frank Carino,,,,,,,,8/1/2021 11:41,,,,,,,617-438-4565,2180,MA,Non Client,7 Carol Street,,,,,,,2567355767
,,Fairfield,,Hilltop Fuel Heating & Air Conditioning,Natalie Cluen,,Prospect,,,,,,8/3/2021 5:47,,,,,,,973-227-2828,7004,NJ,Non Client,12 Spielman Road,,,4/27/2020 13:36,,President,,2567336257
,,Mifflintown,,Hilltop Oil Co.,Edwin Zimmerman,,,,,,,,8/3/2021 5:05,,,,,,,717-436-2647,17059,PA,Non Client,P. O. Box 233,,,,,,,2567355730
,,Clinton,http://hilltoppetroleum.com/,Hilltop Petroleum Inc.,Craig Miller,,,,6/8/2020 12:33,,,,7/31/2021 10:54,,,,0,2567448075,,908-735-4545,8809,NJ,Non Client,P.O. Box 5296,14C State Rte. 173,,4/27/2020 13:36,,VP Operations,,2567355660
,,Winchendon,,Hi-Lo Oil Inc.,Becky Wood,,,,,,,,8/3/2021 20:58,,,,,,,978-297-4456,1475,MA,Non Client,Route 202 South,,,,,,,2567532324
,,Lawrence,https://ourfamilyoil.com/,"Hilton Family Oil, Inc.",Fred Hilton,"Family Oil Company is a local oil delivery service located in Lawrence, Massachusetts. They provide home heating oil for residential and commercial companies in Massachusetts and southern New Hampshire.",,Oil & Energy,2/14/2020 13:27,,,,2/17/2024 16:57,,,,1,,,(978) 688-8072,1843,MA,Non Client,65 Salem St.,,,,America/New_York,,,2567401924
,,Hauppauge,http://hirschfuels.net/,Hirsch Fuels Inc.,Chris Hirsch,"HIRSCH Fuels, Inc. is a heating services company based in Hauppauge, NY. We specialize in oil delivery, heating installation, and AC repair. Our highly trained and certified service professionals are skilled in all types of oil heating and cooling serv...",,Oil & Energy,4/20/2020 12:16,,,,2/17/2024 3:51,,,,,,,631-234-6209,11788,NY,Non Client,508 Wheeler Road,PO Box 5297,,4/20/2020 12:14,America/New_York,,,2567543856
,,Uxbridge,,"HiTech Fuel, Inc.",Scott Brown,,,,,,,,8/3/2021 23:13,,,,,,,508-842-1001,1569,MA,Non Client,410 N. Main Street,,,,,,,2567547578
,,Harrisburg,,"Hitz Heating, Inc.",Grant Hitz,,,,,,,,7/31/2021 1:48,,,,,,,717-921-2837,17106-0024,PA,Non Client,P.O. Box 60024,,,,,,,2567543607
,,MULLICA HILL,,"Hoagland Oil Service, Inc.",Richard Hoagland,,,,,,,,8/1/2021 16:16,,,,,,,,08062-2664,NJ,Non Client,372 MULLICA HILL RD,,,,,,,2567408386
,,Schenectady,,Hoffman & Miller Oil Co.,Kenneth Myers,,,,,,,,8/1/2021 11:43,,,,,,,518-346-0337,12303,NY,Non Client,1736 Chrisler Avenue,,,,,,,2567355950
,,DANBURY,,Hoffman Fuel,David Bates,,,,6/8/2020 13:54,,,,7/31/2021 15:46,,,,0,2567534870,,203-637-2239,6810,CT,Non Client; Not Prospect,170 WHITE ST,,,,,,,2567448004
,,Newtown,,Holcomb Fuel,Jim Kaiser,,Prospect,,6/8/2020 14:01,,,,8/1/2021 22:48,,,,,,,203-426-5804,6470,CT,Non Client,151 South St.,,,4/24/2020 10:57,,VP/General Mgr.,,2567336022
,,Huntingdon Val.,,Hollywood Oil Company,"Henry Weber, Jr.",,,,,,,,8/4/2021 4:52,,,,,,,215-947-5292,19006,PA,Non Client,70 Tracey Road,,,,,,,2567336322
,,BRIGHTWATERS,,Holmes Heating,Dan Holmes,,,,,,,,8/5/2021 3:02,,,,,,,,11718-1718,NY,Non Client,467 ACKERSON BLVD,,,,,,,2567525289
,,Derry,,Holmes Oil,Ed Holmes,,,,,,,,7/30/2021 22:46,,,,,,,,3038,NH,Non Client,P. O. Box F,,,,,,,2567113066
,,Holyoke,,Home Comfort Systems by Reidy,Jim Reidy,,,,,,,,8/1/2021 18:34,,,,,,,413-532-9398,1040,MA,Non Client,81 North Bridge St,,,,,,,2567355859
,,Deer Park,,Home Energy LI,CS Olsen,,,,,,,,7/31/2021 6:20,,,,,,,,,NY,Non Client,P.O. Box 808,,,,,,,2567487397
,,Brooklyn,,Home Fuel Oil Co.,Jacob Davidson,,,,,,,,8/1/2021 19:41,,,,,,,718-963-0700,11211,NY,Non Client,168 Hooper Street,,,,,,,2567537670
,,GLEN ROCK,,Home Fuel Oil Company,Carl Kopmann,,,,,,,,7/31/2021 10:24,,,,,,,,07452-1208,NJ,Non Client,471 DOREMUS AVE,,,,,,,2567547431
,,North Haven,,"Home Fuel, Inc.",Timothy Ahern,,,,,,,,8/3/2021 22:24,,,,,,,203-234-7070,6473,CT,Non Client,55 State St,P.O. Box 2066,,,,,,2567547375
,,Mattapoisett,,Home Heating Center,Jim Neville,,,,4/2/2020 11:58,,,,8/1/2021 16:06,,,,,,,508-758-6923,2739,MA,Former Hedge Client,P. O. Box 9969,4 Fairhaven Rd. (RT 6),,,,,,2567355763
,,HUGHESVILLE,,Home Heating Service,James Schuck,,,,,,,,7/31/2021 11:35,,,,,,,,17737-1719,PA,Non Client,72 S 3RD ST,,,,,,,2567113202
,,NEW MILFORD,,Home Oil,David Lamp,,,,,,,,8/3/2021 22:49,,,,,,,,06776-4304,CT,Non Client,511 DANBURY RD,,,,,,,2567402205
,,NORWALK,,Home Oil Company,Thomas Ryan,,,,6/8/2020 14:16,,,,8/2/2021 7:58,,,,,,,203-838-0609,6856,CT,Non Client,PO BOX 5403,,,4/24/2020 10:57,,,,2567452603
,,Saranac Lake,,Homenergy Services,Dan Reilly,,,,,,,,7/31/2021 11:51,,,,,,,518-891-1616,12983,NY,Non Client,33 Depot St,,,,,,,2567525421
,,Melrose,,"Homeowners Heating Company, Inc.",Bill Lajoie,,,,,,,,7/30/2021 23:05,,,,,,,617-665-0302,2176,MA,Non Client,P.O. Box 1365,,,,,,,2567335712
,,Limestone,,Hometown Fuels Inc./Poitras Service Inc.,Randy Brooker,,Prospect,,,,,,5/26/2022 19:13,,,,,,,207-325-4634,4750,ME,Non Client,13 Access Hwy,,,4/24/2020 15:10,,,,2567534779
,,Brockport,,Hometowne Energy Company,Chriss Andrews,,,,1/26/2021 14:55,,,,7/30/2021 21:18,,,,0,2567554363,,585-436-7503,14420,NY,Non Client; Not Prospect,500 Holley Street,,,,,,,2567525455
,,Spangler,,"Hoover Gas & Oil, Inc.",Harold R. Hoover,,,,,,,,8/5/2021 3:42,,,,,,,814-948-6960,15775,PA,Non Client,P.O. Box 388,,,,,,,2567408235
,,Lyndonville,,Hopkins Oil,Peter Hopkins,,,,,,,,8/3/2021 4:06,,,,,,,802-626-5555,5851,VT,Non Client,PO Box 26,43 Raymond St,,,,,,2567532515
,,Swarthmore,,Horne Brothers,Alvah S. Horne,,,,,,,,8/1/2021 4:50,,,,,,,,19081,PA,Non Client,221 Michigan Ave.,,,,,,,2567355741
,,Port Royal,,Horning Oil Co.,Martin Dreibelbis,,,,,,,,8/3/2021 23:27,,,,,,,717-527-4124,17082,PA,Non Client,P. O. Box 385,,,,,,,2567447947
,,Barrington,,Houck Service Co.,Charles H. Houck,,,,,,,,8/5/2021 2:03,,,,,,,,8007,NJ,Non Client,222 Clements Bridge,,,,,,,2567453136
,,New Britain,,Household Coal and Oil Company,Alan Gittleman,,,,,,,,8/1/2021 8:48,,,,,,,860-224-2424,6051,CT,Non Client,24 Dwight Court,,,,,Owner,,2567335788
,,Columbia,,Household Services & Sales,F. C. Ruers,,,,,,,,8/3/2021 2:33,,,,,,,,8732,NJ,Non Client,Box 1933,,,,,,,2567536419
,,Quarryville,,"Howard E. Groff, Co.","Howard E. Groff, III",,,,5/21/2020 11:50,,,,6/12/2022 9:38,,,,,,,717-786-2166,17566,PA,Non Client,111 E. State Street,,,4/30/2020 15:41,,,,2567537742
,,Harrison City,,Howard Gasoline & Oil Company Inc,Thomas Howard,,,,,,,,8/5/2021 2:32,,,,,,,724-864-5210,15636-0494,PA,Non Client,P.O. Box 494,,,,,,,2567453116
,,Bridgeport,,Howell Fuel Inc.,"Ray Howell, Sr.",,,,4/2/2020 12:10,,,,8/3/2021 21:49,,,,,,,203-259-3552,6601,CT,Former Hedge Client,PO Box 1141,,,4/2/2020 12:20,,,,2567401869
,,Kittery,,Howells Inc,James Howell,,,,,,,,7/31/2021 22:24,,,,,,,207-439-2466,3904,ME,Non Client,PO Box 344,,,,,,,2567355600
,,Bangor,,Hower & Son,Pauline A. Hower,,,,,,,,8/3/2021 3:27,,,,,,,610-588-4670,18013,PA,Non Client,121 Blue Valley Drive,,,,,,,2567336237
,,HYANNIS,,Hubbard Oil Company,Evelyn Read,,,,,,,,8/1/2021 14:29,,,,,,,,02601-0010,MA,Non Client,PO BOX 10,,,,,,,2567486911
,,Rochester,,Hub-Langie Fuel Corp.,William Huberlie,,,,,,,,8/3/2021 22:34,,,,,,,716-235-0940,14692,NY,Non Client,PO Box 23000,,,,,,,2567536597
,,,,Hudson Trucking,Russ Hudson,,,,,,,,8/2/2021 20:15,,,,,,,413-773-9841,,MA,Non Client,,,,,,,,2567532306
,,Newburgh,,Hudson Valley Oil Heat Council,Joseph D'Aprile,,,,,,,,8/4/2021 1:29,,,,,,,845-561-0462,12550,NY,Non Client,P.O. Box 2550,,,,,,,2567536500
,,Tiverton,,Humphrey Oil Company,Phil Driscoll,,,,,,,,7/31/2021 5:27,,,,,,,401-624-6611,2878,RI,Non Client,295 Main Road,,,,,,,2567336356
,,St. Marys,,"Hunt Oil Products, Inc.",Kaye H. Gutowski,,,,,,,,7/31/2021 20:05,,,,,,,814-834-3978,15857,PA,Non Client,P.O. Box 999,,,,,,,2567537479
,,Johnstown,http://www.huntoil.com/,"Hunt Oil, Inc.",Steve Suellentrop,"Hunt Oil Company is a privately held exploration and production company that has successfully conducted petroleum operations for more than 80 years. Today, it is one of the world's leading independent energy companies, with operations in North America,...",,Oil & Energy,5/21/2020 13:15,,,,2/18/2024 14:35,,,,,,,814-535-5515,15902,PA,Non Client,114 Bridge Street,,,4/30/2020 15:41,America/Chicago,,hunter_oil,2567536506
,,Carmel,,Hunter's Oil Co,Carolyn Dickson,,,,,,,,8/3/2021 6:26,,,,,,,(845) 225-5474,10512,NY,Non Client,158 Kentview Drive,,,,,,,2567355967
,,Shillington,,"Huntzinger Heating Oil, Inc.",Jack A. Huntzinger,,,,,,,,8/5/2021 2:05,,,,,,,610-777-1431,19607,PA,Non Client,128 W. Broad Street,,,,,,,2567552794
,,Lake Placid,,"Hurley Brothers,  Inc.",Michael Hurley,,,,,,,,8/1/2021 13:31,,,,,,,518-523-3391,12946-1699,NY,Non Client,268 Station St.,,,,,,,2567408383
,,Saranac Lake,,Hyde Fuel Company,Phil Hyde,,,,,,,,7/30/2021 17:31,,,,,,,518-891-3151,12983-1328,NY,Non Client,171 Broadway,,,,,,,2567447703
,,Saranac Lake,,Hyde Fuel Company,Thomas Hyde,,,,,,,,8/4/2021 20:55,,,,,,,518-891-3151,12983-1328,NY,Non Client,196 Broadway,PO Box 349,,,,,,2567543544
,,MANLIUS,,Hydronic Heating Company,Joseph Suplicz,,,,,,,,7/30/2021 23:57,,,,,,,,13104-2307,NY,Non Client,7701 KING RD,,,,,,,2567536503
,,Lancaster,,"Hy-Tec, Inc.",Robert Maser,,,,,,,,8/1/2021 8:48,,,,,,,717-656-4329,17604,PA,Non Client,P.O. Box 4844,,,,,,,2567487144
,,Mankeim,,I. K. Stoltzfus Service,Lee Stoltzfus,,,,,,,,8/1/2021 20:14,,,,,,,717-397-3503,17545-9164,PA,Non Client,1896 Auction Road,,,,,,,2567487208
,,Malden,,"I. Milton & Sons, Inc.",Dale Milton,,MOC Retail Members,,2/28/2020 12:49,,,,8/3/2021 4:40,,,,,,,781-322-6437,2148,MA,Non Client,62 Chester Street,,,5/5/2020 15:42,,,,2567524986
,,Richmond Hill,,Ideal-Quiet Heat Fuel,Paul Hare,,,,,,,,8/4/2021 7:58,,,,,,,718-849-6100,11418-2921,NY,Non Client,102-25 Atlantic Ave.,,,,,,,2567453140
,,BRIDGEPORT,,Imperial Fuel Company,Frank Scinto,,,,,,,,8/1/2021 18:35,,,,,,,,06610-2003,CT,Non Client,1900 E MAIN ST,,,,,,,2567452762
,,NUTLEY,,Imperial Fuel Oil Company Inc,Tom  & Nicholas Juliano,,,,6/8/2020 14:46,,,,8/1/2021 21:19,,,,,,,973-667-4768,07110-1922,NJ,Non Client,178 WASHINGTON AVE,,,4/27/2020 13:36,,,,2567532423
,,New Haven,,Imps Oil,Ms. Erma Imperato,,,,6/8/2020 14:47,,,,8/1/2021 17:09,,,,,,,203-467-9284,6513,CT,Non Client,991 Foxon Rd,,,4/24/2020 10:57,,,,2567543516
,,Durham,,Independence BioFuel,Garry Glatz,,,,,,,,7/30/2021 19:37,,,,,,,(207) 353-5344,4222,ME,Non Client,295 Shiloh Road,,,,,,,2567525007
,,Green Lane,,Independence Propane,Cindy Delehanty,,,,,,,,7/31/2021 5:23,,,,,,,,18054-0156,PA,Non Client,PO Box 156,,,,,,,2567447866
,,PORTLAND,,Independent Oil Company,Philip T Caufield,,Prospect,,5/4/2020 12:17,,,,7/30/2021 20:10,,,,,,,207-772-6608,04104-0711,ME,Non Client,PO BOX 711,38 Caleb Street,,4/24/2020 15:10,,,,2567335764
,,Indiana,,Indiana Fuel & Oil Co.,Ronald E. Johnson,,,,,,,,8/1/2021 20:38,,,,,,,724-465-5776,15701-0041,PA,Non Client,P.O. Box 41,,,,,,,2567113256
,,Brooklyn,,Infinity Oil Heating Corp.,Arthur Mui,,,,,,,,7/31/2021 6:38,,,,,,,,11235-5012,NY,Non Client,2550 E. 11th Street,#43,,,,,,2567543793
,,JOHNSTON,,Innovative Air Concepts Of New Enland,Paul Tierney,,,,,,,,7/31/2021 23:44,,,,,,,,02919-2112,RI,Non Client,429 GEORGE WATERMAN RD,,,,,,,2567355800
,,Lebanon,,Innovative Petroleum Equipment,David E. Stein,,,,,,,,8/2/2021 1:38,,,,,,,717-279-7550,17042,PA,Non Client,505 Vine Street,,,,,,,2567355792
,,HORSHAM,,Integrity Fuel Company,Glen Sokolis,,,,,,,,7/30/2021 18:05,,,,,,,,19044-0566,PA,Non Client,PO BOX 566,,,,,,,2567355945
,,Bronx,,Interboro Fuel,Frank Panzarino,,,,,,,,8/1/2021 21:49,,,,,,,718-597-3800,10460-2498,NY,Non Client,1162 E Tremont Ave.,,,,,,,2567525380
,,Malden,,Intercity Oil Heating,Allan Rothenberg,,,,6/8/2020 15:18,,,,7/31/2021 7:18,,,,,,,617-321-0565,2148,MA,Non Client,96-A Fairmont Street,,,2/28/2020 12:36,,,,2567447658
,,Poughquag,,Intercounty Petroleum Co. Inc.,Keith McCulloch,,,,,,,,8/2/2021 3:57,,,,,,,845-226-5782,12570,NY,Non Client,P.O. Box 755,,,,,,,2567447856
,,Johnston,,Interstate Petroleum,Gary Duva,,,,,,,,7/31/2021 13:26,,,,,,,401-943-4380,2919,RI,Non Client,220 Simmonsville Ave.,,,,,,,2567402487
,,Newburgh,,Ira D. Conklin & Sons,Ira Conklin,,,,,,,,8/2/2021 20:47,,,,,,,845-561-1512,12550,NY,Non Client,P.O. Box 7457,94 Stewart Avenue,,,,,,2567447715
,,Penn Yan,,Ira Wyman Fuels,Larry Young,,,,,,,,7/30/2021 14:31,,,,,,,315-536-9242,14527-0350,NY,Non Client,P.O. Box 350,,,,,,,2567487412
,,Vernon,,Ireland Oil Company,David J. Logan,,,,4/2/2020 12:37,,,,8/4/2021 4:40,,,,,,,860-875-1906,6066,CT,Exceptional Relationship,171 Union St,,,,,President,,2567112842
,,Buffalo,,Irish Propane Corp.,Matthew Irish Jones,,,,,,,,8/1/2021 15:25,,,,,,,,14212-0409,NY,Non Client,PO Box 409,,,,,,,2567532401
,,ISLESBORO,,Island Fuel Service,Bruce Frank,,,,,,,,8/4/2021 21:28,,,,,,,,4848,ME,Non Client,Hcr 213,,,,,,,2567545377
,,Farmingdale,,Itak Heating & Colling,Frank Itak,,,,,,,,8/3/2021 1:05,,,,,,,732-938-9311,7727,NJ,Non Client,10 Farmingdale Pkwy,,,,,,,2567525407
,,Providence,,Izzi & Sons Inc,Mike Izzi,,,,,,,,7/30/2021 18:40,,,,,,,401-751-4860,2909,RI,Non Client,181 Valley St,,,,,,,2567452903
,,North Providence,,Izzo's Oil Service,Richard Girasole,,,,,,,,8/3/2021 23:53,,,,,,,401-231-2450,2911,RI,Non Client,28 Howard Ave,,,,,,,2567487503
,,Watertown,,"J & D Oil Co., LLC",Frank Wheelahan,,,,,,,,7/31/2021 22:00,,,,,,,(860) 274-1856,6795,CT,Non Client,402 Georgetown Drive,,,,,,,2567486863
,,Naugatuck,,J & D Oil Company,Michael Sautter,,,,,,,,7/31/2021 16:19,,,,,,,203-723-1545,6770,CT,Non Client,P.O. Box 999,,,,,,,2567534583
,,Doylestown,,"J & D Sales, Inc.",Darryl Billemeyer,,,,,,,,8/2/2021 23:28,,,,,,,215-348-2012,18901,PA,Non Client,4238 Cold Spring Creamery Road,,,,,,,2567447943
,,NATIONAL PARK,,J & J Family Fuel Inc,Lois Yearicks,,,,,,,,8/4/2021 19:58,,,,,,,,08063-1602,NJ,Non Client,710 CROZIER AVE,,,,,,,2567452885
,,Bronx,,J & J Heating Fuel Corp,Julio Goris,,,,,,,,8/2/2021 21:04,,,,,,,718-293-4763,10462,NY,Non Client,1733 White Plains Rd.,,,,,,,2567113154
,,Lake Pleasant,,"J & R Eldredge, Inc.",Robert Eldredge,,,,,,,,8/4/2021 20:38,,,,,,,000-548-5243,12108,NY,Non Client,"HC 1, Box 8",,,,,,,2567487355
,,Maukster,,"J & S Oil Co., Inc",William Norwood,,,,,,,,8/4/2021 23:17,,,,,,,,,,Non Client,,,,,,,,2567532323
,,Manchester,,J & S Oil Company Inc.,John L. Babb,,Hope's Leads,,5/4/2020 12:20,,,,7/31/2021 13:22,,,,0,2567537223,,207-622-1609,4351,ME,Non Client,PO Box 8,867 Western Ave,,4/24/2020 15:10,,,,2567545382
,,Staten Island,,J K Petroleum Inc.,Richie Dhillon,,,,6/17/2020 14:58,,,,8/1/2021 15:03,,,,,,,(718) 420-5100,10302,NY,Non Client,98 Jewett Avenue,,,,,,,2567536443
,,Somerset,,J&J Truck Bodies & Trailers,John Stoklosa,,,,,,,,8/4/2021 21:09,,,,,,,,15501-7352,PA,Non Client,10558 Somerset Pike,,,,,,,2567525417
,,Manchester,,J. A. Bourque and Sons,Jerry Bourque,,,,4/2/2020 13:02,,,,7/31/2021 18:41,,,,,,,603-623-4802,3104,NH,Non Client,30 Ohio Ave,,,,,,,2567336182
,,TRENTON,,J. B. Richardson & Sons Inc,Joseph Quinn,,,,,,,,8/5/2021 4:09,,,,,,,,08638-0028,NJ,Non Client,PO BOX 5028,,,,,,,2567355934
,,Norwood,,"J. C. Merriman, Inc.",Charles Merriman,,,,,,,,8/3/2021 1:31,,,,,,,315-353-6626,13668-0270,NY,Non Client,90 South Main St.,,,,,,,2567113100
,,Albany,,J. C. Quinn & Sons,Roger Quinn,,,,,,,,8/5/2021 4:37,,,,,,,518-459-7020,12205,NY,Non Client,48 Quincy Street,,,,,,,2567336284
,,Calais,,J. D. Thomas Inc,William Gordon,,Prospect,,6/8/2020 15:36,,,,7/31/2021 8:22,,,,0,2567538651,,207-454-2134,4619,ME,Non Client,197 Main Street,PO BOX 423,,4/24/2020 15:10,,,,2567543487
,,EDISON,,J. D.'s Of Edison Inc,James Doherty,,,,,,,,8/2/2021 3:09,,,,,,,,08817-3471,NJ,Non Client,1711 ROUTE 27,,,,,,,2567112992
,,Hatboro,,"J. F. Hierholzer, Mechanical",J. Frank Hierholzer,,,,,,,,7/31/2021 5:49,,,,,,,215-675-1076,19040,PA,Non Client,236 E. Moreland Avenue,,,,,,,2567532419
,,Gettysburg,,"J. F. Waybrant & Sons, Inc.",Scott Waybrant,,,,,,,,8/1/2021 11:15,,,,,,,717-334-8133,17325,PA,Non Client,P.O. Box 4447,,,,,,,2567336243
,,PHILADELPHIA,,"J. Ferrante And Sons, Inc.",Jim Ferrante,,,,,,,,7/31/2021 16:49,,,,,,,,19120-3421,PA,Non Client,175 W WELLENS AVE,,,,,,,2567356039
,,NEWARK,,J. Frank Post Inc,Kenneth Epp,,,,6/8/2020 15:38,,,,8/1/2021 19:14,,,,,,,973-482-0208,07104-4415,NJ,Non Client,894 BROADWAY,,,4/27/2020 13:36,,,,2567113129
,,ELKRIDGE,,"J. H. Toomey & Sons, Inc.",Charles Toomey Jr.,,,,,,,,8/1/2021 15:01,,,,,,,,21075-5135,MD,Non Client,5871 WASHINGTON BLVD,,,,,,,2567537373
,,CLIFTON HEIGHTS,,J. Halligan & Sons,Bob Parella,,,,,,,,8/3/2021 3:21,,,,,,,,19018-1018,PA,Non Client,523 SEVEN OAKS DR,,,,,,,2567545523
,,TRENTON,,J. J. Doherty & Company Inc,Timothy Doherty,,,,,,,,7/31/2021 8:21,,,,,,,,08610-5808,NJ,Non Client,1406 CHAMBERS ST,,,,,,,2567547336
,,Numidia,,"J. J. Fuel, Inc.",Polly Sharrow,,,,,,,,8/5/2021 3:40,,,,,,,570-799-5711,17858-0038,PA,Non Client,Box 38,,,,,,,2567525402
