About Us,CAP/ Budget ,City,Company Domain Name,Company name,Contact,Description,ID/Status,Industry,Last Activity Date,Last Contacted,Last Engagement Date,Last Logged Call Date,Last Modified Date,Lead Status,Merged Company IDs,NOTE WORTHY,Number of child companies,Parent Company,Phone Ext-,Phone Number,Postal Code,State/Region,Status (Relationship),Street Address,Street Address 2,Target Account,Time First Seen,Time Zone,Title,Twitter Handle,Organization Id
,,Middletown,,Wallace Oil Inc.,Jim,,,,,,,,8/2/2021 19:52,,,,,,,845-343-6909,10940,NY,Non Client,10 Sand Station Road,,,,,,,2567335801
,,Harvey Cedars,,Wallach Petroleum Corp.,Philip Garfinkel,,,,,,,,4/22/2022 20:18,,,,,,,732-505-0117,8008,NJ,Non Client,PO Box 3246,,,4/27/2020 13:36,,,,2567408380
,,SOUTHWEST HARBOR,,Walls Coal Company,William Carroll,,Prospect,,5/4/2020 15:43,,,,8/3/2021 3:15,,,,,,,207-244-3226,04679-0283,ME,Non Client,PO BOX 283,Main Street,,4/24/2020 15:10,,,,2567113062
,,HAMPSTEAD,,Walsh Fuel & Supply Co.,Ralph Walsh,,,,,,,,8/1/2021 7:09,,,,,,,,21074-2175,MD,Non Client,1618 HANOVER PIKE,,,,,,,2567536366
,,Pottstown,,Walter F. Schwab Company,W. Richard Schwab,,,,,,,,7/31/2021 16:52,,,,,,,610-323-4700,19464,PA,Non Client,P.O. Box 577,,,,,,,2567543645
,,Yeagertown,,Walter Heating Oil Service,Michael Walter,,,,,,,,7/31/2021 5:28,,,,,,,717-248-1286,17099,PA,Non Client,576 Ewardtown Road,,,,,,,2567536441
,,Kingston,,Walter S. Clark & Sons Fuel Oil,Skip Clark,,,,,,,,7/31/2021 21:05,,,,,,,(603) 642-3321,03848-3222,NH,Non Client,138 Main Street,,,,,,,2567554344
,,Rensselaer,,Walter S. Pratt & Sons Inc.,Alex Shannon,,,,,,,,7/30/2021 15:50,,,,,,,518-465-1549,12144,NY,Non Client,317 Columbia Street,,,,,,,2567543755
,,Gilbert,,Warner's Propane & Oil,Gary L. Warner,,,,,,,,8/2/2021 2:47,,,,,,,(610) 681-4181,18331-9728,PA,Non Client,1202 Interchange Road,,,,,,,2567447944
,,Worcester,,Warren Oil,Steve Barkin,,,,,,,,8/2/2021 3:35,,,,,,,508-752-4088,1605,MA,Non Client,99 Crescent St,,,,,,,2567524991
,,West Hartford,,Washburn Oil Company,Richard Washburn,,,,,,,,7/31/2021 0:00,,,,,,,,6107,CT,Non Client,P.O. Box 188,,,,,,,2567355520
,,WASHBURN,,Washburn Petroleum,Mark,,,,,,,,8/5/2021 2:30,,,,,,,,04786-0572,ME,Non Client,PO BOX 572,,,,,,,2567525354
,,Plymouth,,Waterfront Enterprises Inc.,Stanley Tavares,,,,,,,,8/1/2021 5:37,,,,,,,(508) 989-1777,2360,MA,Non Client,58 Seven Hills Rd.,,,,,,,2567408289
,,Putnam,,Waters Brothers Oil Co,Rodney Waters,,,,,,,,8/1/2021 21:28,,,,,,,860-928-3375,6260,CT,Non Client,15 Pearl Ave,,,,,,,2567112998
,,Baltimore,,Watkins Fuel,Dave Watkins,,,,,,,,8/1/2021 12:43,,,,,,,,21234,MD,Non Client,2 Greenleaf Rd.,,,,,,,2567532332
,,LYNBROOK,,Wayne Fuel Oil,Darrel Groce,,,,,,,,8/1/2021 15:12,,,,,,,,11563-1335,NY,Non Client,43 PROSPECT AVE N,,,,,,,2567452882
,,Brooklyn,,Weather Fuel,Alan Weintraub,,,,,,,,8/4/2021 19:21,,,,,,,718-647-1400,11208,NY,Non Client,802 Jamaica Ave.,,,,,,,2567534825
,,Manchester Center,,"Webber Discount Fuel, Inc.",Keith Webber,,,,,,,,7/30/2021 20:04,,,,,,,(802) 362-1183,5255,VT,Non Client,5575 Main Street,,,,,Owner,,2567537776
,,FARMINGTON,,Webster Heating Company,Mark Johnson,,,,,,,,7/31/2021 7:00,,,,,,,,4938,ME,Non Client,211 Perham Street,,,,,,,2567408073
,,PELHAM,,Webster Oil Company,Jim,,,,,,,,7/31/2021 17:48,,,,,,,,10803-0645,NY,Non Client,PO BOX 645,,,,,,,2567525454
,,Somerville,,Wehof Forms,Robert Kostick,,,,6/2/2020 12:28,,,,3/31/2022 14:42,,,,,,,,8876,NJ,Not Prospect,42 Readington Rd,,,4/30/2020 15:41,,,,2567537790
,,Milford,,Weil-McLain,Dave Walsh,,,,,,,,7/31/2021 16:01,,,,,,,508-478-6800,1757,MA,Non Client,100 Medway Road,,,,,,,2567537252
,,Perth Amboy,,Well Oil Co,Joseph Russo,,,,,,,,5/30/2022 1:31,,,,,,,732-826-3170,8862,NJ,Non Client,P.O. Box 229,165 Washington St,,4/27/2020 13:36,,,,2567543595
,,JERSEY CITY,,Wellen Oil And Chemical Inc,Morris Wellen,,,,,,,,8/4/2021 20:09,,,,,,,,07304-1703,NJ,Non Client,81 GIFFORD AVE,,,,,,,2567545392
,,Montvale,,Wellesley,Robert Milkosky,,,,,,,,8/2/2021 8:19,,,,,,,201-476-9700,07645-1859,NJ,Non Client,75 Chestnut Ridge Road,,,,,Vice President,,2567408059
,,BAYONNE,,Wellex Shulman Fuel Company,Arthur Shulman,,,,,,,,7/31/2021 15:34,,,,,,,,07002-1253,NJ,Non Client,256 KENNEDY BLVD,,,,,,,2567335810
,,Sanborn,,Wendt's Propane Gas Service,Jacob Wendt,,,,,,,,8/4/2021 3:21,,,,,,,,14132-9344,NY,Non Client,5910 Ward Rd,,,,,,,2567408063
,,Bath,,Werner Fuel Oil,Jeffrey S. Werner,,,,,,,,8/1/2021 17:43,,,,,,,610-837-0414,18014,PA,Non Client,140 Mill Street,,,,,,,2567402222
,,Paxinos,,Werner Fuels,Donald Werner,,,,,,,,7/31/2021 1:02,,,,,,,570-286-5089,17860,PA,Non Client,224 Renns Road,,,,,,,2567453124
,,Waterford,,WESROC Monitoring Solutions,Mike O'Brien,,,,,,,,8/5/2021 4:14,,,,,,,(866) 493-7762,1211,NY,Non Client,26 Murry Avenue,,,,,,,2567402386
,,Williamsport,,West Branch Petroleum,Joseph G. Stewart,,,,,,,,7/31/2021 17:56,,,,,,,570-323-2973,17702,PA,Non Client,213 Stewart Road,,,,,,,2567543578
,,BROOKLYN,,West End Crockett Fuel Oil Co Inc,Jesse Merone,,,,,,,,7/31/2021 22:29,,,,,,,,11214-4534,NY,Non Client,1723 BATH AVE,,,,,,,2567543790
,,Marysville,,"West Shore Oil Co., Inc.",Brian Walters,,Trade Publications,,5/20/2020 10:32,,,,8/1/2021 14:15,,,,,,,717-957-2121,17053-0127,PA,Non Client,P. O. Box 127,,,4/30/2020 15:41,,,,2567447853
,,Bronx,,West Star Fuel Oil Corp,Mike Mikaelian,,,,,,,,8/1/2021 11:19,,,,,,,(718) 547-2300,10475,NY,Non Client,3327 Delavall Ave,,,,,,,2567536455
,,Ligonier,,West Star Petroleum Company,Jeremy McKlveen,,,,,,,,8/1/2021 16:13,,,,,,,724-238-8599,15658,PA,Non Client,393 Waterford-Laughlintown Road,,,,,,,2567487379
,,Mount Vernon,,West Vernon Petroleum Corp.,Harvey Wiles,,,,,,,,8/3/2021 2:58,,,,,,,800-252-3835,10550,NY,Non Client,701 S. Columbus Ave.,,,,,,,2567402522
,,Schenectady,,Westcott Oil Co.,Joseph Mirabito,,,,,,,,8/1/2021 17:21,,,,,,,607-352-2911,12306,NY,Non Client,34 South Westcott Rd.,,,,,,,2567487324
,,WESTMINSTER,,Westminister Heating Company,Allen Arsenault,,,,,,,,8/1/2021 16:34,,,,,,,,01473-1108,MA,Non Client,219 S ASHBURNHAM RD,,,,,,,2567401910
,,West Suffield,,Westside Oil Co,Lisa Chapman,,,,,,,,8/1/2021 7:08,,,,,,,860-668-4322,6093,CT,Non Client,27 Babbs Rd.,,,,,,,2567525029
,,CLINTON,,Weymouth's Inc,Terry Weymouth,,Prospect,,6/16/2020 15:58,,,,3/31/2022 16:54,,,,0,2567335766,,207-426-3211,04927-9639,ME,Non Client; Not Prospect,121 Mutton Lane Road,,,4/24/2020 15:10,,,,2567537429
,,WHIPPANY,,Whaleco/Campbell Pratt,Ed Tyler,,,,,,,,8/3/2021 5:33,,,,,,,,07981-0932,NJ,Non Client,PO BOX 932,,,,,,,2567534808
,,Chester,,Wheeler Oil Co,Lee Wheeler,,,,,,,,7/31/2021 13:30,,,,,,,413-354-2292,1011,MA,Non Client,21 Main Street,,,,,,,2567447772
,,Providence,,White Fuel Co,Richard Gower,,,,,,,,8/1/2021 19:01,,,,,,,401-944-9004,2905,RI,Non Client,12 Hylestead St,,,,,,,2567537746
,,Burlington,,Whitehouse Fuels,Pat Whitehouse,,,,,,,,7/31/2021 11:51,,,,,,,802-864-4965,5401,VT,Non Client,102 N Winooski Ave,,,,,,,2567554415
,,West Chatham,,Whiteley Fuel Oil,David Peters,,,,,,,,7/31/2021 18:28,,,,1,,,(508) 945-5599,2669,MA,Non Client,PO Box 1468,,,,,,,2567407966
,,Middlesex,,Whitemarsh Corporation,Mark Towey,,,,,,,,8/5/2021 2:23,,,,,,,732-356-7070,8460,NJ,Non Client,80 Baekeland Avenue,,,,,,,2567536310
,,Dickerson,,White's Ferry,Edwin Brown,,,,,,,,7/31/2021 10:57,,,,,,,(301) 349-5200,20842,MD,Non Client,24801 White's Ferry Road,,,,,President,,2567543468
,,Sunbury,,Whitmer Fuels Inc.,Richard E. Whitmer,,,,,,,,8/1/2021 13:21,,,,,,,717-286-6743,17801,PA,Non Client,P. O. Box 469,,,,,,,2567336100
,,New Rochelle,,Wilco Energy Corp.,Bill Cirillo,,,,,,,,8/3/2021 2:04,,,,,,,914-235-0195,10801,NY,Non Client,95 Plain Avenue,,,,,,,2567545483
,,Milford,,Wiley Oil Co.,Joe Wiley,,,,,,,,8/4/2021 23:47,,,,,,,302-422-4497,19963,DE,Non Client,PO Box 196,,,,,,,2567452622
,,Somerset,,Wilkinson Gas Supply,Matthew Wilkinson,,,,,,,,7/31/2021 2:24,,,,,,,508-672-0242,2725,MA,Non Client,329 Wlbur Ave,,,,,,,2567532307
,,CRESSON,,"Wilkinson Petroleum Supply, Inc.","Willrd A. Wilkinson, IV",,,,,,,,8/1/2021 18:32,,,,,,,,16630-0090,PA,Non Client,PO BOX 90,,,,,,,2567537704
,,CHELSEA,,William E. Fowler And Son Inc,Daniel C Fowler,,,,12/21/2020 14:40,,,,8/2/2021 0:36,,,,,,,,02150-3344,MA,Non Client; Not Prospect,295 EASTERN AVE,,,,,,,2567448151
,,Rochester Mills,,"William G. Satterlee & Sons,",David E. Satterlee,,,,,,,,8/3/2021 22:37,,,,,,,724-397-2400,15771,PA,Non Client,"12475 Route 119, Highway North",,,,,,,2567448133
,,WARMINSTER,,William Hobensack's And Sons,William Hobensack,,,,,,,,7/31/2021 4:40,,,,,,,,18974-1773,PA,Non Client,1060 GREELEY AVE,,,,,,,2567452895
,,PITMAN,,William J Shaw Inc,William Shaw,,,,6/16/2020 16:00,,,,8/1/2021 12:12,,,,,,,856-589-5778,08071-0176,NJ,Non Client,PO BOX 176,,,4/27/2020 13:36,,,,2567532233
,,THREE BRIDGES,,William McCreery Inc,William McCreery III,,,,,,,,8/2/2021 0:48,,,,,,,,08887-0437,NJ,Non Client,PO BOX 437,,,,,,,2567408101
,,New Hyde Park,,"William Rella & Sons, Inc",William J. Rella,,,,,,,,8/2/2021 22:53,,,,,,,516-437-5100,11040-5253,NY,Non Client,161 Lakeville Road,,,,,,,2567113247
,,Athens,http://www.williamsoil.com/,Williams Oil & Propane (WOC),Duane Phillips,"Williams Oil Company, Inc. is your trusted partner in the oil and gas industry. We're committed to delivering quality energy solutions, environmental sustainability, and excellence to meet your needs.",,Oil & Energy,4/21/2020 12:00,,,,2/21/2024 19:30,,,,,,,(570) 888-4344,18810,PA,Former Hedge Client; Not Prospect,"101 North Main Street, STE 1",,,4/21/2020 12:02,America/New_York,Operations Manager,,2567545309
,,SANFORD,,Williams Oil Company,Verne MacDonald,,,,,,,,8/1/2021 11:31,,,,,,,,04073-3954,ME,Non Client,41 BERWICK ST,,,,,,,2567532222
,,Quakertown,,"Willie's Oil, Inc.",William Gerhart,,,,,,,,8/1/2021 21:32,,,,,,,215-536-2709,18951,PA,Non Client,322 N. West End Boulevard,,,,,,,2567525526
,,Reading,,Willow Creek,Scott Adams,,,,,,,,8/3/2021 7:42,,,,,,,610-926-5292,19605,PA,Non Client,212 Slater Rd,,,,,,,2567447934
,,Willow Grove,,Willow Grove Lumber & Coal Co.,Hans C. Stitzinger,,,,,,,,7/31/2021 10:00,,,,,,,215-659-0500,19090,PA,Non Client,5 Davisville Road,,,,,,,2567547352
,,West Middlesex,,"Wilmington Oil Co., Inc.",James P. Huston,,,,,,,,8/4/2021 23:45,,,,,,,724-528-1200,16159,PA,Non Client,P.O. Box 233,,,,,,,2567532427
,,DOVER,,Wilpat Enterprises,Matthew Barrick,,,,,,,,8/1/2021 13:03,,,,,,,,7801,NJ,Non Client,111 Bassett Highway,,,,,,,2567355544
,,TRURO NOVA SCOTIA,,Wilson Fuel Company Limited,Dave Wilson,,,,,,,,8/1/2021 19:04,,,,,,,,,NY,Non Client,PO Box 744,,,,,,,2567447890
,,BURNHAM,,"Wilson Gulf Supply, Inc.",Michael L. Wilson,,,,,,,,7/31/2021 20:10,,,,,,,,17009-0097,PA,Non Client,PO BOX 97,,,,,,,2567355681
,,Belle Vernon,,"Wilson Home Heating, Inc.",Kim Greenwalt,,,,,,,,8/4/2021 0:14,,,,,,,724-379-5549,15012-9804,PA,Non Client,215 Verde Lane,,,,,,,2567452893
,,Federalsburg,,Wilson Oil Company,Richard Wilson,,,,,,,,7/31/2021 11:52,,,,,,,,21632-0465,MD,Non Client,PO BOX 465,,,,,,,2567113036
,,SAINT JAMES,,Windmill Utilities,Allen Selinger,,,,,,,,3/15/2024 15:11,,,,,,,,11780-3219,NY,Non Client; Not Prospect,944 MIDDLE COUNTRY RD,,,,,,,2567408397
,,Hallowell,,Wingate-Lathe Oil Co,Fred Wingate,,,,,,,,8/3/2021 6:29,,,,,,,207-622-7521,4347,ME,Non Client,191 Water Street,,,,,,,2567543762
,,Boston,,Winn Companies,John Tarrant,,,,6/4/2020 13:08,,,,4/1/2022 12:09,,,,,,,(617) 239-4593,2109,MA,Non Client; Not Prospect,6 Faneuil Hall Marketplace,,,,,Vice President of Energy,,2567452809
,,WINTERPORT,,Winterport Oil Company,Phillip Sherwood,,,,,,,,8/4/2021 18:06,,,,,,,,04496-0243,ME,Non Client,PO BOX 243,,,,,,,2567552900
,,Port Allegany,,"Witter Gas & Oil Co., Inc.","Herbert G. Witter, Jr.",,,,,,,,8/1/2021 18:54,,,,,,,814-642-2577,16743,PA,Non Client,P.O. Box 367,,,,,,,2567408141
,,Newtown,,"Wm. W. Fabian & Son, Inc.","Frank B. Fabian, Jr.",,,,,,,,8/2/2021 0:41,,,,,,,215-968-3866,18940,PA,Non Client,P.O. Box 242,,,,,,,2567408448
,,York Springs,,Wolf's Fuel Oil,Edwin Wolf,,,,,,,,8/4/2021 21:52,,,,,,,717-528-4132,17372-0190,PA,Non Client,PO BOX 190,,,,,,,2567487145
,,Machiasport,,Wood Cash Fuel,David Wood,,Prospect,,,,,,8/4/2021 20:01,,,,,,,207-255-8007,4655,ME,Non Client,HCR 70 Box 258,,,4/24/2020 15:10,,,,2567537677
,,Bullville,,"Woodard's Concrete Products, Inc.",Jon Patton,,,,,,,,8/2/2021 5:30,,,,,,,(845) 361-3471,10915,NY,Non Client,629 Lybolt Road,PO Box 8,,,,,,2567452715
,,Baltimore,,Woodrow H. Kratz Sales & Service,Woody Kratz,,,,,,,,8/1/2021 11:22,,,,,,,,21223-2150,MD,Non Client,16 S CALVERTON RD,,,,,,,2567452792
,,Woods Hole,,"Woods Hole, Martha's Vineyard & Nantucket Steamship Authority",Wayne Lamson,,,,,,,,7/31/2021 4:06,,,,,,,(508) 548-5011,2543,MA,Non Client,P.O. Box 284,,,,,General Manager,,2567486996
,,Millville,,Woolcock Oil Co.,"Gerald L. Woolcock, Sr.",,,,,,,,7/31/2021 23:11,,,,,,,570-458-5822,17846,PA,Non Client,P.O. Box 186,,,,,,,2567545486
,,Lincoln,,Worcester Brothers,Don Worcester,,Prospect,,5/4/2020 15:47,,,,8/2/2021 4:53,,,,,,,207-794-6544,4457,ME,Non Client,130 Main street,,,4/24/2020 15:10,,,,2567545373
,,Portland,,WorkBoat MAgazine,Bob Callahan,,,,,,,,7/31/2021 4:37,,,,,,,(800) 842-5404,4112,ME,Non Client,P.O. Box 7437,,,,,,,2567532246
,,Manheim,,"Worley & Obetz, Inc.",Jeffrey Lyons,,,,4/30/2020 15:35,,,,8/5/2021 2:01,,,,,,,(717) 665-6891,17545-0429,PA,Former Hedge Client,P.O. Box 429,,,,,,,2567525253
,,Rockledge,,"Wright & Wright, Inc.",James Stampler,,,,,,,,7/31/2021 23:32,,,,,,,215-379-4880,19046-4258,PA,Non Client,145 Rockledge Ave,,,,,,,2567447992
,,,,Wright Express,Shawn McCarthy,,,,,,,,8/4/2021 7:43,,,,,,,,,,Non Client,,,,,,,,2567112986
,,Derby,,Wright's Plumbing & Heating,Steve Wright,,,,,,,,8/2/2021 18:08,,,,,,,802-334-6976,5829,VT,Non Client,PO Box 563,,,,,,,2567537515
,,Wurtsboro,,Wurtsboro Oil,Ron Brown,,,,,,,,8/2/2021 18:56,,,,,,,,12790-0246,NY,Non Client,PO Box 246,,,,,,,2567335777
,,Milford,,Wylie & Julian Oil Service Inc.,Charles Julian,,,,,,,,7/31/2021 18:11,,,,,,,508-473-9566,1757,MA,Non Client,12 Spring Street,,,,,,,2567532221
,,East Falmouth,,Wynne Oil Co,Jim,,,,,,,,8/4/2021 23:19,,,,,,,508-548-7600,2536,MA,Non Client,8 Old Meeting House Rd,,,,,,,2567335742
,,CLINTON,,Y & S Burner Service Inc,Richard Yurasek,,,,6/16/2020 16:10,,,,4/1/2022 13:22,,,,,,,908-735-7229,08809-0034,NJ,Non Client; Not Prospect,PO BOX 5034,,,4/27/2020 13:36,,,,2567534724
,,Wallingford,,Yale Oil & Heating,John Yale,,,,,,,,7/31/2021 11:42,,,,,,,203-269-8404,6492,CT,Non Client,339 North Cherry St Ext,,,,,,,2567525062
,,Tuckahoe,,Yank Marine Inc.,Jillian Yank,,,,,,,,8/1/2021 16:40,,,,,,,(609) 628-2928,8250,NJ,Non Client,P.O. Box 569,,,,,,,2567452869
,,Lakewood,,Yaw Oil Co.,Theodore Bogdan,,,,,,,,8/1/2021 0:57,,,,,,,716-763-2025,14750-0036,NY,Non Client,PO Box 36,2 E. Second Street,,,,,,2567355996
,,Plymouth,,Yeaton Oil Co,Dean Yeaton,,,,,,,,7/31/2021 13:13,,,,,,,603-536-2738,3264,NH,Non Client,210 Yeaton Rd,,,,,,,2567335911
,,BATH,,Yelsits Plumbing & Heating Inc,Richard Yelsits,,,,,,,,8/1/2021 14:54,,,,,,,,18014-9390,PA,Non Client,2799 E BEERSVILLE RD,,,,,,,2567536481
,,York,,"York Oil Service, Inc.",LeRoy McCarthy,,,,,,,,7/31/2021 2:36,,,,,,,717-848-2957,17403,PA,Non Client,714 Loucks Mill Road,,,,,,,2567355951
,,S. Portland,,Yorkie Oil,Bob Schwartz,,,,,,,,8/3/2021 19:44,,,,,,,207-799-2000,4106,ME,Non Client,49 Elderberry Drive,,,,,,,2567486913
,,Olyphant,,York's Gas Station,Sandra V. Beecroft,,,,,,,,3/15/2024 14:58,,,,,,,570-254-6786,18447,PA,Non Client; Not Prospect,"R.D. 1, Box 459A",,,,,,,2567408426
,,Carver,,Youngman's Oil Co.,John Youngman,,MOC Retail Members,,6/16/2020 16:14,,,,8/2/2021 0:02,,,,,,,508-866-4545,2330,MA,Non Client,101 Rochester Rd.,,,5/5/2020 15:42,,,,2567335842
,,Huntington Station,,Zadrozny Fuel,John Zadrozny,,,,,,,,7/31/2021 7:27,,,,,,,(631) 427-2389,11746,NY,Non Client,342 Oakwood Rd,,,,,,,2567487322
,,Washington,,"Zappi Oil & Gas Co., Inc.",Ed Zappi,,Prospect,,6/2/2020 13:03,,,,8/1/2021 8:49,,,,,,,724-222-9188,15301,PA,Non Client,44 Bridge Street,,,4/30/2020 15:41,,,,2567543783
,,Coatesville,,"Zeke's, Inc.",Joseph J. DiSciullo,,,,,,,,8/4/2021 21:12,,,,,,,610-384-5119,19320,PA,Non Client,444 W. Lincoln Highway,,,,,,,2567355961
,,Bedford,,"Zembower Oil, Inc.",John Zembower,,,,,,,,8/4/2021 22:22,,,,,,,814-623-2148,15522,PA,Non Client,P.O. Box 265,,,,,,,2567452939
,,New York,,Zerve,John Dandeneau,,,,,,,,8/2/2021 22:30,,,,,,,(800) 979-3370,10013,NY,Non Client,333 Hudson St.,6th Floor,,,,,,2567447701
,,BAYONNE,,Zientek Bros. Inc,Walter Zientek,,,,,,,,8/2/2021 21:24,,,,,,,,07002-5213,NJ,Non Client,28 KENNEDY BLVD,,,,,,,2567537445
,,ALLENTOWN,,"Zongora Fuel, Inc.",Rick Zongora,,,,,,,,7/31/2021 11:24,,,,,,,,18103-4359,PA,Non Client,1545 E SUSQUEHANNA ST,,,,,,,2567534863
