About Us,CAP/ Budget ,City,Company Domain Name,Company name,Contact,Description,ID/Status,Industry,Last Activity Date,Last Contacted,Last Engagement Date,Last Logged Call Date,Last Modified Date,Lead Status,Merged Company IDs,NOTE WORTHY,Number of child companies,Parent Company,Phone Ext-,Phone Number,Postal Code,State/Region,Status (Relationship),Street Address,Street Address 2,Target Account,Time First Seen,Time Zone,Title,Twitter Handle,Organization Id
,,JERSEY CITY,,"Theodore Cebula Fuel Service, Inc.",Michael  & Mary Cebula,,,,6/16/2020 11:10,,,,5/22/2022 18:51,,,,,,,201-653-5793,07306-5116,NJ,Non Client,163 TONNELE AVE,,,4/27/2020 13:36,,,,2567525167
,,SPRINGFIELD,,Thibault Oil Co.,Butch Thibault,,,,,,,,7/31/2021 12:28,,,,,,,,01138-0053,MA,Non Client,PO Box 80053,,,,,,,2567448042
,,Topsham,,Thibeault Energy,Conrad Thibeault,,,,4/14/2020 11:53,,,,8/3/2021 21:16,,,,,,,207-729-3337,04086-0600,ME,Former Hedge Client,P. O. Box 600,190 Pleasant Street,,,,CEO,,2567487332
,,FRIENDSHIP,,Thibodeau Oil Company,Theron Thibodeau,,Prospect,,6/16/2020 11:16,,,,7/31/2021 19:42,,,,,,,207-832-4820,4547,ME,Non Client,129 Waldoboro Road,,,4/24/2020 15:10,,,,2567543552
,,No. Tonawanda,,"Thiele, Inc.",Paul Thiele,,,,,,,,7/31/2021 19:13,,,,,,,716-692-4400,14120-1398,NY,Non Client,7485 Shawnee Road,,,,,,,2567525182
,,SAYREVILLE,,Thomas & Chadwick Inc,Joseph Chadwick,,,,,,,,8/1/2021 23:53,,,,,,,,08872-1730,NJ,Non Client,6 WASHINGTON RD,,,,,,,2567543838
,,ALLENTOWN,,Thomas B. Coleman Fuel Service Inc,Thomas B. Coleman,,,,,,,,8/3/2021 2:38,,,,,,,,08501-0276,NJ,Non Client,PO BOX 276,,,,,,,2567543918
,,GAITHERSBURG,,"Thomas W. Perry, Inc.",Thomas Perry III,,,,,,,,7/31/2021 18:35,,,,,,,,20879-1505,MD,Non Client,8131 SNOUFFERS SCHOOL RD,,,,,,,2567453226
,,HOULTON,,Thompson Oil Company,Lester Thompson,,,,,,,,8/2/2021 23:26,,,,,,,207-532-2123,04730-0646,ME,Non Client,PO BOX 646,,,,,,,2567543677
,,Waynesboro,,Thompson Oil Company,Andrena Stouffer,,,,,,,,8/1/2021 16:11,,,,,,,717-762-3011,17268,PA,Non Client,P.O. Box 589,,,,,,,2567487124
,,frederick,,"ThompsonGas, LLC",Dan Carrigan,,,,,,,,8/5/2021 0:06,,,,,,,,21703,MD,Non Client,PO Box 158,5260 Westview Drive Suite 200,,,,,,2567534760
,,MORRILL,,Thompson's Oil Company,David Thompson,,,,,,,,7/31/2021 21:45,,,,,,,,04952-9801,ME,Non Client,RR 1 BOX 2648,,,,,,,2567543676
,,Philadelphia,,Thornton Refigeration and A.C.,Robert Thornton,,,,,,,,3/15/2024 15:04,,,,,,,,19143,PA,Non Client; Not Prospect,2056 S. 57th St.,,,,,,,2567408414
,,Huntingdon,,Thousand Hills Petroleum,Richard Langdon,,,,,,,,8/2/2021 23:09,,,,,,,(814) 643-1522,16652,PA,Non Client,P.O. Box 91,,,,,,,2567552810
,,Farmingdale,,Tibar Marketing Group,Nicholas Bartolomeo,,,,,,,,8/1/2021 19:58,,,,,,,(631) 845-1100,11735,NY,Non Client,1108 Route 110,,,,,,,2567487350
,,Lincoln,,Tibbetts Building & Fuel Center,Carol Tibbetts,,Prospect,,5/4/2020 15:25,,,,7/31/2021 0:04,,,,,,,207-794-6596,4457,ME,Non Client,56 W Broadway,,,4/24/2020 15:10,,,,2567453068
,,Tidioute,,Tidioute Oil Company,Gregory Moore,,,,,,,,8/4/2021 0:10,,,,,,,814-484-3565,16351,PA,Non Client,16 Buckingham Street,,,,,,,2567402428
,,Trenton,,Tiger Distributors Inc.,Joseph Quinn,,,,6/16/2020 11:18,,,,3/31/2022 16:54,,,,,,,609-695-7474,8638,NJ,Non Client; Not Prospect,P.O. Box 5028,,,4/27/2020 13:36,,,,2567355663
,,RUNNEMEDE,,Timbercreek Oil Company,James Mutchler,,,,6/16/2020 11:19,,,,8/1/2021 13:29,,,,,,,856-931-6785,08078-1362,NJ,Non Client,634 N BLACK HORSE PIKE,,,4/27/2020 13:36,,,,2567532426
,,York,,"Time Saving Fills, Inc.",Holbrook Bissell,,,,,,,,7/31/2021 7:55,,,,,,,717-843-6467,17404,PA,Non Client,15 Second Avenue,,,,,,,2567537582
,,Orrstown,,Timmons Oil Inc.,William B. Timmons,,,,,,,,8/4/2021 20:52,,,,,,,717-532-3740,17244-9643,PA,Non Client,12901 Mountain Road,,,,,,,2567355954
,,MORICHES,,Timms Petroluem Corp.,Mike Timms,,,,,,,,8/3/2021 17:55,,,,,,,(631) 874-8467,,NY,Non Client,11 CENTER CT CENTER,,,,,,,2567452889
,,Mansfield,,Tioga Energy,Donna Jo Iannone,,,,,,,,7/31/2021 1:33,,,,,,,570-662-2329,16933,PA,Non Client,P.O. Box 158,,,,,,,2567402151
,,Philadelphia,,"Tioga Fuel Company, Inc.",Randall Binversie,,,,,,,,8/2/2021 8:43,,,,,,,215-535-2700,19134-4614,PA,Non Client,2301 E. Tioga Street,,,,,,,2567408375
,,Lisbon Falls,,Titus Gas & Oil,Wayne Titus,,Prospect,,6/16/2020 12:19,,,,8/3/2021 4:29,,,,,,,207-353-4611,4252,ME,Non Client,680 Lisbon St,,,4/24/2020 15:10,,,,2567543764
,,East Hartford,,TLC Oil Co.,Al Davis,,,,,,,,8/1/2021 10:59,,,,,,,,6128,CT,Non Client,P.O. Box 280947,,,,,,,2567112851
,,Bellingham,,TMC Services inc.,Matthew Clark,,,,,,,,8/2/2021 3:07,,,,,,,508-966-3737,2019,MA,Non Client,One William Way,,,,,,,2567487083
,,West Chester,,Tolsdorf Fuel Service,R. E. Tolsdorf,,,,,,,,7/30/2021 21:09,,,,,,,610-436-5263,19382,PA,Non Client,539 S. Bolmar Street,,,,,,,2567534803
,,Forest City,,Tom Snykus Plumbing & Heating,Thomas G. Snykus,,,,,,,,7/31/2021 22:52,,,,,,,570-785-2875,18421,PA,Non Client,141 Dundaff Street,,,,,,,2567402195
,,CHALFONT,,Tommy Carr's Tire & Automotive Service,Tommy Carr,,,,,,,,3/15/2024 15:02,,,,,,,,18914,PA,Non Client; Not Prospect,Rt. 202 & Moyer Rd.,,,,,,,2567525477
,,Glastonbury,,Tommy's Oil Service,Chip Manager,,,,6/16/2020 12:20,,,,7/31/2021 1:24,,,,,,,860-633-0230,6033,CT,Non Client,40 Addison Rd,,,4/24/2020 10:57,,,,2567487290
,,JACKSON,,Top Kat Fuel,Roger Vogel,,,,,,,,8/1/2021 3:06,,,,,,,,08527-1366,NJ,Non Client,351 PFISTER RD,,,,,,,2567453081
,,Winfield,,Top Quality Oil,Ron Boonie,,,,,,,,8/4/2021 0:43,,,,,,,570-837-2103,17889,PA,Non Client,RR#1 Box 257,,,,,,,2567532435
,,ALLENTOWN,,"Topper Petroleum Co., Inc.",Joseph Topper,,,,,,,,8/2/2021 21:50,,,,,,,,18103-1609,PA,Non Client,1134 N QUEBEC ST,,,,,,,2567408238
,,EMMAUS,,Top-Star Inc.,Joseph Stark,,,,,,,,8/3/2021 3:19,,,,,,,,18049-4013,PA,Non Client,14 E MAIN ST,,,,,,,2567536608
,,Waterbury,https://www.torrco.com/,Torrco,Jon Mowad,"Wholesale Distributor of Plumbing & HVAC Supplies Torrco is a Wholesale Distributor of Plumbing, Piping, and HVAC parts and supplies. Family owned since 1917. Torrco is the leading fourth generation independent wholesale distributor of plumbing, piping...",,Building Materials,7/22/2020 13:35,,,,2/20/2024 6:41,,,,,,,(203) 465-4236,6723,CT,Non Client; Not Prospect,100 N Elm St,,,,America/New_York,,TorrcoC,2567537801
,,Bensalem,,Torresdale Fuel Co. Inc.,William Rossbauer,,,,,,,,7/31/2021 8:41,,,,,,,215-639-0160,19020,PA,Non Client,P.O. Box 449,,,,,,,2567355695
,,North Attleboro,,Tosco,Steve Schoolie,,,,,,,,8/1/2021 17:18,,,,,,,508-431-7200,2760,MA,Non Client,28 Mary Kennedy Drive,,,,,,,2567538532
,,Equinunk,,Town & Country Energy Corp.,sharon dressler,,,,,,,,8/4/2021 21:15,,,,,,,570-224-6777,18417-3010,PA,Non Client,439 Rutledgedale Rd,,,,,,,2567525486
,,BRIDGETON,,Town & Country Fuel Inc,Garry & Diane Homan,,,,,,,,5/26/2022 10:01,,,,,,,856-455-1406,8302,NJ,Non Client,619 Shiloh Pike,,,4/27/2020 13:36,,,,2567552753
,,Waterford Works,,Town & Country Inc,Mr Louis Petruzzi,,,,,,,,7/31/2021 2:10,,,,,,,610-8328100,8089,NJ,Non Client,Pestletown Rd,,,,,PRESIDENT,,2567447689
,,Trumbull,,Town and Country Fuel,Robert Whitehead,,,,,,,,8/2/2021 9:23,,,,,,,203-261-9300,6611,CT,Non Client,5206 Madison Ave,,,,,,,2567538492
,,Bedford,https://www.traceenergyllc.com/,Trace Energy LLC,Josh Hopkins,978-852-1776 - FREE quote and evaluation. 1-year WARRANTY. 24/7 services. Propane system. Plant construction services. Cylinder evacuation system.,,,7/8/2020 11:36,,,,8/3/2021 1:50,,,,,,,(603) 310-5112,3110,NH,Non Client,15 Constitution Dr,Suite 1A,,,America/New_York,,,2567112973
,,Ticonderoga,,"Treadway Fuels, LLC",Jeremy Treadway,,,,,,,,8/1/2021 16:03,,,,,,,(518) 585-6442,12883,NY,Non Client,PO Box 151,1162 NYS RT. 9N,,,,,,2567552758
,,HIGHLAND PARK,,Trenta Fuel Oil,Robert Trenta,,,,,,,,7/31/2021 16:03,,,,,,,(732) 249-2204,08904-3637,NJ,Non Client,1149 RARITAN AVE,,,,,,,2567537652
,,RARITAN,,Trenton Oil Company Inc.,C.P. Forbes,,,,,,,,7/31/2021 3:32,,,,,,,,08869-0157,NJ,Non Client,PO BOX 157,,,,,,,2567487348
,,Trevose,,"Trevose Fuel & Supply Co.,",A. C. Tomlinson,,,,,,,,7/31/2021 8:59,,,,,,,215-357-1032,19053,PA,Non Client,3501 Brownsville Road,,,,,,,2567532437
,,,,Trexter Haws,Joe Rose,,,,,,,,7/31/2021 14:03,,,,,,,215-679-7909,,PA,Non Client,,,,,,,,2567355736
,,SALEM,,Tri County Oil Inc.,Gil Andrews,,,,,,,,7/31/2021 3:15,,,,,,,,08079-0051,NJ,Non Client,PO BOX 51,,,,,,,2567525426
,,Defiance,,"Tri County Petroleum, Inc.",Robert W. Black,,,,,,,,7/31/2021 11:12,,,,,,,814-928-4266,16633,PA,Non Client,P.O. Box 108,,,,,,,2567453189
,,North Andover,,Tri Town Fuels,Bob McGrath,,,,2/25/2020 12:24,,,,7/31/2021 3:36,,,,,,,,,MA,Non Client,,,,,,,,2567538596
,,Biddeford,,Tri Town Fuels,Arthur Gallant,,,,,,,,7/31/2021 23:37,,,,,,,207-283-1320,4005,ME,Non Client,635 Elm Street,,,,,,,2567407891
,,Butler,,Triangle Gasoline Co.,Shane Zinn,,,,,,,,8/4/2021 5:52,,,,,,,724-283-0750,16003-0030,PA,Non Client,P.O. Box 30,,,,,,,2567402105
,,EASTON,,Triangle Oil Company,C. Paul Cox,,,,,,,,8/1/2021 15:51,,,,,,,,21601-0759,MD,Non Client,PO BOX 759,,,,,,,2567545370
,,Leola,,Triangle Refrigeration Co.,Joe Texter,,,,,,,,8/2/2021 7:58,,,,,,,717-656-2711,17540,PA,Non Client,P.O. Box 487,,,,,,,2567402164
,,Walpole,,Tri-Boro Oil Inc.,Sondra Fabiano,,,,,,,,7/31/2021 7:40,,,,,,,,2081,MA,Non Client,P. O. Box 767,,,,,,,2567525095
,,BROOKLYN,,Tricarico Fuel Oil,Frank Tricarico Jr,,,,,,,,8/2/2021 0:57,,,,,,,(718) 493-4887,11213-1208,NY,Non Client,1750 ATLANTIC AVE,,,,,,,2567402087
,,Perth Amboy,,"Tri-Country Fuel Oil Co., Inc.",Andy Russo,,Warm Thoughts lead,,,,,,8/1/2021 21:32,,,,,,,732-826-3160,8862,NJ,Non Client,165 Washington St.,PO Box 229,,4/27/2020 13:36,,owner,,2567525370
,,Watertown,,Tri-County Energy,Robert Hamilton,,,,,,,,8/4/2021 22:12,,,,,,,315-782-4000,13601,NY,Non Client,24774 Nys Route 12,,,,,,,2567401956
,,Sparrow Bush,,Tri-County Energy Corp.,Jeff Clune,,,,,,,,8/2/2021 1:47,,,,,,,914-443-0308,12780,NY,Non Client,P.O. Box 561,,,,,,,2567113250
,,Framingham,,Trinity Oil Inc,Maureen Kelley,,,,,,,,8/1/2021 14:47,,,,,,,508-875-5256,1701,MA,Non Client,P. O. Box 608,,,,,Manager,,2567536350
,,Gouverneur,,"Tripp Fuels, LLC.",Bob TripP,,,,,,,,8/1/2021 16:26,,,,,,221,315-287-1245,,NY,Non Client,,,,,,,,2567487032
,,Valley Stream,,Troinano Oil Co.,Vitto Troinano,,,,,,,,7/30/2021 18:08,,,,,,,516-285-6900,11580,NY,Non Client,285 North Central,,,,,,,2567487141
,,NORTH ANDOVER,http://www.tromblybros.com/,Trombly Brothers Inc,David B Trombly,"A family tradition since 1938 we offer a full-service auto repair, towing/recovery & construction equipment moves.",,Automotive,2/25/2020 12:20,,,,12/25/2021 23:30,,,,,,,(978) 683-1031,01845-1610,MA,Non Client,141 SUTTON ST,,,2/25/2020 12:21,America/New_York,,,2567113233
,,Manchester,,Trottier Heat-Oil,Robert Trottier,,Prospect,,6/16/2020 12:44,,,,7/31/2021 14:03,,,,,,,(603) 623-4402,3102,NH,Non Client,170 Cleveland Street,,,4/29/2020 11:28,,,,2567545389
,,Klingerstown,,Troutman Bros.,Glenn L. Troutman,,,,,,,,7/30/2021 22:54,,,,,,,570-425-2341,17941,PA,Non Client,P.O. Box 73,,,,,,,2567402187
,,Troy,,Troy General Store,Diane Drake,,,,,,,,8/4/2021 18:34,,,,,,,(207) 948-2600,4987,ME,Non Client,PO Box 2,,,,,,,2567452704
,,Trumbull,,Trumbull Oil Company,Wayne Schalich,,96 ANG LEAD,,6/16/2020 12:45,,,,8/5/2021 1:05,,,,0,2567355363,,203-268-5143,6611,CT,Non Client,30 Glen Spring Drive,,,4/24/2020 10:57,,,,2567534728
,,South Kearny,,Tullo Bros.,Alex Tullo,,,,6/16/2020 12:48,,,,8/2/2021 20:19,,,,,,,973-465-7701,7032,NJ,Non Client,61 Lincoln Highway,,,4/27/2020 13:36,,,,2567335964
,,JERSEY CITY,,Tullo Oil Inc.,Tom Pennetta,,,,6/16/2020 12:49,,,,8/5/2021 2:54,,,,,,,201-433-6672,07306-2616,NJ,Non Client,420 HOBOKEN AVE,,,4/27/2020 13:36,,,,2567536411
,,Boswell,,Tunstall Fuel,Robert B. Tunstall,,,,,,,,8/2/2021 6:54,,,,,,,814-629-9833,15531,PA,Non Client,8700 Somerset Pike,,,,,,,2567547604
,,Guttenberg,,Turbo Group,Al McLean,,,,,,,,8/2/2021 5:36,,,,,,,201-868-2600,07093-4808,NJ,Non Client,7000 Boulevard East,,,,,,,2567355941
,,Lancaster,,Turkey Hill L.P.,Richard W.Levin,,,,,,,,7/30/2021 23:41,,,,,,,717-299-8908,17603,PA,Non Client,257 Centerville Road,,,,,,,2567543698
,,BLACKSTONE,,Tusks Oil Burner Sales & Service,Bill Metark,,,,3/16/2020 15:15,,,,4/1/2022 13:31,,,,,,,,01504-1843,MA,Non Client; Not Prospect,3 PUTNAM ST,,,,,,,2567407872
,,Port Jefferson,,Tuthill & Young Oil Inc.,James Lesko,,,,,,,,8/1/2021 21:58,,,,,,,631-473-0789,11777-0108,NY,Non Client,PO Box 108,21 Perry Street,,,,,,2567543598
,,PHILADELPHIA,,Twin Oil Co,Anthony Concilio,,,,,,,,8/5/2021 0:45,,,,,,,,19145-3722,PA,Non Client,1803 TREE ST,,,,,,,2567453170
,,Bedford,,Tymark,Dave Goutieras,,,,,,,,7/31/2021 5:26,,,,,,,603-471-7066,,NH,Non Client,15 Constitution Drive,,,,,Owner,,2567453119
,,Landisville,,Ulrich Fuel Oil Inc,Bill Ulrich,,,,,,,,7/31/2021 9:01,,,,,,,717-898-8122,17538,PA,Non Client,139 Main Street,,,,,,,2567355707
,,Monticello,,Ultra Power Corp.,Michael S. Hochman,,,,,,,,7/31/2021 21:09,,,,,,,845-794-4200,12701,NY,Non Client,PO BOX 946,,,,,,,2567408091
,,Springfield,,Ultramar Energy Inc.,Richard Punderson,,MOC Retail Members,,6/16/2020 13:55,,,,7/30/2021 16:24,,,,,,,413-734-5631,1105,MA,Non Client; Not Prospect,60 Hannon Street,,,5/5/2020 15:42,,,,2567408458
,,Cornith,,Ultramar Energy Inc.,Larry Taplin,,,,,,,,8/3/2021 4:20,,,,,,,518-654-6613,12822,NY,Non Client,589 Main Street,,,,,,,2567487139
,,Queensbury,,"Ultramar Energy, Inc.",Thomas Shea,,,,,,,,8/4/2021 20:21,,,,,,,518-798-3035,12804,NY,Non Client,19 Homer Ave.,,,,,,,2567447808
,,Easton,,Union Fuel Company,Thomas Braun,,,,,,,,8/2/2021 22:44,,,,,,14,610-253-6215,18044-1507,PA,Non Client,P.O. Box 1507,700 Bushkill Drive,,,,,,2567453127
,,Biddeford,,Union Oil,Arnold Shapiro,,Out of Business,,6/16/2020 14:22,,,,8/1/2021 17:40,,,,,,,207-284-4523,4005,ME,Non Client,P.O. Box 345,372 Main Street,,4/24/2020 15:10,,,,2567336179
,,S. Portland,,Union Oil Company,Greg Shapiro,,Prospect,,5/4/2020 15:27,,,,7/30/2021 18:54,,,,,,,800-367-3345,4106,ME,Non Client,63 Ocean Ave.,,,4/24/2020 15:10,,President,,2567536398
,,Luzerne,,"Union Petroleum Company, Inc.",Patrick Heffron,,,,,,,,8/2/2021 18:44,,,,,,,570-288-2183,18709,PA,Non Client,215 Union Street,,,,,,,2567536558
,,ELMWOOD PARK,,United Coal And Oil Company,Kirsch,,,,,,,,8/4/2021 22:19,,,,,,,,07407-0173,NJ,Non Client,PO BOX 173,,,,,,,2567534839
,,CARTERET,,Universe Oil,Neil Cinege,,,,,,,,8/1/2021 12:49,,,,,,,,07008-0069,NJ,Non Client,PO BOX 69,,,,,,,2567486972
,,Watertown,http://www.urell.com/,"Urell, Inc.",Mallory Leahy,"URELL is a premier manufacturers' representative company based in Watertown, MA. We specialize in serving the New England and Upstate New York regions. Our company works in partnership with quality manufacturers and wholesale distribution to provide ef...",,Retail,6/24/2020 13:18,,,,2/16/2024 6:35,,,,,,,(617) 923-9500,2471,MA,Non Client; Not Prospect,PO Box 321,86 Coolidge Avenue,,,America/New_York,,Urell_inc,2567447677
,,ORANGE,,Urso Fuel Oil Company,Joseph Urso,,,,,,,,8/1/2021 22:59,,,,,,,,07050-1401,NJ,Non Client,515 CARY ST,,,,,,,2567355564
,,BOZRAH,,USA Fuel,Lawrence Chesler,,,,,,,,8/3/2021 20:39,,,,,,,,06334-0239,CT,Non Client,PO BOX 239,,,,,,,2567534702
,,Groton,,USA Fuels Inc,John Holstein,,,,,,,,7/31/2021 10:15,,,,,,,860-442-1788,6340,CT,Non Client,36 Thames St,,,,,,,2567543633
,,Trooper,,USI MidAtlantic,Thomas P. Haughey,,,,,,,,7/31/2021 5:15,,,,,,,610-666-5000,19403,PA,Non Client,"1000 Adams Avenue, Suite 200  Valley Forge Corpora",,,,,,,2567543569
,,Briarcliff Mnr.,,USI STEP Program,Robert Spadaccia,,,,,,,,7/31/2021 10:21,,,,,,,800-983-7837,10510,NY,Non Client,"555 Pleasantville Road         Suite 201 North, 2n",,,,,,,2567537711
,,Utica,,Utica Boilers/Oneida Royal,Scott Dam,,,,,,,,8/1/2021 1:10,,,,,,,315-797-1310,13504,NY,Non Client,P.O. Box 4729,,,,,,,2567113166
,,Biddeford,,Vadnais Oil,Paul & Leo Vadnais,,,,,,,,8/1/2021 18:01,,,,,,,207-284-7231,4005,ME,Non Client,PO Box 737,100 Granite Street,,,,,,2567543583
,,Hillsborough,,Vaillancourt Fuels LLC,Orrin Poland,,Prospect,,,,,,6/22/2022 22:18,,,,,,,(603) 464-5447,3244,NH,Non Client,3 Henniker Street,,,4/29/2020 11:28,,,,2567336212
,,Wallingford,,Valentino's Fuel & Service Co.,Richard Valentino,,,,,,,,8/1/2021 18:57,,,,,,,203-269-4039,6492,CT,Non Client,19 Smoke Rise Road,,,,,,,2567447923
,,Canton,,Valley Energy Company,John Talarski,,Hope's Leads,,6/16/2020 14:28,,,,8/4/2021 3:36,,,,0,2567486999,,860-693-2401,6019,CT,Non Client,PO Box 302,,,4/24/2020 10:57,,,,2567113182
,,West Warwick,,Valley Fuel,Thomas Zampa,,,,,,,,7/31/2021 11:46,,,,,,,401-823-8113,2893,RI,Non Client,1062 Main Street,,,,,,,2567447909
,,Portland,,Valley Gas Co,Dave Leeman,,Prospect,,,,,,7/31/2021 18:51,,,,,,,207-772-5718,4101,ME,Non Client,1 Portland Fish Pier,,,4/24/2020 15:10,,,,2567402124
,,Claverack,http://www.valleyenergy.com/,"Valley Oil Co., Inc.",Russell Beck,"Valley Energy is a local family-owned company that has been serving the families and businesses of New York's Upper Hudson Valley and Southern Capital District since 1952. They provide fuel oil, motor fuels, propane, and heating and air conditioning eq...",,Oil & Energy,4/21/2020 11:48,,,,2/22/2024 14:33,,,,,,,518-851-3921,12513,NY,Non Client,P. O. Box 430,Route 9-H,,4/21/2020 11:46,America/New_York,,,2567447712
,,Wilkes Barre,,Valley Petroleum,Nimesh Patel,,,,6/17/2020 15:31,,,,7/31/2021 9:22,,,,,,,(570) 829-4011,18702-6912,PA,Non Client,815 Kidder St.,,,,,,,2567532494
,,Pascoag,,Vallier's Oil Service,Matthieu E. Valliere,,,,,,,,8/4/2021 19:27,,,,,,,401-568-2596,02859-3402,RI,Non Client,253 Pascoag Main St.,,,,,,,2567536507
,,SHARON SPRINGS,,Van H Van Schaick & Son,Phil Van Schaick,,,,,,,,8/3/2021 0:20,,,,,,,,13458,NY,Non Client,Chestnut Street,,,,,,,2567534853
,,Wayne,,Van Varick and Sons,Robert Van Varick,,prospect,,,,,,6/8/2022 1:55,,,,,,,973-694-2776,7470,NJ,Non Client,1067 ROUTE 23,,,4/27/2020 13:36,,President,,2567407935
,,WALLKILL,,Vanduesen's Fuel Inc,Lee VanDeusen,,,,,,,,8/2/2021 3:55,,,,,,,,12589-0428,NY,Non Client,PO BOX 428,,,,,,,2567335863
,,S. Williamsport,,"Vanemon's Oil Co., Inc.",Wayne and Debbie Vanemon,,,,,,,,8/2/2021 6:59,,,,,,,570-326-5239,17702,PA,Non Client,835 W. 8th Ave,,,,,,,2567355678
,,Providence,,Vartian Oil Service,Mono Vartian,,,,,,,,8/1/2021 9:55,,,,,,,401-521-1212,2904,RI,Non Client,929 North Main St,,,,,,,2567453186
,,MAGNOLIA,https://www.vaughanhvac.com/,Vaughan Heating & Air Conditioning,Rob Vaughan,"Vaughan Comfort Services is a trusted HVAC service provider in Magnolia, New Jersey. With over 75 years of experience, they offer quality heating and air conditioning services, installations, plumbing, protection plans, energy assessments, system enhan...",AREE 2013,Construction,,,,,2/17/2024 1:28,,,,,,,888-670-6338,08049-1499,NJ,Non Client; Not Prospect,212 BARRETT AVE,,,4/27/2020 13:36,America/New_York,Partner,VaughanHVAC,2567355659
,,Smithfield,,Vaughn Oil Co,Ed Cardarelli,,,,,,,,8/3/2021 16:45,,,,,,,401-231-8070,2917,RI,Non Client,264 Putnam Pike,,,,,,,2567487420
,,Duncansville,,Veeder-Root,Diane Sinosky,,,,,,,,8/2/2021 21:02,,,,,,,,16635-8047,PA,Non Client,2709 Route 764,,,,,,,2567356000
,,Biddeford,,Veilleux Oil & Service Inc.,Mr.Jean Veilleux,,,,,,,,8/1/2021 11:09,,,,,,,207-283-3410,4005,ME,Non Client,PO Box AV,597 Elm Street,,,,,,2567113097
,,WALLINGTON,,Ventura's Fuel Oil Company,Dominick Ventura,,,,,,,,7/31/2021 15:27,,,,,,,,07057-2227,NJ,Non Client,20 WADSWORTH ST,,,,,,,2567355667
,,Burlington,,Vermont Energy Futures,Max Galvin,,,,,,,,7/30/2021 16:38,,,,,,,,5401,VT,Non Client,255 South Champlain Street,,,,,,,2567402221
,,Newton,,Victory Fuel,Leo LaRochelle Jr.,,,,,,,,8/3/2021 18:00,,,,,,,(603) 382-4328,3858,NH,Non Client,191 South Main Street,,,,,,,2567525008
,,Charlton,https://www.viega.us/en/homepage.html,Viega LLC,Kyle Tasse,Viega USA is an international manufacturer of plumbing and HVAC solutions. They are a recognized leader in press technology for plumbing and piping systems. Viega piping systems deliver unparalleled quality and durability in plumbing projects across th...,,Building Materials,6/24/2020 11:17,,,,2/10/2024 5:50,,,,,,,(774) 230-3909,1507,MA,Non Client; Not Prospect,61 Lincoln Point Road,,,,America/Denver,,viega_de,2567355589
,,Winthrop,,"Viking Oil Co., Inc.",Joe Pedoto,,,,,,,,8/2/2021 2:15,,,,,,,617-846-4361,2152,MA,Non Client,PO BOX 520069,120 Bank Street,,,,,,2567335759
,,TENAFLY,,Village Fuel Inc.,Frank Muggeo,,,,6/16/2020 14:41,,,,7/31/2021 16:00,,,,,,,201-568-0611,07670-1030,NJ,Non Client,49 ATWOOD AVE,,,4/27/2020 13:36,,,,2567452833
,,SOUTH CHINA,,Village Heating,Bill Vasseur,,,,,,,,7/31/2021 13:14,,,,,,,,04358-5114,ME,Non Client,207 Windsor Road,,,,,,,2567453109
,,Georgetown,,Village Oil,Skip Metz,,,,,,,,8/4/2021 20:15,,,,,,,203-431-6560,06829-0064,CT,Non Client,PO BOX 64,,,,,,,2567452606
,,Lebanon,,Vincent R. Boltz Inc,Bob Boltz,,,,6/1/2020 13:33,,,,8/3/2021 7:19,,,,0,2567356010,,717-272-4881,17046,PA,Non Client,45 Guilford St,,,4/30/2020 15:41,,,,2567537635
,,UNION BRIDGE,,"Von Eiff, Inc.",Melissa Von Eiff,,,,,,,,8/1/2021 22:29,,,,,,,,21791-7402,MD,Non Client,13656 UNIONVILLE RD,,,,,,,2567538622
,,MOUNT HOLLY,,W L Rife Inc,Kathleen Rife White,,,,,,,,8/4/2021 18:58,,,,,,,,08060-2665,NJ,Non Client,907 MARNE HWY,,,,,,,2567336195
,,Woodbury Heights,https://wbstewardandson.com/,W. B. Steward & Son,"Donald W. Steward, Jr.",W B Steward & Son is a company that specializes in providing comfort and reliability. They offer a wide range of products and services in the oil and gas industry.,,Oil & Energy,5/21/2020 10:24,,,,2/20/2024 7:07,,,,,,,856-845-9117,08097-0150,NJ,Non Client,P.O. Box 150,513 Glassboro Road,,4/27/2020 13:36,America/New_York,President,WBStewardSon1,2567525431
,,HADDON HEIGHTS,,W. C. Davis Incorporated,Richard C Davis,,,,,,,,7/31/2021 10:51,,,,,,,(856) 547-4750,08035-1906,NJ,Non Client,605 STATION AVE,,,,,,,2567547498
,,,,"W. C. Davis, inc",William Davis,,,,,,,,8/4/2021 18:09,,,,,,,856-547-4750,,,Non Client,,,,,,,,2567538477
,,Bridgehampton,,"W. C. ESP, Inc.","Arthur Volkmann, Sr.",,,,,,,,8/1/2021 11:44,,,,,,112,631-537-0193,11932-0036,NY,Non Client,PO BOX 3047,2141 Montauk Hwy,,,,,,2567355995
,,CORSICA,,W. C. Moore Enterprise,Robert Burnham,,,,,,,,8/1/2021 14:49,,,,,,,,15829-9407,PA,Non Client,RR 1 BOX 122,,,,,,,2567536412
,,Elizabethtown,,"W. D. Espenshade, Inc.",Dan Espenshade,,,,,,,,8/1/2021 13:08,,,,,,,717-367-6496,17022,PA,Non Client,PO BOX 111,,,,,,,2567537465
,,Newburyport,,W. E. Atkinson,Ted Atkinson,,,,,,,,7/31/2021 20:18,,,,,,,508-462-4484,1950,MA,Non Client,27 Water St.,,,,,,,2567543668
,,Pine Grove,,W. G. Zimmerman,George W. Zimmerman,,,,,,,,7/31/2021 13:33,,,,,,,570-345-3491,17963,PA,Non Client,P.O. Box 75,,,,,,,2567402467
,,PEDRICKTOWN,,"W. H. Ferrell's Oil & Gas Service, Inc",William Ferrell Jr,,,,,,,,5/26/2022 10:01,,,,,,,856-299-0500,08067-3537,NJ,Non Client,26 E MILL ST,P.O. Box 130,,4/27/2020 13:36,,President,,2567537318
,,WALNUTPORT,,W. J. Beers Coal and Fuel Oil,W. J. Beers,,,,,,,,7/31/2021 12:14,,,,,,,,18088-1002,PA,Non Client,170 N CANAL ST,,,,,,,2567545429
,,Hainesport,,W. L. Rife Inc.,Estelle Rife,,,,6/2/2020 12:59,,,,8/1/2021 5:35,,,,,,,609-267-0011,8036,NJ,Non Client,907 Marine Highway,,,4/27/2020 13:36,,,,2567525150
,,Intercourse,,"W. L. Zimmerman & Sons, Inc.",James H. Zimmerman,,,,,,,,7/31/2021 7:23,,,,,,,717-768-8291,17534-0400,PA,Non Client,P.O. Box 400,,,,,,,2567408231
,,Cooperstown,,"W. L.Taylor & Son, Inc.",Christopher Taylor,,,,,,,,8/3/2021 20:28,,,,,,,607-547-9944,13326-0708,NY,Non Client,PO Box 708,17 Linden Ave,,,,,,2567532431
,,WOBURN,,W. R. Grace Company,Thomas O'Connor,,,,,,,,7/31/2021 16:06,,,,,,,,01801-1039,MA,Non Client,77 DRAGON CT,,,,,,,2567538549
,,Kingston,,"W. S. Clark & Sons, Inc.",Skip Clark,,Prospect,,6/16/2020 14:54,,,,7/31/2021 11:12,,,,,,,603-642-3321,3848,NH,Non Client,138 Main Street,PO BOX 6,,4/29/2020 11:28,,,,2567534790
,,Stroudsburg,,"W. S. Peeney, Inc.",John W. Peeney,,,,,,,,8/2/2021 7:55,,,,,,,570-421-9080,18360,PA,Non Client,1745 W. Main St.,P.O. Box 312,,,,Sales Representative,,2567545435
,,Allentown,,W. S. Reichenbach & Son Inc.,"Daniel D. Reichenbach, II",,,,,,,,8/1/2021 12:20,,,,,,,610-434-7234,18106,PA,Non Client,P.O. Box 3858,469 Schantz Rd,,,,,,2567545425
,,GARFIELD,,W. Thieme And Sons,William Thieme,,,,6/16/2020 14:55,,,,8/1/2021 21:08,,,,,,,973-478-2336,07026-2305,NJ,Non Client,117 DEWEY ST,,,4/27/2020 13:36,,,,2567543574
,,South Windsor,,"W.B. Dickenson Plumbing, Fuel Oil, Heating",Thomas McLaughlin,,,,,,,,8/5/2021 0:09,,,,,,,(860) 643-4275,6074,CT,Non Client,53 Commerce Way,,,,,,,2567407805
,,OWINGS MILLS,,"W.D. Groff & Son, Inc.",William Groff Jr.,,,,,,,,7/31/2021 13:26,,,,,,,410-356-4444,21117-0008,MD,Non Client,PO BOX 8,,,,,,,2567532526
,,Stroudsburg,,W.S. Peeney Inc,Walter Peeney,,,,,,,,7/30/2021 17:10,,,,,,,570-421-9080,18360-0312,PA,Non Client,P.O. Box 312,,,,,,,2567113173
,,Hallowell,,Wadleigh's Inc.,Donn Gifford,,Prospect,,5/4/2020 15:36,,,,7/31/2021 10:50,,,,0,2567538651,,207-622-6301,4347,ME,Non Client,P.O. Box 7,,,4/24/2020 15:10,,President/General Manager,,2567538643
,,Youngsville,,Wagner Century Oil,Steve Wagner,,,,,,,,8/3/2021 2:50,,,,,,,845-482-4792,12791,NY,Non Client,PO BOX 62,,,,,,,2567408090
,,Exeter,,Wagner Fuel Co.,Vincent F. Wagner,,,,,,,,8/1/2021 7:46,,,,,,,570-655-0813,18643,PA,Non Client,6 Bennett Street,,,,,,,2567536450
,,SKOWHEGAN,,Wallace Oil Company,Gary Wallace,,,,,,,,7/31/2021 12:37,,,,,,,,04976-9803,ME,Non Client,RR 3 BOX 58,,,,,,,2567401939
,,MIDDLETOWN,,Wallace Oil Company Inc.,D.W. Porto/Steve Cortese,,,,,,,,8/1/2021 16:53,,,,,,,845-343-6909,10940-0699,NY,Non Client,PO BOX 699,,,,,,,2567407915
