About Us,CAP/ Budget ,City,Company Domain Name,Company name,Contact,Description,ID/Status,Industry,Last Activity Date,Last Contacted,Last Engagement Date,Last Logged Call Date,Last Modified Date,Lead Status,Merged Company IDs,NOTE WORTHY,Number of child companies,Parent Company,Phone Ext-,Phone Number,Postal Code,State/Region,Status (Relationship),Street Address,Street Address 2,Target Account,Time First Seen,Time Zone,Title,Twitter Handle,Organization Id
,,ATLANTIC CITY,,Lolly Fuel Company,John Deull,,,,,,,,7/31/2021 22:27,,,,,,,,08404-0658,NJ,Non Client,PO BOX 658,,,,,,,2567525148
,,Hawthorne,,Lombardi's Plumbing Supply,"Henny Lombardi, III",,,,,,,,8/1/2021 7:37,,,,,,,,7506,NJ,Non Client,220 Goffle Road,,,,,,,2567408219
,,Pittsburgh,,London Oil,Ben London,,,,,,,,8/1/2021 23:27,,,,,,,617-324-4188,15217-3161,PA,Non Client,38 Rosemont Lane,,,,,,,2567408087
,,MOUNT SINAI,,Long Island Comfort Inc,Michael Davis,,,,,,,,8/3/2021 0:42,,,,,,,,11766-0431,NY,Non Client,PO BOX 431,,,,,,,2567537459
,,NORWAY,,Longley's,John Longley,,,,,,,,7/31/2021 19:11,,,,,,,,04268-5920,ME,Non Client,419 MAIN ST,,,,,,,2567534665
,,Shamokin,,Long's Oil Inc.,Sheldon Hostetter,,,,,,,,8/4/2021 22:45,,,,,,,717-648-4230,17872,PA,Non Client,660 Center St,,,,,,,2567525303
,,Hazleton,,"Lonzetta Plumbing & Heating,",Lisa Fadule,,,,,,,,7/30/2021 22:14,,,,,,,570-455-3441,18201,PA,Non Client,459 E. 6th Street,,,,,,,2567552780
,,Hollis,,Lorden Oil,Ted Lorden,,Prospect,,,,,,8/3/2021 4:51,,,,,,,603-465-2267,3049,NH,Non Client,21 Ash St.,PO Box 329,,4/29/2020 11:28,,,,2567452987
,,Townsend,,Lorden Oil Co,Tim Lorden,,,,,,,,7/31/2021 14:24,,,,,,,508-597-2227,1469,MA,Non Client,59 Highland St,,,,,,,2567537622
,,Schuylkill Haven,,Losch Plumbing and Heating,Greg Jones,,,,,,,,8/4/2021 1:37,,,,,,,570-385-2600,17972,PA,Non Client,P.O. Box 120,Columbia and Berne Sts.,,,,,,2567336313
,,Baldwin,,Lou Halperin Stations Inc.,Peter Halperin,,,,,,,,8/3/2021 6:57,,,,,,,516-546-8576,,NY,Non Client,,,,,,,,2567355661
,,Lowville,,"Louis Bush & Sons, Inc.",Jack Bush,,,,,,,,8/2/2021 1:21,,,,,,,315-376-3212,13367-0148,NY,Non Client,PO Box 148,,,,,,,2567407974
,,Philadelphia,,Louis Nardello Co. Inc.,Robert Wright,,,,,,,,8/4/2021 2:23,,,,,,,215-467-1420,19147,PA,Non Client,1200 Washington Avenue,,,,,Oper. Mgr.,,2567408407
,,Southington,,Louis Perillo Oil Co.,Carla A. Perillo,,Prospect,,6/9/2020 15:45,,,,7/31/2021 4:29,,,,,,,860-628-5264,6489,CT,Non Client,PO Box 385,,,4/24/2020 10:57,,,,2567537603
,,Karthaus,,Lucas Oil,Donna L. Lucas,,,,,,,,8/1/2021 4:59,,,,,,,814-263-4840,16845,PA,Non Client,P.O. Box 23,,,,,,,2567536497
,,Lebanon,,"Luke S. Hostetter, Inc.",Sheldon L. Hostetter,,,,,,,,8/5/2021 0:37,,,,,,,717-272-4792,17042,PA,Non Client,2199 Cornwall Road,,,,,,,2567543882
,,EXETER,,Lu-Lac Oil Company,James D'Auria,,,,,,,,8/1/2021 8:06,,,,,,,,18643-1730,PA,Non Client,7 KERN ST,,,,,,,2567408109
,,Leesport,,"Luppold Fuels, Inc.",Andrei Grecu,,,,,,,,8/2/2021 9:08,,,,,,,610-926-5522,19533,PA,Non Client,2729 Leiscz's Bridge Road,,,,,,,2567336011
,,LIGONIER,,Luther Miller,Bob Salat,,,,,,,,7/30/2021 18:02,,,,,,,,15658-9203,PA,Non Client,20 LINCOLN HWY E # OLD,,,,,,,2567547526
,,Somerset,,"Luther P. Miller, Inc.",Troy Miller,,,,,,,,8/3/2021 18:42,,,,,,,(814) 445-6569,15501-0714,PA,Non Client,P.O. Box 714,,,,,,,2567336333
,,WILLIAMSPORT,,Lycoming Gas & Oil Company,David Peters,,,,,,,,8/1/2021 22:52,,,,,,,,17703-0852,PA,Non Client,PO BOX 852,,,,,,,2567536478
,,Port Matilda,,Lykens Heating Oil,Samuel C. Lykens,,,,,,,,8/4/2021 23:25,,,,,,,814-692-8910,16870,PA,Non Client,P.O. Box 436,,,,,,,2567543806
,,Honey Brook,,Lyons & Hohl Site Contractors,Mike Hohl,,,,,,,,8/4/2021 21:37,,,,,,,(610) 942-2400,19344,PA,Non Client,1815 Horseshoe Pike,,,,,,,2567355688
,,Wilmington,,Lyons Companies,Paul Borichevsky,,,,,,,,7/31/2021 15:38,,,,,,,(800) 456-5508,19803,DE,Non Client,"One Righter Parkway, Suite 110",Delaware Corporate Center One,,,,,,2567545330
,,BELLPORT,,Lyons Fuel Oil,Robert Lyons,,,,,,,,8/4/2021 8:14,,,,,,,631-286-0395,11713,NY,Non Client,23 Station Road,P.O. Box 117,,,,,,2567537457
,,Woodbridge,https://www.mmheatingoil.com/,M & M Fuel Oils,Paul Santacroce,203-387-3638 - FREE estimates. Manufacturer warranties. 24-hour emergency service. Heating and cooling services. Furnace and boiler maintenance.,No Interest,,10/13/2020 11:13,,,,6/5/2022 21:05,,,,0,2567402302,,203-387-3638,6525,CT,Non Client; Not Prospect,33 Lucy St.,,,4/24/2020 10:57,America/New_York,,,2567536288
,,Archbald,,M & M Fuel Service,Ralph E. McConnell,,,,,,,,8/1/2021 8:17,,,,,,,570-876-5784,18403,PA,Non Client,100 Chestnut Street,,,,,,,2567525501
,,NORTH BRUNSWICK,,M & M Oil Company Inc.,Richard Madison,,,,,,,,7/31/2021 14:06,,,,,,,,08902-2225,NJ,Non Client,836 RIDGEWOOD AVE,,,,,,,2567532425
,,Bolton,,M & M Oil Service,Andrew Minicucci,,,,,,,,8/2/2021 20:54,,,,,,,860-649-2871,6040,CT,Non Client,271 Hop River Rd.,Route 6,,,,,,2567401857
,,Fawn Grove,,M&G Fuel Service inc.,Donald P. Miller,,,,,,,,8/4/2021 19:46,,,,,,,(717) 382-9010,17321-9656,PA,Non Client,50 Mill St.,,,,,,,2567487224
,,HAGERSTOWN,,M. B. Oil Company,Michael Bruaw II,,,,,,,,8/2/2021 18:27,,,,,,,,21741-0043,MD,Non Client,PO BOX 43,,,,,,,2567355636
,,Bronx,,M. B. Trucking,Michael Magnone,,,,,,,,8/3/2021 21:48,,,,,,,718-328-3275,10474-7129,NY,Non Client,1281 Viele Ave.,,,,,,,2567554361
,,Boonton,,M. C. Fuels Company,Craig Hannon,,,,,,,,8/4/2021 3:19,,,,,,,973-263-0308,7005,NJ,Non Client,200 Washington St.,,,,,,,2567408221
,,N. White Plains,,"M. Frango Fuel Service, Inc.",Terrence Nethercutt,,,,,,,,8/1/2021 18:26,,,,,,,914-761-1292,10603,NY,Non Client,152 Virginia Road,,,,,,,2567453088
,,SEAFORD,,"M. H. Lloyd & Son, Inc.",Richard Lloyd,,,,,,,,8/2/2021 18:34,,,,,,,,19973-4223,DE,Non Client,1405 LAUREL HWY,,,,,,,2567407920
,,Nesconset,,M. Savino Company,Michael Savino,,,,,,,,8/1/2021 22:48,,,,,,,718-894-0747,11767-0610,NY,Non Client,PO BOX 610,,,,,,,2567525179
,,Lancaster,,"M. Strickler, Jr., Inc.",Martin Strickler,,,,,,,,7/31/2021 16:50,,,,,,,717-285-5093,17601,PA,Non Client,3296 Marietta Avenue,,,,,,,2567543815
,,S. Williamsport,,M. W. Farmer & Co.,Michael W. Farmer,,,,,,,,8/1/2021 19:17,,,,,,,570-326-6292,17701,PA,Non Client,13 Fleming Street,,,,,,,2567487179
,,BERNARDSVILLE,,M.J. Neill Inc,David Neill,,,,,,,,5/26/2022 7:45,,,,,,,908-766-0260,07924-0358,NJ,Non Client,PO BOX 358,Depot Square,,4/27/2020 13:36,,,,2567554403
,,Darien,,"Mabanaft, Inc.",John Bergman,,,,,,,,8/5/2021 3:17,,,,,,,203-655-5325,,CT,Non Client,,,,,,,,2567538513
,,Seabrook,,Mabardy Oil Inc,Charles Mabardy,,,,,,,,7/31/2021 22:56,,,,,,,(603) 474-0510,3874,NH,Non Client,720 Lafayette Rd,,,,,,,2567487111
,,Hudson Falls,,Mabb Oil Co.,Jerome Mabb,,,,,,,,8/3/2021 12:16,,,,,,,518-747-7761,12839,NY,Non Client,26 Lower Oak Street,P. O. Box 63,,,,,,2567402447
,,Clark,,MacArthur Fuel Co.,"Dorsey L. Finn, Jr.",,,,,,,,8/3/2021 0:43,,,,,,,,7066,NJ,Non Client,1245 Westfield Ave.,,,,,,,2567113092
,,Beverly,,Macarthur Oil,Michael McGrath,,,,3/16/2020 13:26,,,,8/3/2021 18:51,,,,0,3094455205,,(978) 927-2575,1915,MA,Non Client,491 Cabot St.,,,,,,,2567537406
,,FOREST CITY,,Machek Fuel Sales,Pat Striefsky,,,,,,,,8/1/2021 13:28,,,,,,,,18421-0127,PA,Non Client,PO BOX 127,,,,,,,2567545453
,,Readsboro,,Mack Brothers,Elliott Marchegiani,,,,,,,,8/5/2021 0:26,,,,,,,,5350,VT,Non Client,P O Box 278,,,,,,,2567448119
,,Highland Park,,MacKinney Oil Heating & Cooling Company,Michael MacKinney,,,,,,,,5/26/2022 6:27,,,,,,,732-572-0132,8904,NJ,Non Client,205 Woodbridge Ave.,,,4/27/2020 13:36,,,,2567552817
,,Southport,,Mackno Fuel Co,John Mackno,,,,,,,,7/31/2021 1:58,,,,,,,203-259-3662,6490,CT,Non Client,3449 Post Rd,,,,,,,2567447766
,,BROOMALL,,"MacLaren, Inc.",Robert MacLaren,,,,,,,,8/1/2021 16:57,,,,,,,(610) 353-7070,19008-0443,PA,Non Client,PO BOX 443,,,,,,,2567545450
,,Port Jefferson,,"Macmen Enterprises, Inc.",Jim Craig,,,,4/6/2020 10:56,,,,8/2/2021 23:38,,,,,,,631-473-2713,11777,NY,Former Hedge Client,407 E. Main Street,Suite #1,,4/6/2020 10:56,,,,2567547440
,,Waitsfield,,Mad River Glen Ski Area,Joan Hawkins,,,,,,,,3/15/2024 14:55,,,,,,,(802) 496-3551,05673-1089,VT,Non Client; Not Prospect,PO Box 1089,,,,,,,2567554457
,,Cedar Knolls,,Magullian Oil Company,Joe Acededo,,,,,,,,7/31/2021 23:08,,,,,,,,7927,NJ,Non Client,190 Hanover Avenue,,,,,,,2567407898
,,Mahopac,,Mahopac Fuel,Alfred Simone,,,,,,,,7/30/2021 18:49,,,,,,,914-628-9295,10541,NY,Non Client,279 Route 6,,,,,,,2567552778
,,Niagara Falls,,Maid of the Mist Boat Tour,Emil Bende,,,,,,,,8/4/2021 18:24,,,,,,,(905) 358-5781,14303,NY,Non Client,151 Buffalo Dr.,Suite 204,,,,General Manager,,2567448086
,,Havertown,,Main Line Fuel,Lawrence Howard,,,,,,,,7/30/2021 20:24,,,,,,,,19083,PA,Non Client,40 W. Manoa Road,,,,,,,2567408344
,,Portland,,"Maine Bio-Fuel, Inc.",Dean Sgouros,,,,,,,,8/2/2021 0:08,,,,,,,(207) 615-4162,4103,ME,Non Client,51 Ingersoll Drive,,,,,,,2567355775
,,Cherry Hill,,Majestic Oil Company Inc,Lisa Raymond-Tilory,,,,,,,,5/26/2022 10:01,,,,,,,856-751-8801,8003,NJ,Non Client,2104 Fairfax Avenue,,,4/27/2020 13:36,,Vice President,,2567447753
,,Donora,,Majoris Gas & Oil,Louis P. Majoris,,,,,,,,8/1/2021 16:08,,,,,,,724-379-5720,15033,PA,Non Client,P.O. Box 39,,,,,,,2567356030
,,Hazleton,,Makowiec Plumbing & Heating,John Makoweic,,,,,,,,8/1/2021 18:41,,,,,,,(570) 455-6168,18201,PA,Non Client,1040 Jeanesville Rd,,,,,,,2567113177
,,Hingham,,Mallard Oil,Tom Mallard,,,,,,,,8/2/2021 8:40,,,,,,,617-749-6104,2043,MA,Non Client,16 French St,,,,,,,2567336159
,,Pawtucket,,Maloney's Oil,Russell,,,,,,,,7/31/2021 23:37,,,,,,,401-725-2032,2861,RI,Non Client,42 Whittier Rd,,,,,,,2567532450
,,Plainville,,Manafort Bros. Inc.,Robert J. King,,,,,,,,7/31/2021 16:54,,,,,,,860-229-3860,6062,CT,Non Client,PO BOX 99,414 New Britian Ave.,,,,CFO,,2567537200
,,West Milford,,"Manchester Tank & Equipment, Co.",Gary Wiltshire,,,,,,,,8/3/2021 22:43,,,,,,,(973) 728-0320,7480,NJ,Non Client,10 Sophie Ave,,,,,,,2567543776
,,BROOKLYN,,Manhattan & Queens Fuel Oil,Donna Nunez,,,,,,,,8/1/2021 21:16,,,,,,,,11222-5516,NY,Non Client,251 LOMBARDY ST,,,,,,,2567537575
,,Hillside,,"Manhattan Welding Co., Inc.",Robert Kramer,,,,,,,,8/3/2021 19:24,,,,,,,(908) 687-4494,07205-1178,NJ,Non Client,1434 Chestnut Ave,,,,,,,2567534837
,,Huntington Station,,"Manor Fuel Co., Inc.",Michael Nicoletto,,,,,,,,8/2/2021 21:33,,,,,,,631-423-0750,11746-1540,NY,Non Client,152 Railroad Street,,,,,,,2567113018
,,Conestoga,,Manor Fuels Inc.,Peter Shirk,,,,,,,,7/31/2021 6:31,,,,,,,(717) 872-0617,17516,PA,Non Client,309 Chestnut Grove Rd,,,,,,,2567448052
,,East Mansfield,,Mansfield Oil Co.,Kathy MacDonald,,,,,,,,8/3/2021 22:36,,,,,,,508-339-4473,2048,MA,Non Client,945 East St.,,,,,,,2567532362
,,Slatington,,"Mantz Fuel Oil Co., Inc.",Craig R. Peischler,,,,,,,,7/31/2021 11:44,,,,,,,610-767-2079,18080,PA,Non Client,30 Factory St.,,,,,,,2567525484
,,Mapleton,,Mapleton Oil Co.,Tim Wood,,,,,,,,8/3/2021 22:44,,,,,,,(207) 764-6039,4757,ME,Non Client,39 Hughes Rd,PO Box 412,,,,,,2567545374
,,Worcester,,Marane Oil,Wayne Johnson,,,,,,,,8/3/2021 5:58,,,,,,,,01605-2406,MA,Non Client,75 Crescent St.,,,,,,,2567335841
,,Tuckahoe,,Marciano Fuel Co.,Lawrence Marciano,,,,,,,,8/2/2021 9:08,,,,,,,914-961-3736,10707,NY,Non Client,185 Marbledale Rd.,,,,,,,2567408097
,,Manville,,Marco Oil Inc.,Mark Sinibaldi,,,,,,,,7/31/2021 18:16,,,,,,,908-575-7577,8350,NJ,Non Client,P.O. Box 392,,,,,,,2567543596
,,Baltimore,,Marex Corporation,William Weber,,,,,,,,3/15/2024 14:37,,,,,,,,21221-3103,MD,Non Client; Not Prospect,8900 CITATION RD,,,,,,,2567487500
,,BAYVILLE,,Marine Oil Company,Ed D'Hondt,,,,,,,,8/4/2021 3:30,,,,,,,,11709-1671,NY,Non Client,84 BAYVILLE AVE,,,,,,,2567525027
,,BROOKLYN,,Marine Park Fuel Co,Charles Silecchia,,,,,,,,7/30/2021 22:38,,,,,,,,11234-3416,NY,Non Client,1512 E 36TH ST,,,,,,,2567112957
,,Boston,,Marine Systems Corporation,Edward Jackson,,,,3/16/2020 15:38,,,,4/1/2022 13:50,,,,,,,(617) 542-3345,2210,MA,Non Client; Not Prospect,70 Fargo St.,,,,,,,2567537235
,,Lynn,,Mariner Fuel,Tom Scanlon,,,,,,,,8/1/2021 23:49,,,,,,,781-595-1131,01904-8147,MA,Non Client,PO Box 8147,,,,,,,2567335930
,,Meriden,,Markay Oil Company,John Dornfried,,,,6/9/2020 15:51,,,,8/1/2021 11:29,,,,,,,203-235-2853,6450,CT,Non Client,14 Whalley St,,,4/24/2020 10:57,,,,2567543515
,,Allentown,,Marmelo Enterprises,Rudelph Marmelo Jr.,,,,,,,,8/3/2021 3:26,,,,,,,(610) 266-3860,18109,PA,Non Client,220 Lloyd St.,,,,,,,2567453217
,,MILFORD,,Mar's Energy,Michael Morin,,,,,,,,7/31/2021 8:20,,,,,,,,06460-0996,CT,Non Client,PO BOX 3196,,,,,,,2567112836
,,Port Royal,,Marstellar Concrete,Scott Marstellar,,,,,,,,3/15/2024 15:02,,,,,,,,17082,PA,Non Client; Not Prospect,P.O. Box 210,,,,,,,2567543880
,,WYOMING,,Marstell's Oil Company,George Marstell,,,,,,,,8/1/2021 17:06,,,,,,,,18644-9392,PA,Non Client,811 BODLE RD,,,,,,,2567545307
,,MATAWAN,,Martin & Brown Fuel Inc,Ted Osipowitz,,,,6/9/2020 15:54,,,,8/1/2021 4:07,,,,,,,732-566-0281,07747-0549,NJ,Non Client,PO BOX 549,340 Main Street,,4/27/2020 13:36,,,,2567554382
,,GLENDALE,,Martin Fuel Oil Corp,Martin Giovanniello,,,,,,,,8/1/2021 15:17,,,,,,,718-821-9168,11385-4316,NY,Non Client,68-22 COOPER AVE,,,,,,,2567545405
,,Bellwood,,Martin Oil Company,Brian Kustaborder,,,,1/25/2024 13:03,,,,1/25/2024 13:03,,,,,,,814-742-8438,16617-1922,PA,Non Client,528 N. First Street,,,,,,,2567538624
,,New Holland,,Martindale Propane,Glenn Zimmerman,,,,,,,,8/1/2021 14:27,,,,,,,,17557-9672,PA,Non Client,251 Commerce Dr,,,,,,,2567336299
,,New Holland,,Martindale Propane,Joyce Zimmerman,,,,,,,,8/1/2021 6:31,,,,,,,,17557-1515,PA,Non Client,108 Short St,,,,,,,2567113157
,,Essington,,Martino Fuel Oil,Steve Martino,,,,,,,,7/31/2021 7:47,,,,,,,610-521-2340,19029-0063,PA,Non Client,P.O. Box 63,,,,,,,2567543935
,,Rochester,,"Martino, Inc.",John Martino,,,,,,,,8/3/2021 1:11,,,,,,,724-728-6200,15074,PA,Non Client,425 Railroad Street,,,,,,,2567113261
,,Waynesboro,,"Martz Plumbing & Heating, Inc.",Wayne S. Martz,,,,,,,,8/5/2021 2:43,,,,,,,717-762-6115,17268,PA,Non Client,216 W. 5th Street,,,,,,,2567402472
,,Kent,,Marvelwood School,Steve Ardussi,,,,,,,,7/31/2021 7:17,,,,,,,860-927-5316,06757-3001,CT,Non Client,476 Skiff Mountain Rd.,P.O. Box 3001,,,,CFO,,2567537297
,,MASSAPEQUA,,Massapequa Fuel,William Beato,,,,,,,,8/3/2021 21:07,,,,,,,,11758-1266,NY,Non Client,503 HICKSVILLE RD,,,,,,,2567536430
,,GREAT NECK,,Massaro Brothers,Lou Massaro,,,,,,,,7/31/2021 14:40,,,,,,,,11024-1936,NY,Non Client,724 MIDDLE NECK RD,,,,,,,2567335963
,,Franklin,,"Matrix Service Mid-Continent,",Debra Clark,,,,,,,,3/15/2024 14:58,,,,,,,814-432-7421,16323,PA,Non Client; Not Prospect,"R.D. 1, Box 570, Blackhill Rd.",,,,,,,2567552862
,,Nescopek,,Matthews Fuel Service,David E. Matthews,,,,,,,,8/4/2021 14:43,,,,,,,570-752-5521,18635,PA,Non Client,P.O. Box 87,,,,,,,2567336304
,,Malvern,,Mauger And Company Inc,Bud Mauger,,,,,,,,7/31/2021 16:31,,,,,,,610-429-8200,19355-0415,PA,Non Client,PO Box 415,,,,,,,2567408377
,,Nottingham,,"Mauger Sons, Inc.",Phillip Robinson,,,,,,,,7/30/2021 19:42,,,,,,,610-932-8524,19362,PA,Non Client,P.O. Box 215,,,,,,,2567402470
,,Warwick,,Maurano & Associates,Paul Maurano,,,,,,,,8/4/2021 6:02,,,,,,,401-737-5216,2886,RI,Non Client,Airport Office Center,"2348 Post Road, Suite 28",,,,,,2567453134
,,Hackettstown,,Mayberry Fuel,David Dunbar,,,,,,,,8/1/2021 9:56,,,,,,,,7840,NJ,Non Client,401 Center Street,PO BOX 132,,,,,,2567525523
,,Philadelphia,,Mayfair Fuel Oil Co.,Peter J. Kilroy,,,,,,,,8/5/2021 5:01,,,,,,,215-333-6565,19135-2894,PA,Non Client,6618 Torresdale Avenue,,,,,,,2567525506
,,Windsor,,Mayo Fuel Service,Charles Pope,,,,,,,,8/3/2021 2:54,,,,,,,860-242-9266,6095,CT,Non Client,384 Windsor Ave,P. O. Box 280,,,,,,2567447952
,,Bridgeport,,Mazal Fuel Co,Ralph Mazal,,,,4/6/2020 12:55,,,,7/30/2021 23:36,,,,,,,203-335-3385,6604,CT,Former Hedge Client,1099 North Avenue,,,4/6/2020 12:53,,,,2567537503
,,Garfield,,Mazzo Oil,Susan Hammond,,Prospect,,,,,,5/10/2022 14:01,,,,,,,973-473-5181,07026-0070,NJ,Non Client,139 Van Winkle Avenue,P.O. Box 70,,4/27/2020 13:36,,President,,2567534805
,,Portland,,Mc Aleney Oil Co.,Michael Mc Aleney,,,,,,,,8/2/2021 21:43,,,,,,,207-871-0637,4101,ME,Non Client,25 Melborne Street,,,,,,,2567552737
,,Salem,,Mc Lean Oil,James McLean,,,,,,,,8/1/2021 8:46,,,,,,,603-893-5808,3079,NH,Non Client,17 Arlington Pond Court,,,,,,,2567452827
,,SOMERS POINT,https://www.mcservice.com/,McAllister ...The Service Company,George T McAllister,"McAllister The Service Company focuses on our customers’ needs with a total commitment to exceptional air conditioning services and innovative solutions. For over 140 years, home and business owners have relied on McAllister for state-of-the-art heatin...",NJ Presentation 10/20,Construction,,,,,2/1/2024 20:22,,,,,,,800-757-4122,08244-0185,NJ,Non Client,30 Mays Landing Rd,,,4/27/2020 13:36,America/New_York,CEO,McServiceCom,2567447875
,,Pennsauken,https://www.mcallisterenergy.com/,Mcallister Energy,Chuck Gainey,"McAllister Energy is a Pennsauken-based company that has been providing reliable heating and air conditioning services in South Jersey since 1876. They offer a range of top-rated services including AC installation, replacement, and maintenance. Their t...",,Construction,6/23/2020 14:07,,,,2/16/2024 14:07,,,,0,2567452875,,(856) 665-4545,8109,NJ,Non Client,7116 Park Ave,,,,,,mcallisterhvac,2567355892
,,Somers Point,,McAllister The Service co.,George McAllister,,Hot Lead,,,,,,8/1/2021 7:23,,,,,,,609-927-4122,8244,NJ,Non Client,,30 MAys Landing Rd.,,,,CEO,,2567408096
,,Horsham,,"McCaffrey Fuel Oil, Inc.",Bruce McCaffrey,,,,,,,,8/1/2021 13:22,,,,,,,215-674-8978,19044,PA,Non Client,P.O. Box 208,,,,,,,2567402239
,,Conshohocken,,"McCandless Fuels, Inc.",Charles T. Nevins,,,,,,,,8/1/2021 21:32,,,,,,,610-832-8100,19428,PA,Non Client,800 Brook Road,,,,,,,2567525487
,,Taunton,,McClellan Fuel Co,Peter Bartek,,,,,,,,8/3/2021 21:21,,,,,,,508-822-2382,2780,MA,Non Client,125 Winter St,,,,,,,2567525341
,,WHITE PLAINS,,"McConnell Fuel & Pool Service, Inc.",Kip McConnell,,,,,,,,8/4/2021 22:56,,,,,,,,20695-0308,MD,Non Client,PO BOX 308,,,,,,,2567407888
,,ATLANTIC HIGHLAND,,McConnell Fuel Inc,James McConnell Jr,,,,,,,,7/31/2021 20:21,,,,,,,,7716,NJ,Non Client,Avenue D,,,,,,,2567487346
,,York,,McCullough Oil Service,Dale McCullough,,,,,,,,7/30/2021 17:31,,,,,,,717-235-6809,17405-0946,PA,Non Client,PO Box 946,,,,,,,2567336043
,,Boston,,McDermott Will & Emery,Joshua A Munn,,,,,,,,8/2/2021 6:39,,,,,,,(617) 535-4015,02109-1775,MA,Non Client,28 State Street,,,,,Attorney at Law,,2567447673
,,Fort Edward,,McDonald Oil Co.,Marylou McDonald,,,,,,,,8/3/2021 6:37,,,,,,,518-747-6085,12828-9710,NY,Non Client,1807 State Route 4,,,,,,,2567355904
,,,,McDowell Oil Service Inc.,Susan McDowell,,,,,,,,7/31/2021 2:42,,,,,,,,,,Non Client,,,,,,,,2567543482
,,Selinsgrove,,"McDowell Oil Service, Inc.","John L. McDowell, III",,,,,,,,7/31/2021 8:50,,,,,,,570-374-2785,17870,PA,Non Client,830 South Front Street,,,,,,,2567355635
,,RANDOLPH,,McGee Oil Inc,Terry Brackett,,Prospect,,6/9/2020 15:59,,,,7/31/2021 14:38,,,,,,,207-582-2218,04346-5216,ME,Non Client,246 WATER ST,,,4/24/2020 15:10,,,,2567402130
,,Fairfield,,McGoldrick Fuel Inc,Charles McGoldrick,,Hope's Leads,,6/9/2020 16:00,,,,8/4/2021 19:35,,,,,,,203-255-0189,6824,CT,Non Client,234 Linwood Ave,,,4/24/2020 10:57,,,,2567486855
,,Lockport,,McGraw Mechanical,Richard Gaude,,,,,,,,8/4/2021 1:28,,,,,,,716-433-7901,14094,NY,Non Client,,,,,,,,2567487351
,,Hadley,,McKernon Oil Co. Inc,Kent McKernon,,,,,,,,8/2/2021 19:02,,,,,,,518-696-2122,12835,NY,Non Client,339 Old Corinth Road,,,,,,,2567547497
,,Nashua,https://www.mclaughlinoilnh.com/,McLaughlin Oil Co,Michael L. McLaughlin,McLaughlin Oil is a local family owned company servicing the Greater Nashua area of Southern New Hampshire,Prospect,Consumer Services,3/5/2020 13:32,,,,2/22/2024 13:10,,,,,,,603-882-5500,3062,NH,Non Client,20 Progress Ave,,,3/5/2020 13:30,America/New_York,,,2567453100
,,Duncansville,,"McLaughlin Oil Co., Inc.",William E. McLaughlin,,,,,,,,8/1/2021 18:39,,,,,,,814-944-4235,16635,PA,Non Client,3385 Route 764,,,,,,,2567536509
,,Waynesboro,,McLaughlin's Home Heating,Bruce McLaughlin,,,,,,,,8/1/2021 10:15,,,,,,,717-762-5711,17268,PA,Non Client,11931 B.T.E.,,,,,,,2567402483
,,Waynesboro,,McLaughlin's Home Heating,Mark L. McLaughlin,,,,,,,,8/3/2021 4:20,,,,,,,717-762-5711,17268-9435,PA,Non Client,11931 Buchanan Trail East,,,,,,,2567487150
,,INDIANA,,McNaughton Oil Company,David McNaughton,,,,,,,,7/31/2021 6:49,,,,,,,,15701-0615,PA,Non Client,PO BOX 615,,,,,,,2567355973
,,Hadley,,McQuiston Oil Inc.,Dan McQuiston,,,,,,,,8/1/2021 21:00,,,,,,308,814-425-7498,16130,PA,Non Client,606 Georgetown Road,,,,,,,2567545538
,,East Longmeadow,,"Meadows Energy, Inc.",Peter Punderson,,Prospect,,6/9/2020 16:40,,,,8/2/2021 18:23,,,,,,,413-525-6460,1028,MA,Non Client,PO BOX 484,,,5/5/2020 15:42,,,,2567355473
,,Pittston,,Mecadon Oil Co.,Michael F. Mecadon,,,,,,,,7/30/2021 20:21,,,,,,,570-655-9711,18640-0543,PA,Non Client,P.O. Box 543,,,,,,,2567408079
,,BRICK,,Meco Oil Company,Fred Monfiletto,,,,,,,,8/1/2021 21:28,,,,,,,,08724-2317,NJ,Non Client,1481 STATE HIGHWAY 88,,,,,,,2567552902
,,Upper Darby,,Meenan Oil,William McMahon,,,,,,,,7/31/2021 8:08,,,,,,,(215) 943-3500,19082,PA,Non Client,8301 Landsdowne Ave.,,,,,,,2567525165
,,Tullytown,,"Meenan Oil Co., L.P.","John W. Kuebler, Jr.",,,,,,,,8/2/2021 0:25,,,,,,,215-943-3500,19007,PA,Non Client,113 Main Street,,,,,,,2567402481
,,CHESTER,,Meenan Oil Company,Jerome Kinsey,,,,6/9/2020 16:43,,,,5/10/2022 14:29,,,,,,,908-879-5411,07930-0598,NJ,Non Client,PO BOX 598,65 Maple Road,,4/27/2020 13:36,,,,2567525389
,,Middletown,,Meenan/Wallace Oil Company,Steve Cortese,,,,,,,,8/1/2021 7:43,,,,,,,845-343-6909,10940,NY,Non Client,P.O. Box 699,,,,,,,2567543781
,,BERGENFIELD,,Melrose Fuel Oil Company,Harry Schwartz,,,,,,,,8/2/2021 19:16,,,,,,,,7621,NJ,Non Client,215 Washington Avenue,,,,,,,2567408053
,,MEADVILLE,,Mercatoris Oil Company,Morris Mercatoris,,,,,,,,8/4/2021 19:36,,,,,,,,16335-0381,PA,Non Client,PO BOX 381,,,,,,,2567487399
,,Waterbury,,"Mercury Fuel Service, Inc.","Michael Devino, Jr.",,Hope's Leads,,11/19/2020 12:59,,,,7/31/2021 5:13,,,,0,2567545542,,203-756-7284,6708,CT,Non Client; Not Prospect,43 Lafayette St.,,,4/24/2020 10:57,,,,2567538461
,,Gloversville,,Merkt Oil Co.,Donald Merkt,,,,,,,,8/4/2021 18:48,,,,,,,518-725-3311,12078,NY,Non Client,267 South Main St.,,,,,,,2567525463
,,NESQUEHONING,,"Mermon Enterprises, Inc.",George Mermon,,,,,,,,8/3/2021 5:21,,,,,,,,18240-1707,PA,Non Client,701 E CATAWISSA ST,,,,,,,2567525302
,,Brattleboro,,Merrill Gas Co,Matthew Henry,,,,,,,,8/2/2021 6:09,,,,,,,802-254-5755,5301,VT,Non Client,55 Depot Street,,,,,,,2567453146
,,SOUTHBURY,,Metcalf Fuels,Jonathan Metcalf,,,,,,,,7/31/2021 15:01,,,,,,,,06488-2635,CT,Non Client,33 BULLET HILL RD,,,,,,,2567534716
,,AVENEL,,Metro 1 Fuel,Alex Krut,,,,,,,,8/3/2021 11:35,,,,,,,,07001-2408,NJ,Non Client,2540 RANDOLPH AVE,,,,,,,2567335937
,,Medford,,Metro Fuel,Tom Pernarelli,,,,,,,,8/3/2021 2:13,,,,,,,617-396-6015,02155-0006,MA,Non Client,P.O. Box 748,,,,,Owner,,2567486902
,,Brooklyn,,Metro Fuel Oil Corp.,Gene Pullo,,,,,,,,8/1/2021 16:35,,,,,,,718-383-1400,11222,NY,Non Client,500 Kingsland Avenue,,,,,,,2567525025
,,Medford,,Metromatic Manufacturing Inc,Mona DeAngelo,,,,,,,,8/1/2021 10:39,,,,,,,781-396-5300,2155,MA,Non Client,15 Winchester Street,,,,,,,2567355590
,,Norwood,,Metropolitan Energy Council,James Devine,,,,,,,,3/15/2024 15:26,,,,,,,,7648,NJ,Non Client; Not Prospect,P.O. Box 252,,,,,,,2567554405
,,West Warwick,,Metropolitan Gas & Oil,Anthony Zampa,,,,,,,,7/30/2021 22:27,,,,,,,401-822-9484,2893,RI,Non Client,1086 Main St,,,,,,,2567547350
,,BROOKLYN,,Metropolitan Heat & Power,Bob Traktman,,,,,,,,8/2/2021 10:00,,,,,,,,11218-5310,NY,Non Client,820 CONEY ISLAND AVE,,,,,,,2567355785
