About Us,CAP/ Budget ,City,Company Domain Name,Company name,Contact,Description,ID/Status,Industry,Last Activity Date,Last Contacted,Last Engagement Date,Last Logged Call Date,Last Modified Date,Lead Status,Merged Company IDs,NOTE WORTHY,Number of child companies,Parent Company,Phone Ext-,Phone Number,Postal Code,State/Region,Status (Relationship),Street Address,Street Address 2,Target Account,Time First Seen,Time Zone,Title,Twitter Handle,Organization Id
,,Marblehead,,Apollo Group,George Davcos,,,,,,,,8/2/2021 21:41,,,,,,,617-639-1960,1945,MA,Non Client,,,,,,,,2567487016
,,Concord,,Aranco Oil Company,Floyd Hayes,,,,,,,,8/2/2021 2:06,,,,,,,603-224-7500,3301,NH,Non Client,557 N. State St.,,,,,,,2567554487
,,Cheshire,,Arbor OIl,Hunter Tweed,,,,8/19/2020 12:09,,,,8/1/2021 0:32,,,,0,2567486999,,203-272-3250,6410,CT,Non Client; Not Prospect,PO Box 216,280 School House Road,,,,203-718-1040 Luke direct,,2567543510
,,Corinth,,Arctic Energy Inc.,Tom Wilkins,,Prospect,,4/27/2020 11:22,,,,5/10/2022 13:57,,,,0,2567538651,,207-285-3321,4427,ME,Non Client,BOX 345,,,4/24/2020 15:10,,,,2567408347
,,Newburgh,,Area Oil Supply Inc.,Walter Schumacher,,,,,,,,7/30/2021 17:10,,,,,,,914-564-0870,12550,NY,Non Client,454 North Plank Rd.,,,,,,,2567113053
,,Hanover,,"Arentz Oil Service, Inc.",Bradley W. Arentz,,,,,,,,8/1/2021 8:55,,,,,,,717-637-9198,17331-2305,PA,Non Client,"Rear 352, High Street",,,,,,,2567536487
,,Randolph,,Aresenault Oil Co,Jim Arsenault,,,,12/7/2020 11:57,,,,8/2/2021 5:41,,,,,,,617-963-0734,2368,MA,Non Client; Not Prospect,3 Wyman Rd,,,,,,,2567336349
,,Mayfield,,ARG Trucking Inc,Bradley Dutcher,,,,,,,,7/30/2021 19:36,,,,,,,518-462-4278,12117,NY,Non Client,30 Woodside Ave,,,,,,,2567452843
,,PHILADELPHIA,,Argentieri Fuels Oil,Dante Argentieri,,,,,,,,8/2/2021 19:30,,,,,,,,19145,PA,Non Client,1701 25th Street,,,,,President,,2567534829
,,Point Pleasant,,Ariba Oil Co.,Keith Humphris,,,,,,,,8/2/2021 12:11,,,,,,,732-899-1100,08742-4586,NJ,Non Client,1417 Bay Ave.,(South & Bay Ave.),,,,,,2567536408
,,Cranston,,Arlington & Performance Petro,James Patalano,,,,,,,,3/15/2024 14:45,,,,,,,401-943-4000,2920,RI,Non Client; Not Prospect,964 Cranston St,,,,,,,2567336347
,,Bethel Park,,Armstrong Air Conditioning Inc.,John Kite,,,,,,,,3/15/2024 15:08,,,,,,,412-854-1345,15102,PA,Non Client; Not Prospect,3285 Appel Road,,,,,,,2567487428
,,Georgetown,,Armstrong Corp,Edward Armstrong,,,,,,,,8/4/2021 5:20,,,,,,,978-352-6800,1833,MA,Non Client,241 Andover Street,,,,,,,2567534736
,,Levittown,,Armstrong Heating & AC,James Armstrong,,,,,,,,8/3/2021 1:42,,,,,,,215-295-7200,19054,PA,Non Client,72 Hillside Lane,,,,,,,2567547550
,,Carlisle,,Arnold Fuel Oil,Tom Carper,,,,,,,,8/5/2021 5:14,,,,,,,717-697-8647,17013,PA,Non Client,,,,,,,,2567543602
,,Needham,,"Arnold Oil Co., Inc.",Ben Foster,,Prospect,,6/3/2020 14:44,,,,5/10/2022 13:57,,,,,,,781-449-3388,02492-2402,MA,Non Client,10 Oak Street,,,5/5/2020 15:42,,,,2567112905
,,Scarborough,,Arnold Oil Company,Bob Pineo,,Prospect,,4/27/2020 11:26,,,,8/2/2021 7:08,,,,,,,207-885-0704,4070,ME,Non Client,PO BOX 7188,,,4/24/2020 15:10,,,,2567401933
,,Malone,,"Arnold Oil, Inc.",Thomas J. Arnold,,,,,,,,7/31/2021 22:51,,,,,,,518-483-3460,12953,NY,Non Client,P.O. Box 419,257 Elm Street,,,,,,2567355651
,,Seekonk,,Arrow Fuel,Rick Warren,,,,,,,,7/30/2021 19:53,,,,,,,508-399-8700,2771,MA,Non Client,102 Pond St. D-1,,,,,,,2567486906
,,Seekonk,,Arrow Fuel Company,Nick Warren,,,,,,,,8/5/2021 3:00,,,,,,,(508) 399-8700,2771,MA,Non Client,102 Pond St,Unit D1,,,,,,2567336164
,,NEWARK,,Arrow Fuel Oil Company,Edward Monto,,,,,,,,8/1/2021 15:57,,,,,,,973-923-3330,07112-1027,NJ,Non Client,469 LYONS AVE,,,4/27/2020 13:36,,,,2567532388
,,Caledonia,,"Arrow Marts, Inc.",John Crawford,,,,,,,,3/15/2024 15:08,,,,,,,585-538-2299,14423-0071,NY,Non Client; Not Prospect,PO Box 120,,,,,,,2567402456
,,CATSKILL,,Artes S Smith & Sons Inc,Ronald S Smith,,,,,,,,8/3/2021 6:10,,,,,,,518-943-4220,12414-1711,NY,Non Client,81 MAPLE AVE,,,,,,,2567448155
,,WATERFORD,,Arthur Fletcher's Fuel Oil,Arthur Fletcher,,,,,,,,8/2/2021 3:47,,,,,,,,06385-2025,CT,Non Client,26 MINER AVE,,,,,,,2567525066
,,Landisville,,Arthur J. Ulrich Co.,William M. Ulrich,,,,,,,,8/1/2021 17:08,,,,,,,717-898-8122,17538,PA,Non Client,139 Main Street,,,,,,,2567402237
,,Lynn,,Artic Oil,Richard Ferrari,,,,,,,,8/1/2021 8:16,,,,,,,617-592-4440,1904,MA,Non Client,12 Washington Street,,,,,President,,2567401945
,,TRENTON,,Artic Petroleum,Wayne R Moody,,,,,,,,7/31/2021 14:10,,,,,,,,8618,NJ,Non Client,831 B-2 Parkway Avenue,,,,,,,2567402432
,,EDISON,,Ashbrook Fuel Company,John Busher,,,,,,,,8/2/2021 19:46,,,,,,,,08820-1115,NJ,Non Client,380 RAHWAY RD,,,,,,,2567545533
,,ASHBY,,Ashby Oil Company,Dick Catalini,,,,3/3/2020 12:13,,,,8/2/2021 2:46,,,,,,,978-386-5859,1431,MA,Non Client,PO BOX 266,492 Fitchburg State Road,,,,,,2567447971
,,BROOKLYN,,Atlantic & Pacific Oil Company,Sam Ainbinder,,,,,,,,8/1/2021 22:37,,,,,,,718-252-6000,11230-2911,NY,Non Client,1195 CONEY ISLAND AVE,,,,,,,2567554493
,,Wayne,,Atlantis Petroleum,Kenneth C. Morrison,,,,,,,,7/30/2021 21:21,,,,,,,610-265-8081,19087-2171,PA,Non Client,880 E. Swedesford Road,Suite 110,,,,,,2567336260
,,Bronx,,Atlas Fuel Oil Corp,James Coretti,,,,,,,,7/31/2021 18:11,,,,,,,718-893-4400,10472-3194,NY,Non Client,1110 Bronx River Avenue,,,,,Service Manager,,2567448087
,,Short Hills,,Atlas Oil Corp.,Len Eisenbud,,,,,,,,7/31/2021 4:52,,,,,,,973-258-1111,7078,NJ,Non Client,784 Morris Turnpike #309,,,,,,,2567355777
,,East Boston,,"August Bros. Oil, Inc.",John August,,MOC Retail Members,,6/3/2020 16:17,,,,4/23/2022 18:23,,,,,,,617-569-4645,2128,MA,Non Client,2 Shawsheen Road,,,5/5/2020 15:42,,,,2567336155
,,Birdsboro,,"Aulenbach & Son, Inc.",Duane S. Aulenbach,,,,,,,,8/1/2021 5:45,,,,,,,610-582-3633,19508-8564,PA,Non Client,395 Old River Road,,,,,,,2567525187
,,Hanover,,Aumen Oil,Edward Aumen,,,,,,,,7/31/2021 10:12,,,,,,,717-632-4222,17331,PA,Non Client,311 Factory St,,,,,,,2567335943
,,,,"Automated Petroleum & Energy Co., Inc.",Bill McKnight,,,,,,,,7/30/2021 23:15,,,,,,,(813) 681-4279,,,Non Client,,,,,,,,2567537159
,,East Hartford,,Automatic Comfort Corp.,Joseph O'Connor,,,,,,,,7/30/2021 14:04,,,,,,,,6128,CT,Non Client,P.O. Box 280947,,,,,,,2567335708
,,Bloomfield,,Automatic Oil,Tom Jones,,,,,,,,7/31/2021 12:54,,,,,,,973-748-4200,7003,NJ,Non Client,,,,,,,,2567487257
,,Reading,,Automotive Service Reladyne LLC,"John K. Palmer, Sr.",,,,,,,,8/3/2021 12:47,,,,,,,610-678-3421,19608-0157,PA,Non Client,PO Box 2157,,,,,President,,2567113136
,,Everett,,Aversa Fuel and Appliance,Paul Aversa,,,,,,,,8/2/2021 4:42,,,,,,,617-387-5790,2149,MA,Non Client,108 Ferry Street,,,,,,,2567534776
,,STAMFORD,,Avon Energy,Frank Docimo,,,,,,,,7/30/2021 18:42,,,,,,,,06902-3024,CT,Non Client,24 HAMILTON AVE,,,,,,,2567335675
,,Avondale,,Avon Fuel & Supply Company,Gabriel Frezzo,,,,,,,,8/2/2021 18:44,,,,,,,610-268-2237,19311,PA,Non Client,P.O. Box 477,,,,,,,2567408379
,,S. Williamsport,,Axeman-Anderson Company,Peter H. Axeman,,,,,,,,8/3/2021 22:40,,,,,,,570-326-9114,17701,PA,Non Client,300 East Mountain Avenue,,,,,,,2567537448
,,Derry,,Axxis Petroleum,Rich Lisauskas,,,,,,,,8/4/2021 18:24,,,,,,,603-216-5353,3038,NH,Non Client,12 Buttonwood Drive,,,,,,,2567336229
,,Portland,,B & B Energy,Mary Beaulieu,,Prospect,,6/3/2020 16:21,,,,8/1/2021 11:34,,,,,,,207-774-4126,4102,ME,Non Client,63 Douglas Street,,,4/24/2020 15:10,,,,2567532398
,,Portland,,"B & B Petroleum, Inc.",Edward Baillargeon,,,,6/3/2020 16:25,,,,8/1/2021 13:01,,,,,,,860-342-2214,6480,CT,Non Client,32 Brownstone Avenue,,,4/24/2020 10:57,,,,2567486860
,,Pine Bush,,B & C Fuel Oil Co.,Todd Schliphack,,,,,,,,8/3/2021 19:44,,,,,,,845-744-2354,12566,NY,Non Client,P. O. Box 288,99 Depot Street,,,,,,2567525291
,,Reading,,"B & F Petroleum Installations, Inc.",Jared Baer,,,,,,,,8/5/2021 5:14,,,,,,,(610) 929-1113,19605,PA,Non Client,2121 Adams Street,,,,,,,2567408040
,,Waterbury,,B & H Oil Company,Vincent Horgan,,,,,,,,8/1/2021 12:06,,,,,,,203-753-4328,6706,CT,Non Client,216 Tracy Ave.,,,,,,,2567447710
,,Temple,,"B & J Energy, Inc.",William Adams,,,,,,,,8/4/2021 5:06,,,,,,,,19560,PA,Non Client,P.O. Box 162,,,,,,,2567408228
,,Saratoga Springs,,B & L Control Service,Kim Thomas,,,,,,,,8/1/2021 5:51,,,,,,,518-587-5350,12866,NY,Non Client,P.O. Box 399,,,,,,,2567532249
,,Allentown,,B & W Frey Inc.,Woodrow Frey,,,,,,,,8/3/2021 1:48,,,,,,,610-709-8930,18103,PA,Non Client,1433 Lehigh Street,,,,,,,2567402231
,,PLEASANT VALLEY,,B Best Oil Company,Coleene,,,,,,,,8/2/2021 22:30,,,,,,,,12569-0327,NY,Non Client,PO BOX 327,,,,,,,2567545555
,,Ellenville,,B Petroleum Corp.,Harris Binder,,,,3/26/2020 13:24,,,,8/1/2021 8:56,,,,,,10,845-647-6767,12428,NY,Former Hedge Client,"Route 209, PO Box 49",,,3/26/2020 13:24,,,,2567336265
,,West Haven,,B. E. C.,Michael Shiner,,,,,,,,8/1/2021 12:36,,,,,,,203-933-2781,6516,CT,Non Client,P.O. Box 112,,,,,,,2567382927
,,Willow Street,,B. G. Mellinger & Son Inc,Carl A. Mellinger,,,,,,,,8/4/2021 0:33,,,,,,,717-464-3921,17584-9354,PA,Non Client,410 Baumgardner Road,,,,,,,2567534886
,,Bethel,,"B. J. Dolan Company, Inc.",John Dolan,,,,,,,,8/2/2021 18:16,,,,,,,,6801,CT,Non Client,P.O. Box 307,,,,,,,2567112958
,,Milford,,B. Vitalini (Milford Fuel Oil),Joe Vitalini,,,,,,,,8/3/2021 22:04,,,,,,,508-473-0500,1757,MA,Non Client,12 South Free Street,,,,,,,2567538572
,,BROOKLYN,,Baerenklau Company,Michael Piccininni,,,,,,,,8/3/2021 3:58,,,,,,,,11208-1414,NY,Non Client,740 JAMAICA AVE,,,,,,,2567355787
,,Madison,,Bailey Energy Fuels,Harold Bailey,,Prospect,,4/27/2020 11:44,,,,8/1/2021 6:35,,,,,,,207-696-4000,04950-1343,ME,Non Client,124 Weston Ave,,,4/24/2020 15:10,,,,2567543580
,,Bryant Pond,,"Baker/Doucette Inc., DBA Woodstock Oil",Mathew J Baker III,,Prospect,,4/27/2020 11:51,,,,6/13/2022 1:42,,,,0,2567554391,,207-665-2602,4219,ME,Non Client,PO BOX 117,South Main Street,,4/24/2020 15:10,,,,2567534645
,,Vernon,,"Baldwin Fuel Oil/ Bob Baldwin Transportation, Inc.",Robert Baldwin,,,,,,,,7/31/2021 7:05,,,,,,,(973) 764-7079,7462,NJ,Non Client,P.O. Box 159,5 Omega Drive,,,,Vice President,,2567402403
,,Tamaqua,,Balliet's Fuel Oil Inc.,Chris P. Loughman,,Prospect,,,,,,6/22/2022 4:05,,,,,,,570-386-4323,18252,PA,Non Client,613 Penn Drive,,,4/30/2020 15:41,,,,2567547303
,,Baltic,,Baltic Oil Company,Andre Bastien,,,,6/3/2020 16:29,,,,7/30/2021 19:32,,,,,,,860-822-8011,6330,CT,Non Client,32 Bushnell Hollow Rd,P.O. Box 696,,4/24/2020 10:57,,,,2567113181
,,Lebanon,,Bambergers Inc,Dave Bamberger,,,,,,,,8/2/2021 19:11,,,,,,,717-272-6641,17046-4876,PA,Non Client,122 Schneider Dr,,,,,,,2567525229
,,Kensington,,"Banaaft, Inc.",John Bergman,,,,,,,,8/3/2021 0:30,,,,,,,(860) 223-2600,6037,CT,Non Client,PO Box 186,,,,,,,2567543639
,,PERTH AMBOY,,Banas Oil Company,Julius Banas,,,,,,,,8/1/2021 13:57,,,,,,,,08861-3830,NJ,Non Client,435 SMITH ST,,,,,,,2567453138
,,Hampton Bays,,"Bangtson's Fuel, Inc.",Edward M. Lachcik,,,,,,,,7/30/2021 22:54,,,,,,,631-728-1444,11946-0205,NY,Non Client,98 E. Montauk Hwy.,P.O. Box 1015,,,,,,2567536595
,,PATERSON,,Bannister Fuel,Faye Bannister,,,,,,,,8/4/2021 22:13,,,,,,,,07501-1036,NJ,Non Client,84 STRAIGHT ST,,,,,,,2567537280
,,Medford,,Banta Fuel Oil Co,John Zero,,Prospect,,5/5/2020 16:33,,,,7/31/2021 19:49,,,,,,,781-395-8458,2155,MA,Non Client,9 Charlton Street,,,5/5/2020 15:42,,,,2567355459
,,Hazelton,,Bar Fuel,Jack Barletta,,,,,,,,8/3/2021 21:38,,,,,,,570-455-1519,18201,PA,Non Client,PO BOX 40,,,,,,,2567525420
,,BROCKPORT,,Barclay & Fowler Oil Corporation,Chris Andrews,,,,,,,,8/3/2021 7:05,,,,,,,,14420-9640,NY,Non Client,500 HOLLEY ST,,,,,,,2567537573
,,Harford,,Bargain Oil Co.,Dave Santarelli,,,,,,,,7/30/2021 20:43,,,,,,,570-434-2750,18823,PA,Non Client,P.O. Box 239,,,,,,,2567453231
,,Meriden,,Barillaro Heating & Fuel Oil,Mike Barillaro,,,,,,,,8/4/2021 22:51,,,,,,,203-237-1404,06451-1809,CT,Non Client,28 Whalley St,,,,,,,2567532257
,,Glastonbury,,Barker's Oil Company,Gary Decrescenzo,,,,,,,,8/2/2021 3:13,,,,,,,860-633-3033,6033,CT,Non Client,31 Kinne Rd,,,,,,,2567408168
,,Woodbury,,"Barkman Oil Company, Inc.",Dirk B. Barkman,,,,,,,,7/31/2021 13:57,,,,,,,814-766-2228,16695,PA,Non Client,P.O. Box 175,,,,,,,2567534806
,,Brooklyn,,Barone & Liguori,Angelo Liguori,,,,,,,,8/1/2021 11:10,,,,,,,718-832-7010,11214,NY,Non Client,1656 86th Street,,,,,,,2567402438
,,North Bangor,,Barry Collins Oil,Barry Collins,,,,,,,,8/2/2021 18:16,,,,,,,(518) 481-5967,12966,NY,Non Client,658 County Route 13,,,,,,,2567452902
,,Hawthorne,,Bartram Fuel Oil Co Inc,Ms Lucy Ronzoni,,,,,,,,8/3/2021 23:02,,,,,,,914-666-2004,10532,NY,Non Client,475 Commerce St.,,,,,,,2567486941
,,SOUTH YARMOUTH,,Bass River Fuel Oil Co Inc,Michael Tasha,,,,,,,,7/30/2021 17:16,,,,,,,508-398-9193,02664-0339,MA,Non Client,PO BOX 339,,,,,,,2567533606
,,Bath,,Bath Fuel Co.,Howard Kirkpatrick,,Prospect,,4/27/2020 11:55,,,,8/1/2021 9:35,,,,,,,207-443-3571,4530,ME,Non Client,47 Commercial Street,,,4/24/2020 15:10,,,,2567534659
,,Freeport,,Bauer Oil Corp.,Edward Bauer,,,,,,,,8/3/2021 1:57,,,,,,,516-623-0500,11520-1821,NY,Non Client,459 Babylon Tpke.,,,,,,,2567537694
,,BURLINGTON,,Baugh Bros,Samuel F Baugh Jr,,,,,,,,8/5/2021 3:04,,,,,,,,08016-3006,NJ,Non Client,992 Neck Road,,,,,,,2567113239
,,Frazer,,Baur Oil Co,John Baur Jr,,,,,,,,7/30/2021 21:03,,,,,,,610-647-4800,19355,PA,Non Client,P.O. Box 729,,,,,,,2567113205
,,HOLTSVILLE,,Bay Fuel Oil Co,Joe Pazienza,,,,,,,,8/1/2021 17:10,,,,,,,,11742-1815,NY,Non Client,224 LONG ISLAND AVE,,,,,,,2567545297
,,HAVRE-DE GRACE,,Bay Oil Inc.,Marilyn Johnson,,,,,,,,8/1/2021 10:58,,,,,,,410-939-1010,21078,MD,Non Client,2110 PULASKI HWY,,,,,,,2567487094
,,Mount Vernon,,Baychester/Colombo Fuel Co.,Frank Colombo,,,,,,,,8/1/2021 6:17,,,,,,,914-948-8288,10550,NY,Non Client,10 West Sandford Blvd.,,,,,CEO,,2567525348
,,Titusville,,Bayless Fuel LLC,David Karl,,,,,,,,5/26/2022 19:13,,,,,,,814-827-3336,16354-1902,PA,Non Client,202 S. Brown Street,,,4/30/2020 15:41,,,,2567547463
,,SWIFTWATER,,"Baymor Fuel Company, Inc.",Curt Baymor,,,,,,,,7/31/2021 8:27,,,,,,,,18370-0100,PA,Non Client,PO BOX 100,,,,,,,2567448103
,,Brooklyn,,Bayside Fuel Oil Corp,Victor Allegretti,,,,,,,,8/1/2021 18:54,,,,,,,718-372-9800,11214-6598,NY,Non Client,1776 Shore Parkway,,,,,,,2567407944
,,Bayonne,,Beacon Oil Company,Kevin Cotter,,,,6/3/2020 16:35,,,,5/23/2022 6:04,,,,,,,201-437-0500,7002,NJ,Non Client,746-48 Avenue E,,,4/27/2020 13:36,,,,2567487084
,,BAYONNE,,Beacon Oil Inc,Fran Lamparello,,,,,,,,8/1/2021 17:20,,,,,,,201-437-0500,07002-4042,NJ,Non Client,746 AVENUE E # 748,,,,,,,2567543785
,,Saratoga Springs,,Bear Fuels,Angelo Rosse (father),,,,,,,,7/31/2021 0:30,,,,,,,518-581-7793,,NY,Non Client,,,,,,Angelo (Son),,2567335800
,,Baldwin,,Beato Fuel & Appliance Corp.,Larry,,,,,,,,7/31/2021 23:47,,,,,,,516-223-2951,11510-0088,NY,Non Client,PO Box 88,,,,,,,2567487066
,,Abington,,"Beaver Brook Oil Co., Inc.",Alex Bezanson,,MOC Retail Members,,5/19/2020 16:19,,,,7/31/2021 15:00,,,,,,,781-982-9064,2351,MA,Non Client,PO BOX 2422,,,3/16/2020 13:04,,,,2567536243
,,Turbotville,,Beck Fuels Inc.,Douglas L. Whitmoyer,,,,,,,,8/5/2021 1:38,,,,,,,570-538-1833,17772-8674,PA,Non Client,4655 Susquehanna Trail,,,,,,,2567487386
,,Everett,,"Bedford County Oil Co., Inc.",Robert D. Simmons,,,,,,,,8/5/2021 4:44,,,,,,,814-652-5118,15537,PA,Non Client,P.O. Box 180,,,,,,,2567447844
,,Baltimore,,Beebe Fuel Oil,Bill Beebe Jr.,,,,,,,,8/1/2021 18:58,,,,,,,410-686-8902,21221-3321,MD,Non Client,721 Stemmers Run Rd.,,,,,,,2567536251
,,Lemoyne,,Behney Oil Co.,Steven J. Behney,,,,11/22/2023 9:34,,,,11/22/2023 9:34,,,,,,,717-763-1844,17043-1815,PA,Non Client,501 Bosler Avenue,,,,,,,2567447903
,,Harrisburg,,Bekelja Fuel,Libby Bekelja,,,,,,,,8/3/2021 7:22,,,,,,,717-939-4876,,PA,Non Client,,,,,,,,2567547515
,,Cookstown,http://www.belascooil.com/,Belasco Petroleum Company Inc.,Rich McGuire,"Fast, Affordable and Friendly",Prospect,Oil & Energy,6/3/2020 16:38,,,,2/15/2024 12:02,,,,0,2567452875,,609-758-2800,8511,NJ,Non Client,PO BOX 8,PO BOX 8,,4/27/2020 13:36,America/New_York,,,2567525405
,,Hamilton,,Belco Fuel Oil Service,Mike Belli,,,,,,,,7/31/2021 17:20,,,,,,,609-888-1336,8610,NJ,Non Client,33 Old Olden Avenue,,,,,,,2567355664
,,Ronkonkoma,,Belfor Long Island,Phil Bauccio,,,,,,,,7/31/2021 22:31,,,,,,,(631) 964-8900,11779,NY,Non Client,60 Raynor Avenua,,,,,,,2567402178
,,RIVER EDGE,,Belger Oil And Chemical Company,Belger,,,,,,,,7/31/2021 0:44,,,,,,,,07661-2103,NJ,Non Client,179 GREENWAY TER,,,,,,,2567447691
,,Brooklyn,,Bell Fuel Oil Company,Michael V. Coppola,,,,,,,,8/4/2021 4:40,,,,,,,718-256-3824,11219,NY,Non Client,1253 65th Street,,,,,,,2567452789
,,Essex,,Bell Power Systems Inc.,Rich McGovern,,,,,,,,8/4/2021 22:57,,,,,,,(860) 767-7502,6426,CT,Non Client,34 Plains Rd.,,,,,,,2567453027
,,LINDEN,,Bellomo Fuel Inc,Bill Bellomo,,,,,,,,5/19/2022 18:27,,,,,,,908-486-3900,07036-1249,NJ,Non Client,2300 E EDGAR RD,,,4/27/2020 13:36,,CEO,,2567534840
,,New Haven,,Bellucci & Sons Inc,Anthony Bellucci,,,,,,,,8/4/2021 19:28,,,,,,,203-467-1065,6512,CT,Non Client,118 Kendall Str,,,,,,,2567336340
,,North Haven,,Belmont Fuel Inc,Dominic Guarino,,,,,,,,8/3/2021 2:23,,,,,,,203-287-0253,6473,CT,Non Client,244 Brock St,,,,,,,2567335824
,,Spencer,,"Bemis & Hobbs Oil Co., Inc.",Justin Cook,,Prospect,,5/6/2020 10:16,,,,5/15/2022 12:44,,,,0,3840565315,,508-885-3825,1562,MA,Non Client,18 Wall Street,P.O.Box 216,,5/5/2020 15:42,,,,2567452801
,,OZONE PARK,,Benat Fuel Oil Corporation,Norman Chall,,,,,,,,7/31/2021 21:07,,,,,,,,11417-1644,NY,Non Client,10321 98TH ST,,,,,,,2567554355
,,Wynantskill,,Benetech Inc.,John Panichi,,,,,,,,7/30/2021 23:03,,,,,,,518-283-8500,12198,NY,Non Client,P.O. Box 348,,,,,,,2567534817
,,Smithtown,,Benit Fuel Sales & Services,Louis Debenedittis,,,,,,,,7/31/2021 2:24,,,,,,,(631) 265-8800,11787,NY,Non Client,103 Smithtown Blvd,,,,,,,2567113032
,,North Grosvenordale,,"Ben's Oil Service, Inc.",William Rivers,,Prospect,,6/3/2020 17:04,,,,7/31/2021 5:19,,,,,,,860-935-5389,6255,CT,Non Client,97 Wilsonville Rd,RR#1 Route 12,,4/24/2020 10:57,,,,2567407820
,,East Freedom,,Benson Oil Co,Edward Benson,,,,,,,,7/31/2021 7:53,,,,,,,814-695-4293,16637,PA,Non Client,"R.R. 2, Box 314AA",,,,,,,2567356032
,,Central Falls,,Berard Oil Co.,Raymond Lague,,,,,,,,8/2/2021 2:17,,,,,,,,2863,RI,Non Client,1071 Lonsdale Avenue,,,,,,,2567543654
,,SOUTHAMPTON,,Berkoski Ice & Oil,William Berloski,,,,4/17/2020 11:41,,,,7/31/2021 12:00,,,,,,,631-283-4060,11968,NY,Non Client,1 MARINER DR,,,,,,,2567525442
,,REading,,Berks Products,Carolyn Eckert,,,,,,,,8/2/2021 23:56,,,,,,,(610) 374-5131,19603-0421,PA,Non Client,"PO Box 421, 726 Spring Street",,,,,Accounts Payable,,2567402217
,,Adams,http://www.berkshirefuel.com/,Berkshire Fuel Inc.,Steve,Berkshire Fuel is a company that provides online fuel ordering services. Customers can conveniently place their fuel orders through their website and save money in the process. They offer a wide range of fuel products to meet the needs of residential a...,,,6/3/2020 17:15,,,,2/17/2024 5:13,,,,,,,413-464-7158,1220,MA,Former Hedge Client,69 Columbia Street,,,3/26/2020 16:03,America/New_York,,,2567537257
,,Pittsfield,,Berkshire Propane,David Rickerd,,,,,,,,8/3/2021 5:17,,,,,,,800-648-8681,1201,MA,Non Client,172 Hubbard Ave,,,,,,,2567448036
,,Berlin,,"Berlin Oil Company, Inc.",Larry G. Gardner,,,,,,,,8/3/2021 4:21,,,,,,,814-267-3310,15530,PA,Non Client,501 Broadway,,,,,,,2567356029
,,West Sand Lake,,"Bermas Fuel, Inc.",Larry King,,,,,,,,7/31/2021 12:13,,,,,,,518-286-3221,12196,NY,Non Client,P.O. Box 391,,,,,,,2567408013
,,Sand Lake,,Bermas Fuels,Glen Bermas,,,,,,,,7/31/2021 22:44,,,,,,,518-286-3221,12153,NY,Non Client,PO Box 19,,,,,,,2567545397
,,New London,,Bernie's Fuel Oil Co.,Dan Groben,,prospect,,6/2/2020 12:20,,,,8/5/2021 5:16,,,,,,,860-443-2191,6320,CT,Non Client,49 Westwood Avenue,,,4/24/2020 10:57,,,,2567113279
,,Reading,,"Bernville Quality Fuels, Inc.",Kenneth Schlegel,,,,,,,,8/1/2021 16:02,,,,,,,610-372-2709,19601-1908,PA,Non Client,330 Blair Avenue,,,,,,,2567335960
,,Harrisburg,,"Berrell's Fuel Oil Service,",JoAn D. Berrell,,,,,,,,8/2/2021 5:08,,,,,,,717-545-4070,17112-9427,PA,Non Client,7548 Linglestown Rd #R,,,,,,,2567113180
,,NEW BRITAIN,,Berson Oil,Sid Berson,,,,,,,,8/1/2021 23:54,,,,,,,,06050-1735,CT,Non Client,PO BOX 1735,,,,,,,2567382934
,,LAUREL,,Berwyn Fuel Inc,Allen Mothershead,,,,,,,,7/31/2021 12:09,,,,,,,,20707-4607,MD,Non Client,101 LAUREL AVE,,,,,,,2567537366
,,ELSMERE,,Besk Oil Company,Tom Russell,,,,,,,,8/2/2021 3:03,,,,,,,,19805-4119,DE,Non Client,202 NEW RD,,,,,,,2567532322
,,TUCKAHOE,,Besson Oil Inc,Leland Hanson,,,,4/17/2020 14:52,,,,7/30/2021 23:11,,,,,,,914-779-0008,10707,NY,Non Client,PO BOX 518,140 Marbledale Road,,4/17/2020 14:52,,,,2567543792
,,Vernon,,"Best Buy Oil Co., Inc.",Nancy Sears,,,,,,,,6/5/2022 6:51,,,,,,,860-875-0876,6066,CT,Non Client,PO Box 357,,,4/24/2020 10:57,,,,2567536186
,,Warren,,Betts Industries Inc.,Mike Madigan,,,,,,,,7/31/2021 5:26,,,,,,,,16365-0888,PA,Non Client,PO Box 888,,,,,,,2567554476
,,LEWISBURG,,"Beyer & Fortner, Inc.",Ron Lewis,,,,,,,,8/2/2021 18:16,,,,,,,,17837-1448,PA,Non Client,136 N 8TH ST,,,,,,,2567402225
,,WALPOLE,,Beyers Fuel Inc,Gene Beyers,,,,,,,,7/30/2021 18:06,,,,,,,,02081-0050,MA,Non Client,PO BOX 50,,,,,,,2567534752
,,Palmyra,,BF Energy Co.,Chris M. Andrews,,,,,,,,7/31/2021 7:07,,,,,,203,888-444-4725,14522,NY,Non Client,200 Church Street,,,,,,,2567408102
,,Saco,,Bickford Oil,John Bickford,,Prospect,,6/4/2020 11:01,,,,8/1/2021 8:44,,,,,,,207-283-6590,4072,ME,Non Client,50A Ocean Park Road,,,4/24/2020 15:10,,,,2567401929
,,BRONX,,Big A Fuel & Oil Co Inc,Alan Simmons,,,,,,,,7/30/2021 20:05,,,,,,,718-665-5050,10451-6014,NY,Non Client,2568 PARK AVE,,,,,,,2567448113
,,,,Big Apple Fuel Oil Inc,Ray Weiss,,,,,,,,8/2/2021 23:04,,,,,,,718-366-6300,,NY,Non Client,,,,,,,,2567547435
,,MONTGOMERY,,Big S Oil,Lou Saparstein,,,,,,,,8/2/2021 2:41,,,,,,,,12549-0188,NY,Non Client,PO BOX 188,,,,,,,2567547606
,,Fort Edward,https://www.bigelowsenergy.com/,Bigelow's Oil Service,Thomas Keen,"Heating Equipment, Sales and Installations, Trusted Professionals. Get in touch with us now at 518-747-4479.",,Oil & Energy,4/17/2020 15:01,,,,2/17/2024 15:20,,,,,,,518-747-4479,12828,NY,Non Client,2490 State Rte 4,,,4/17/2020 15:01,America/New_York,,BigelowsEnergy,2567534860
,,Galena,,Biggs Fuel Company,Curtis & Karen Biggs,,,,,,,,8/1/2021 17:34,,,,,,,410-648-6001,21635,MD,Non Client,P.O. Box 178,100 East Cross Street,,,,,,2567525343
,,Woonsocket,,Bileau Oil Co.,John R. Bileau,,,,,,,,8/3/2021 7:32,,,,,,,401-762-2895,2895,RI,Non Client,659 Diamond Hill Rd,,,,,,,2567543646
,,Middleburg,,Bilger Fuels,John Dunkle,,,,,,,,8/3/2021 20:41,,,,,,,,17842,PA,Non Client,167 Willow Avenue,,,,,,,2567113160
,,Essington,,Bill McManus Home Heating Oil,Bill Manus,,,,,,,,7/30/2021 21:00,,,,,,,(610) 521-6331,19029,PA,Non Client,208 Printz Ave,,,,,Owner,,2567336317
,,Sabattus,,Bill Pinard & Son Plumbing & Heating,Bill Pinard,,,,,,,,7/31/2021 7:30,,,,,,,(207) 375-6211,4280,ME,Non Client,PO Box 293,,,,,,,2567402064
,,Jericho,,Bill Wolf Petroleum,Cary Wolf,,,,,,,,8/2/2021 18:01,,,,,,,516-997-9300,11753-1013,NY,Non Client,125 Jericho Tpke.,,,,,,,2567336087
,,Greensburg,,Bish Oil Company,David B. Bish,,,,,,,,7/31/2021 0:37,,,,,,,724-668-2854,15601,PA,Non Client,"R.D. 4, Box 180",,,,,,,2567487429
,,Southampton,,"Bishop Burner Service, Inc",Heidi Corbett,,,,,,,,7/31/2021 23:29,,,,,,,413-527-1690,1073,MA,Non Client,232 Pomeroy Meadow Rd,,,,,President,,2567538576
,,Parkesburg,,"Blackhorse Propane, LLC",Wayne Petersheim,,,,,,,,8/3/2021 4:30,,,,,,,,19365-1723,PA,Non Client,4960 W Lincoln Hwy,,,,,,,2567532496
