About Us,CAP/ Budget ,City,Company Domain Name,Company name,Contact,Description,ID/Status,Industry,Last Activity Date,Last Contacted,Last Engagement Date,Last Logged Call Date,Last Modified Date,Lead Status,Merged Company IDs,NOTE WORTHY,Number of child companies,Parent Company,Phone Ext-,Phone Number,Postal Code,State/Region,Status (Relationship),Street Address,Street Address 2,Target Account,Time First Seen,Time Zone,Title,Twitter Handle,Organization Id
,,Nashua,,1400 Nashua,Ed Sople,,,,,,,,7/31/2021 9:06,,,,,,,603-888-0200,3060,NH,Non Client,Automotive Village,,,,,Sales,,2567335914
,,Otisville,,209 Discount Oil,D. W. Porto,,,,,,,,8/2/2021 2:53,,,,,,,845-386-2090,10963,NY,Non Client,P. O. Box 699,50 State Street,,,,,,2567336351
,,LEDGEWOOD,,21st Century Heating Systems,James Hopka,,,,,,,,8/2/2021 23:16,,,,,,,,07852-0421,NJ,Non Client,PO BOX 421,,,,,,,2567537683
,,Champlain,,"3 J Fuels, Inc.",James C. Smith,,,,,,,,8/1/2021 11:42,,,,,,,518-298-2555,12919,NY,Non Client,61 West Service Road,,,,,,,2567543933
,,Malden,,4 Seasons Fuel Co.,Ed Wheeler,,,,2/28/2020 13:16,,,,6/18/2022 22:25,,,,,,,617-324-2112,2148,MA,Non Client,100 Neal St,,,11/13/2019 11:43,,President,,2567532395
,,ROCKAWAY,,A & A Fuel Oil Company,James W Pierson,,,,,,,,7/31/2021 13:08,,,,,,,,07866-0218,NJ,Non Client,PO BOX 218,,,,,,,2567534658
,,East Providence,,A & A Fuel Service,Al Perry,,,,,,,,7/31/2021 5:38,,,,,,,401-434-7263,2914,RI,Non Client,370 Waterman Ave,,,,,,,2567543619
,,New Haven,,A & B Fuel Oil Company,James Bilal,,Out of Business,,11/21/2019 10:32,,,,8/4/2021 5:23,,,,,,,(203) 777-4265,6530,CT,Non Client,194 Hallock Ave,,,11/21/2019 10:31,,,,2567532251
,,OZONE PARK,,A & G Reliable Fuel Oil,Dennis Santoro,,,,,,,,7/31/2021 2:36,,,,,,,,11416-1712,NY,Non Client,9540 102nd ST,,,,,,,2567447773
,,Wurtsboro,,A & J Hometown Oil Inc.,James Arnott,,,,4/17/2020 11:08,,,,8/4/2021 0:50,,,,,,,845-888-2167,12790,NY,Non Client,126 Sullivan Street,PO Box 835,,,,,,2567113021
,,Teaticket,,A & L  Fuel Co,Jim Lopes,,,,,,,,8/1/2021 22:17,,,,,,,508-540-4915,02536-2078,MA,Non Client,P. O. Box 2078,,,,,,,2567355456
,,Saco,,A & L Fuels Inc,Andrew Howard,,,,,,,,7/30/2021 22:18,,,,,,,207-283-3909,04072-9688,ME,Non Client,14 Sullivan Ln,,,,,,,2567554332
,,New Rochelle,,"A & N Petroleum, Corp.",Paul Fortuna,,,,,,,,7/31/2021 5:09,,,,,,,(914) 637-0070,10801,NY,Non Client,64 Highland Ave,,,,,,,2567534849
,,Danbury,,A & P Fuel Service,Norman Buzaid,,,,,,,,8/1/2021 11:31,,,,,,,203-748-2880,6810,CT,Non Client,125 South Street,,,,,,,2567538527
,,Newark,,A & S Boiler & Burner Corp.,Michael S. Hurff,,,,,,,,7/30/2021 23:24,,,,,,122,(973) 824-1000,7114,NJ,Non Client,PO Box 2249,1239 Broad St,,,,,,2567335772
,,IRONIA,,A & S Fuel Company,Seymour Rosenfarb,,,,,,,,7/31/2021 19:14,,,,,,,,07845-0022,NJ,Non Client,PO BOX 22,,,,,,,2567355621
,,Brooklyn,,"A & S Fuel Oil, Inc.",Kenneth Alexander,,,,,,,,7/31/2021 11:14,,,,,,,718-851-6500,11219-7032,NY,Non Client,1474 60th St.,P.O. Box 191032,,,,,,2567402082
,,Topsham,,A & T Fuel,Kim Talbot,,,,,,,,8/2/2021 18:17,,,,,,,(207) 725-6457,4086,ME,Non Client,120 West Schoolhouse,Crossing Road,,,,,,2567336178
,,Brooklyn,,A B C Fuel Oil Co Inc,Vivian Rubin,,,,,,,,8/3/2021 18:33,,,,,,,718-788-7700,11218-1123,NY,Non Client,1101 Prospect Ave.,,,,,,,2567113117
,,Claremont,,A B C Tropical Heating Oil,Alfred R Johnson,,,,,,,,7/31/2021 18:46,,,,,,,603-543-1065,3743,NH,Non Client,235 Main St,,,,,,,2567402264
,,SOMERSET,,A Bessenyei And Son Inc,Albert Bessenyei,,,,6/2/2020 14:31,,,,8/2/2021 1:45,,,,,,,732-545-6453,08873-2636,NJ,Non Client,586 HAMILTON ST,,,4/27/2020 13:36,,,,2567355894
,,North Branford,,A Buy LLC,John Chaski,,,,,,,,8/4/2021 7:32,,,,,,,(203) 481-2289,6471,CT,Non Client,229 Branford Road,Unit 216,,,,,,2567113275
,,RIDGEFIELD,,A J M Equipment,Al McMahon,,,,,,,,3/15/2024 14:37,,,,,,,,06877-1607,CT,Non Client; Not Prospect,45 LAKE RD,,,,,,,2567547599
,,CATSKILL,,A L Moon Inc,Clarence Moon,,,,,,,,8/1/2021 11:07,,,,,,,518-943-2020,12414-0245,NY,Non Client,PO BOX 245,Browns Crossing Rd.,,,,,,2567113008
,,SICKLERVILLE,,A M Brown,William Bell,,,,,,,,7/31/2021 17:46,,,,,,,,08081-9740,NJ,Non Client,81 PLYMOUTH RD,,,,,,,2567487089
,,HALIFAX,,A MacHado Inc,Arthur J Machado,,,,,,,,8/1/2021 13:50,,,,,,,,02338-1226,MA,Non Client,1 HUDSON ST,,,,,,,2567447664
,,Greenwich,,A P Summa Fuel Oil Group LLC,Andrew Summa,,,,,,,,7/31/2021 14:52,,,,,,,(203) 531-0832,6831,CT,Non Client,11 Lucy Street,,,,,,,2567112845
,,FLEETWOOD,,A R Hoffman Inc,James Herbein,,,,,,,,8/1/2021 12:51,,,,,,,,19522-1614,PA,Non Client,105 S WALNUT ST,,,,,,,2567525206
,,North Branford,,A Smart Buy Inc,Sharon Lewis,,,,,,,,7/31/2021 8:26,,,,,,,203-481-9978,6471,CT,Non Client,229 Branford Rd,,,,,,,2567534822
,,WILLIAMSTOWN,,A Williams & Sons Inc,Ronald Williams,,,,,,,,8/3/2021 6:45,,,,,,,,08094-0425,NJ,Non Client,PO BOX 425,,,,,,,2567525368
,,Matamoras,,A. & M. Truck Center Corp.,Eddie Ardler,,,,,,,,7/31/2021 10:45,,,,,,,570-491-4171,18336,PA,Non Client,P.O. Box 209,,,,,,,2567355935
,,Eastport,,A. B. Ramsdell Co.,Glynn A. Urquhart,,Prospect,,,,,,5/31/2022 10:46,,,,,,,207-853-4321,4631,ME,Non Client,21 Lincoln Street,,,4/24/2020 15:10,,,,2567486932
,,Salfordville,,A. B. Weller & Son Inc.,Daniel Weller,,,,,,,,7/31/2021 19:34,,,,,,,610-287-7049,18958,PA,Non Client,P.O. Box 119,,,,,,,2567487456
,,Hagerstown,,"A. C. & T., INC",Brad Fulton,,,,,,,,8/2/2021 2:58,,,,,,,301-582-2700,21741,MD,Non Client,P.O. Box 4217,,,,,,,2567538633
,,Oakland,,"A. D. Naylor & Co., Inc.",Duane P. Weaver,,,,,,,,7/31/2021 12:17,,,,,,,301-334-3923,21550,MD,Non Client,P.O. Box 380,,,,,,,2567524992
,,Millington,,A. D. Runyon Co.,David Moore,,,,,,,,6/11/2022 8:44,,,,,,,908-647-0018,07946-0401,NJ,Non Client,P.O. Box 401,45 Division Avenue,,4/27/2020 13:36,,,,2567525171
,,Quakertown,,"A. E. Walker, Inc.",A. Earl Walker,,,,,,,,8/3/2021 0:57,,,,,,,215-536-3097,18951,PA,Non Client,2870 Old Bethlehem Pike,,,,,,,2567355694
,,College Point,,A. J. S. Standard Heating Co.,Anthony Ruggeri,,,,,,,,7/30/2021 16:03,,,,,,,718-762-3835,11356,NY,Non Client,128-07 18th Ave,,,,,,,2567453132
,,FORESTVILLE,,A. P. Woodson Company,Edwin Washington,,,,,,,,8/2/2021 16:11,,,,,,,,20747-4443,MD,Non Client,8101 PARSTON DR,,,,,,,2567543760
,,Westbrook,,A. Pinette & Son,Paul Pinette,,,,,,,,7/31/2021 20:37,,,,,,,207-854-5613,4092,ME,Non Client,33 Seavey St,,,,,,,2567335789
,,Brooklyn,,"A. R. Fuels, Inc.",Allan Brenner,,,,,,,,8/2/2021 6:50,,,,,,,718-444-3400,11234-6399,NY,Non Client,2125 Mill Ave,,,,,,,2567336275
,,Pittsburgh,,A. W. Adams Petroleum Prod.,Ann W. Adams,,,,,,,,8/5/2021 3:34,,,,,,,412-734-9100,15202-1723,PA,Non Client,29 Hiland Ave,,,,,,,2567453151
,,Boyertown,,A. W. Mercer,James Young,,,,,,,,7/31/2021 11:20,,,,,,,,19512,PA,Non Client,Box 508,,,,,,,2567402480
,,N. Bellmore,,A.R Fuels Inc.,Ronald Shields,,,,,,,,8/1/2021 13:23,,,,,,,516-679-2000,11710,NY,Non Client,2322 Jerusalem Avenue,,,,,,,2567336244
,,Laureldale,,A.S.I. Mechanical,Eric S. Hetman,,,,,,,,8/3/2021 19:16,,,,,,,610-921-8730,19605,PA,Non Client,301 Spring Valley Road,,,,,,,2567543697
,,Riverdale,,A/R Cooling Heating Refrigeration,Ali Reci,,,,,,,,3/15/2024 14:41,,,,,,,973-616-0701,07457-1409,NJ,Non Client; Not Prospect,7 Sonya Terrace,,,,,,,2567537792
,,Greenfield,,A-1 American Eagle Oil,George Martin,,,,,,,,7/31/2021 9:34,,,,,,,413-357-8678,,MA,Non Client,,,,,,,,2567533623
,,Northumberland,,A-1 Home Heating Oil Co.,Samuel F. Bongiovi,,,,,,,,7/31/2021 2:26,,,,,,,570-473-9276,17857,PA,Non Client,PO BOX 93,,,,,,,2567525522
,,Levittown,,A-1 Oil Co.,"David W. Tannock, Sr.",,,,,,,,8/2/2021 1:52,,,,,,,215-945-4165,19057,PA,Non Client,43 Butternut Road,,,,,,,2567487178
,,Paterson,,A-1 Racing Specialties Inc,Stanley Coven,,NJ Fuel Merchants,,,,,,8/2/2021 22:51,,,,,,,973-684-7755,7503,NJ,Non Client,180 E. Railway Ave,,,4/27/2020 13:36,,,,2567537281
,,New York,,AARC A.A. Reliable Combustion,Robert Goldfarb,,,,,,,,8/2/2021 8:56,,,,,,,212-292-2704,10038,NY,Non Client,139 Fulton Street,#215,,,,,,2567536491
,,Mount Carmel,,"Aaron's Oil Company, INC.","David Canavan, Sr.",,,,,,,,8/3/2021 21:13,,,,,,,570-339-3161,17851-0327,PA,Non Client,P.O. Box 327,,,,,,,2567447901
,,East Hanover,,Aavco Fuel Oil,Anthony Vinci,,,,,,,,8/2/2021 22:15,,,,,,,,7936,NJ,Non Client,6 Andrea Terrace,,,,,Owner,,2567447981
,,DEER PARK,,ABC Fuel Company,Al Pensavalle,,,,,,,,8/3/2021 5:05,,,,,,,,11729,NY,Non Client,,,,,,,,2567525434
,,North Franklin,,ABC Fuel Inc,Amos Bill,,,,12/9/2019 11:22,,,,8/2/2021 3:10,,,,,,,860-456-2757,6264,CT,Non Client,317 Devotion Rd,,,12/9/2019 11:22,,,,2567407946
,,MIDDLESEX,,ABC Oil Company,Gary Ceriani,,,,,,,,8/1/2021 23:36,,,,,,,,08846-2554,NJ,Non Client,211 WOOD AVE,,,,,,,2567452881
,,NORRISTOWN,,ABCO Oil Corporation,Keith Lauver,,,,,,,,8/1/2021 16:45,,,,,,,610-272-7052,19404-1040,PA,Non Client,PO BOX 1040,,,,,,,2567537708
,,Cranston,,Abilene Oil Service,Gene Saccocia,,,,,,,,8/3/2021 6:38,,,,,,,401-943-0011,2920,RI,Non Client,1850 Cranston St,,,,,,,2567408192
,,Warrensburg,,Able Energy,Corinna Primeau,,,,,,,,8/1/2021 7:32,,,,,,,518-623-9000,12885,NY,Non Client,P.O. Box 217,,,,,,,2567532439
,,Rockaway,,Able Energy Inc,Timothy Harrington,,,,,,,,8/2/2021 22:19,,,,,,,973-625-1012,7866,NJ,Non Client,344 US Highway 46,,,,,,,2567554346
,,New York,,ABN-AMRO,Frank Romano,,,,,,,,7/31/2021 23:21,,,,,,,212-859-1211,10281-1008,NY,Non Client,Two World Financial Center,,,,,,,2567554395
,,Homer City,,"Accent Fuels, Inc.",Andrew  Coleman,,,,,,,,8/1/2021 15:01,,,,,,,724-479-9210,15748,PA,Non Client,P.O. Box 49,,,,,,,2567355998
,,MERIDEN,,Ace Oil Co.,Jeff Doucette,,,,,,,,7/30/2021 18:58,,,,,,,(203) 630-9141,6451,CT,Non Client,"50 HIGH ST, UNIT 1-A",,,,,,,2567448016
,,HAMMONTON,,Ace Oil Co.,Frank Ingemi,,,,,,,,8/1/2021 13:32,,,,,,,,08037-3201,NJ,Non Client,562 N EGG HARBOR RD,,,,,,,2567537450
,,Gap,,Acker's Fuel Service,Craig,,,,,,,,8/4/2021 21:19,,,,,,,717-442-8030,17527,PA,Non Client,P.O. Box 1,,,,,,,2567525217
,,Averill Park,,Ackner Fuel Inc.,Harry W. Ackner,,,,,,,,8/2/2021 19:56,,,,,,,518-674-3812,12018,NY,Non Client,PO Box 580,,,,,,,2567532309
,,Copiague,,"Acme Heat & Power, Inc.",John Pecorella,,,,,,,,8/1/2021 13:28,,,,,,307,(631) 842-6050,11726,NY,Non Client,590 Oak St.,,,,,,,2567408406
,,Dunbar,,"Action Oil, Inc.","Emidio Crocetti, Jr.",,,,,,,,8/3/2021 23:15,,,,,,,724-277-8170,15431-1565,PA,Non Client,111 Woodvale Street,,,,,,,2567552850
,,NESCONSET,,Active Fuel Company,John Savino,,,,,,,,7/31/2021 8:13,,,,,,,,11767-1049,NY,Non Client,99 LAKE AVE S,,,,,,,2567408410
,,Camp Hill,,"Ad Supplies, Inc.",Walt Crone,,,,,,,,8/4/2021 0:20,,,,,,,800-368-2876,17011-8020,PA,Non Client,"1435 Hillcrest Court, Apt. 103",,,,,,,2567537637
,,Hammonton,,Adamucci Heating & Cooling,"Richard Adamucci, Jr.",,NJ Fuel Merchants,,,,,,7/31/2021 17:53,,,,,,,609-561-0594,8037,NJ,Non Client,225 Braodway,P.O. Box 329,,4/27/2020 13:36,,,,2567487363
,,Larchmont,,Adelfi Brothers Fuel Corp.,Joseph Adelfi,,,,,,,,7/30/2021 14:51,,,,,,,914-834-0122,10538,NY,Non Client,2082 Boston Post Rd.,PO BOX 2073,,,,,,2567532387
,,Flanders,,"Advanced Digital Data, Inc.",Bruce A. Bott,,,,,,,,3/15/2024 15:26,,,,,,,973-584-4026,78360,NJ,Non Client; Not Prospect,6 Laurel Drive,,,4/30/2020 15:41,,,,2567355963
,,Barre,,Advanced Heating & Plumbing,Michael Pluta,,,,,,,,8/3/2021 0:19,,,,,,,(978) 355-6838,1005,MA,Non Client,PO Box 935,1197 Old Dana Road,,,,,,2567355855
,,Poughkeepie,,Advanced Heating And Cooling,Dan Halbert,,,,,,,,8/3/2021 19:22,,,,,,,845-452-4560,12603,NY,Non Client,15 Manchester Road,,,,,,,2567532434
,,Colmar,,Advanced Tank Systems Inc.,"Lewis R. Stretch, Jr.",,,,,,,,7/30/2021 15:53,,,,,,,215-822-1336,18915,PA,Non Client,301 Enterprise Lane,,,4/30/2020 15:41,,,,2567402398
,,Manchester,,"Advantage Fuel, LLC",Dena Brewer,,,,6/2/2020 15:52,,,,8/1/2021 8:56,,,,,,,(860) 895-9999,6042,CT,Non Client,PO Box 8222,,,4/24/2020 10:57,,,,2567537300
,,Stamford,,Advantage Oil Co,Fernand Joseph,,,,,,,,7/31/2021 3:56,,,,,,,203-969-7930,6902,CT,Non Client,19 Leroy Place,,,,,,,2567448012
,,Shohola,,"Advantage Oil Company, Inc",Gerard McAveney,,,,,,,,7/31/2021 7:40,,,,,,,570-296-8585,18458-0099,PA,Non Client,P.O. Box 99,,,,,,,2567547345
,,West Bridgewater,,Advantage Petroleum Inc.,Arthur Dauwer,,,,,,,,7/31/2021 3:28,,,,,,,800-922-8026,02379-0400,MA,Non Client,PO BOX 400,,,,,,,2567355538
,,Easton,,"Aerni & Hitzel Fuel, Inc.",Robert C. Aerni,,Prospect,,,,,,8/2/2021 23:23,,,,,,,610-252-5101,18042-7398,PA,Non Client,190 Industrial Drive - North,,,4/30/2020 15:41,,,,2567113126
,,New Oxford,https://www.aeroenergy.com/,Aero Energy,Thompson T. Washburn,"Aero Energy offers reliable energy solutions for both residential and commercial sectors. They provide heating, cooling, smart home automation, and fuels to homes, neighborhoods, businesses, and fleets. They also offer affordable propane and heating oi...",Hot Lead,Oil & Energy,,,,,2/22/2024 14:26,,,,1,,,717-624-4311,17350,PA,Non Client,230 Lincoln Way East,,,4/30/2020 15:41,America/New_York,,YourAeroEnergy,2567402191
,,South Glens Falls,,AFC Oil Company Inc,Frank Leahy,,,,,,,,7/31/2021 15:52,,,,,,,866-793-2230,12803,NY,Non Client,18 Van Buren St.,,,,,,,2567336175
,,PITTSFIELD,,Affordable Heating,Edward Greene,,,,,,,,7/31/2021 4:04,,,,,,,,01202-3722,MA,Non Client,PO BOX 3722,,,,,,,2567355547
,,Spring City,,"Affordable Oil Company, Inc.",Lee Urner,,,,,,,,8/5/2021 0:54,,,,,,,610-469-1781,19475,PA,Non Client,209 Bethel Road,,,,,,,2567408114
,,New Bedford,,Agrella and Sons Oil,Arthur Agrella,,,,,,,,8/1/2021 18:54,,,,,,,508-995-4822,2745,MA,Non Client,1069 Mt. Pleasant Street,,,,,,,2567532525
,,WAYNE,,Aim Fuel Oil Company,Joseph Solari,,,,,,,,7/30/2021 21:20,,,,,,,,07470-6602,NJ,Non Client,2 BROADWAY,,,,,,,2567453079
,,AKRON,,Akron Noco,Neal Kistner,,,,,,,,7/31/2021 7:01,,,,,,,,14001-0205,NY,Non Client,PO BOX 205,,,,,,,2567547410
,,Hatboro,,Al Armstrong & Son,Alvin Armstrong,,,,,,,,7/31/2021 3:51,,,,,,,215-441-0512,19040,PA,Non Client,439 Jacksonville Rd.,,,,,,,2567536533
,,Norwalk,,Al Branch-Ragsdale Fuel Oil Co,Al Branch,,,,6/12/2020 11:57,,,,7/30/2021 21:34,,,,,,,203-838-8989,6854,CT,Non Client,34 West Ave,P.O. Box 240,,,,,,2567487495
,,Everett,,Al Comeau & Son,Don Comeau,,,,,,,,8/1/2021 12:56,,,,,,,617-387-3335,2149,MA,Non Client,110 School St,,,,,,,2567113230
,,Mount Vernon,,Albano Fuel Oil,Peter Albano,,,,,,,,8/2/2021 23:15,,,,,,,914-667-0900,10550-3302,NY,Non Client,47 S 3RD AVE # 49,,,,,,,2567554465
,,Albany,,Albany Burner Control,Kenneth E. Weinman,,,,,,,,3/15/2024 15:11,,,,,,,518-459-8856,12206,NY,Non Client; Not Prospect,20 Colvin Avenue,,,,,,,2567537736
,,ALBANY,,Albany Springs Service Inc,Edwin Broderick Jr,,,,,,,,7/31/2021 6:11,,,,,,,,12207-1312,NY,Non Client,408 N PEARL ST,,,,,,,2567525193
,,Framingham,,Albies Oil Service Inc,Charlie Rousseau,,,,,,,,7/31/2021 7:59,,,,,,,508-877-4422,1701,MA,Non Client,899 Edgell Rd,,,,,,,2567401884
,,Cohassett,,Alco Oil Company,John Lennon,,MOC Retail Members,,,,,,8/4/2021 22:37,,,,,,,781-383-0756,2025,MA,Non Client,164 Chief Justice Cushing Hwy,,,5/5/2020 15:42,,,,2567537274
,,EAST HARTFORD,,Aldin Associates Inc,David Savin,,,,,,,,8/2/2021 5:03,,,,,,,(860) 282-0651,6108,CT,Non Client,77 Sterling Road,,,4/24/2020 10:57,,,,2567537294
,,Reading,,"Alexa Energy, LTD.",John S. Vespico,,,,10/13/2023 18:03,,,,10/13/2023 18:03,,,,,,,610-374-3835,19601-1726,PA,Non Client,1248 Wayne Avenue,,,,,,,2567537767
,,East Cranford,,"All American Heating Services, LLC",Patrick Federico,,,,,,,,8/4/2021 3:56,,,,,,,(908) 272-5515,7016,NJ,Non Client,600 South Avenue,,,,,,,2567525285
,,Franklin,,"All County Fuel Oil Co., Inc.",Barry Zeek,,,,,,,,8/1/2021 16:35,,,,,,,(973) 827-8179,7416,NJ,Non Client,17 Park Drive,,,,,,,2567336188
,,Waltham,,ALL ENERGY,John Dickson,,,,,,,,8/2/2021 23:06,,,,,,,888-643-9502,2453,MA,Non Client,95 Sawyer Rd.,,,,,mkting,,2567113231
,,Mastic,,All Island Fuel,Randy Hyland,,,,,,,,7/31/2021 22:38,,,,,,,631-281-0106,11950,NY,Non Client,1280 Montauk Hwy.,,,,,,,2567408107
,,,,All Services Group,Timothy O'Brien,,,,,,,,8/1/2021 22:19,,,,,,,(978) 236-8000,,,Non Client,,,,,,,,2567355402
,,JACKSON HEIGHTS,,All Star Fuel Service Co Inc,Nicholas Roberto,,,,,,,,8/3/2021 2:56,,,,,,,,11372-1042,NY,Non Client,3324 72ND ST,,,,,,,2567537706
,,Woonsocket,,Allam Oil Co,Antonio Allam,,,,,,,,8/4/2021 0:01,,,,,,,401-769-4448,2895,RI,Non Client,144 Cooper Ave,,,,,,,2567336294
,,HARRISBURG,,All-American Fuel Oil,Perry Dunlap,,,,,,,,8/2/2021 18:44,,,,,,,,17110-2412,PA,Non Client,2308 N 6TH ST,,,,,,,2567545491
,,Harrisburg,,All-American Service Fuel Oil,James Walker,,,,,,,,8/1/2021 10:08,,,,,,,717-234-4473,17105,PA,Non Client,P. O. Box 3141,,,,,,,2567536532
,,Allamuchy,,"Allamuchy Transport, Inc.",Chris Pillitteri,,,,,,,,8/3/2021 7:15,,,,,,,908-850-0909,7820,NJ,Non Client,PO Box 371,,,,,,,2567402418
,,Wilmerding,,Allegheny Petroleum,James L. Kudis,,,,,,,,7/31/2021 3:52,,,,,,,412-829-1990,15148,PA,Non Client,999 Airbrake Avenue,,,,,,,2567532436
,,Kensington,,Allen's Oil Heating & Air Cond.,Ms. Jeriann Trowbridge,,,,,,,,8/1/2021 22:48,,,,,,,860-828-0422,6037,CT,Non Client,1240 Farmington Ave,,,,,,,2567401885
,,Branford,,Alliance Energy,John Gargano,,,,6/3/2020 13:07,,,,7/31/2021 17:53,,,,0,2567335949,,203-488-6068,6405,CT,Non Client,36 East Industrial Road,,,4/24/2020 10:57,,,,2567452632
,,Waltham,,Alliance Energy LLC,Dylan Remley,,,,,,,,8/1/2021 5:45,,,,,,,(781) 402-8897,2454,MA,Non Client,800 South Street,Suite 500,,,,,,2567552727
,,Peekskill,,Allied Energy Group,"David DeSilva, Jr.",,,,3/25/2020 13:46,,,,4/24/2022 22:10,,,,,,,(914) 255-8287,10566,NY,Former Hedge Client; Not Prospect,2 John Walsh Boulevard,Suite 201B,,3/25/2020 13:44,,,,2567335956
,,YONKERS,,Allied Fuel Service,Michael Buono,,,,,,,,8/1/2021 14:43,,,,,,,,10710-2201,NY,Non Client,49 AUSTIN AVE,,,,,,,2567336086
,,Littleton,,"Allied Fuel, Inc.",Rob Napolitano,,,,,,,,8/3/2021 23:41,,,,,,,(978) 486-8338,1460,MA,Non Client,P.O. Box 951,,,,,,,2567532366
,,Hillsborough,,Allied Oil LLC,Robert Goldstein,,,,,,,,8/3/2021 0:27,,,,,,,908-575-7577,8844,NJ,Non Client,25 Old Camplain Road,,,4/27/2020 13:36,,,,2567554388
,,Norristown,,Allied Tank,Donald Shaw,,,,,,,,3/15/2024 15:26,,,,,,,610-631-5240,19403,PA,Non Client; Not Prospect,2554 Industry Lane,,,,,,,2567547508
,,Brooklyn,,Almar Fuel Oil Corp.,Vincent Valenti,,,,,,,,8/2/2021 19:10,,,,,,,718-438-6676,11218-5687,NY,Non Client,918 McDonald Ave.,,,,,,,2567355947
,,Scarsdale,,Almeida Oil Co.,Robert Almeida,,,,,,,,8/2/2021 0:16,,,,,,,914-472-8779,10583,NY,Non Client,29 Overhill Rd.,,,,,,,2567447792
,,EAST ROCKAWAY,,Aloha Oil Corp,Arnold White,,,,,,,,8/2/2021 6:45,,,,,,,,11518-2032,NY,Non Client,70 FRONT ST,,,,,,,2567537425
,,Malden,,Alpha Fuel,Neal Anderson,,,,2/28/2020 12:56,,,,7/30/2021 23:48,,,,,,,617-397-9494,2148,MA,Non Client,56 Mill St,,,,,,,2567543742
,,OAKLAND GARDENS,,Alpha Fuel Oil,Rocco Lacertosa,,,,,,,,8/1/2021 0:03,,,,,,,,11364-1317,NY,Non Client,21707 48TH AVE,,,,,,,2567113133
,,New Haven,,Alpine Heating & Cooling Service,George Krall,,,,,,,,8/2/2021 1:10,,,,,,,203-467-1406,6513,CT,Non Client,1269 Townsend Ave.,,,,,,,2567402042
,,BINGHAMTON,,Als Plumbing & Heating,Alan Welch Sr,,,,,,,,8/1/2021 17:32,,,,,,,,13904-3501,NY,Non Client,535 NORTH RD,,,,,,,2567113112
,,Middletown,,"Alta East, Inc.",D. W. Porto,,,,,,,,8/4/2021 21:35,,,,,,,845-344-4271,10940-2201,NY,Non Client,PO BOX 2201,50 Industrial Place,,,,,,2567487477
,,Vinalhaven,,Alternative Oil Company,Chet Warren,,Prospect,,5/1/2020 13:04,,,,7/31/2021 21:31,,,,,,,207-863-2076,4863,ME,Non Client,PO BOX 365,,,4/24/2020 15:10,,,,2567532226
,,Englewood,,Altherm Inc.,Jay Spiegel,,,,,,,,7/31/2021 0:00,,,,,,,201-871-0500,7631,NJ,Non Client,255 Humphrey Street,,,,,,,2567532271
,,Penna. Furnace,,Altoona Gas & Oil Co.,Gene Rossman,,,,,,,,8/1/2021 13:59,,,,,,,814-692-8200,16865,PA,Non Client,P.O. Box 58,,,,,,,2567547346
,,Granby,,Amber Energy Inc,Dave Johnson,,,,,,,,7/31/2021 12:15,,,,,,,413-467-2200,1033,MA,Non Client,72 Pleasant St,,,,,,,2567537368
,,Ambler,,Ambler Coal Company,David J. Signore,,,,,,,,8/4/2021 21:34,,,,,,,215-646-0192,19002-0724,PA,Non Client,P.O. Box 724,,,,,,,2567335981
,,WOODBURY,,AMD Fuel Oil,Alfred Thorne,,,,,,,,8/2/2021 3:44,,,,,,,,11797-0321,NY,Non Client,PO BOX 321,,,,,,,2567487031
,,Upper Chichester,,American Energy Supply Corp,Kristen Baiocco,,,,,,,,3/15/2024 15:08,,,,,,,(610) 494-4874,19061,PA,Non Client; Not Prospect,1704 Chichester Ave,,,,,,,2567525464
,,Mahanoy City,,American Home Heating Inc,Mark Baran,,,,,,,,8/2/2021 6:11,,,,,,,570-773-2677,17948-3003,PA,Non Client,1329 E. Centre Street,,,,,,,2567543594
,,BOOTHWYN,,American Petroleum Home Heat,Russell J Baiocco,,,,,,,,8/4/2021 19:10,,,,,,,610-494-4874,19061-4216,PA,Non Client,1704 CHICHESTER AVE,,,,,,,2567525396
,,Amsterdam,,Amsterdam Oil Heat,Don Hosier,,,,,,,,8/3/2021 22:28,,,,,,,,12010,NY,Non Client,164 West Main Street,,,,,,,2567536510
,,Berwick,,Anderson Enterprises,Charles S. Anderson,,,,,,,,8/1/2021 21:00,,,,,,,570-752-3291,18603-2901,PA,Non Client,416 W. 3rd Street,,,,,,,2567525404
,,Elizabeth,,Anderson Heating & Fuel Oil,George Anderson,,,,,,,,6/7/2022 3:29,,,,,,,908-351-6467,,NJ,Non Client,,,,4/27/2020 13:36,,,,2567452990
,,Woburn,http://www.andersonoilservice.com/,Anderson Oil Service,John Anderson,"Anderson Oil Service is a leading provider of oil and gas services. With over 20 years of experience in the industry, we offer a wide range of products and services to meet the needs of our clients. Our services include oil and gas exploration, drillin...",MOC Retail Members,Computer Software,2/20/2020 14:17,,,,2/22/2024 7:07,,,,,,,781-933-2530,1801,MA,Non Client,6 Walnut Hill Park,,,2/12/2020 13:05,America/New_York,,,2567408293
,,Ithaca,,Andree Petroleum,Bob Andree,,,,4/17/2020 11:33,,,,8/4/2021 7:09,,,,0,2567452766,,607-272-2250,14851-0641,NY,Non Client,684 3rd St,PO Box 641,,,,,,2567536599
,,Minot,,Andy Valley Oil,Keith Nazaroff Sr.,,Acquired,,5/1/2020 13:05,,,,8/1/2021 18:04,,,,,,,207-782-2992,4258,ME,Non Client,209 Old Woodman Hill Road,,,4/24/2020 15:10,,,,2567534636
,,Windsor,,Anfron Oil Services,Steve Anfron,,,,,,,,8/1/2021 22:56,,,,,,,(845) 562-0440,,NY,Non Client,,,,,,,,2567335998
,,FLUSHING,,Angelo's Fuel Oil Company Inc,Alfred Allegretti,,,,,,,,8/2/2021 23:08,,,,,,,,11358-3017,NY,Non Client,19603 42ND RD,,,,,,,2567554322
,,GILLETTE,,Annis Fuel Oil Services,Mark Annis,,,,,,,,7/31/2021 6:57,,,,,,,,07933-0238,NJ,Non Client,PO BOX 238,,,,,,,2567532380
,,Port Royal,,"Annlick Farm Supply, Inc.","John B. Anstine, Jr.",,,,,,,,8/2/2021 19:26,,,,,,,717-527-4613,17082,PA,Non Client,P.O. Box 329,,,,,,,2567402433
,,Stratford,,Anthony's Fuel Inc.,Anthony Mobillio,,,,,,,,7/31/2021 3:05,,,,,,,203-334-6457,6615,CT,Non Client,2505 Main St.,,,,,,,2567486953
,,Newburgh,,Antonelli's Fuel Service Inc,Frank Antonelli Jr,,,,,,,,8/1/2021 8:58,,,,,,,845-562-8200,12550-8938,NY,Non Client,1848 Route 300,,,,,,,2567408224
,,Moscow,,Antosh Plumbing,Jeff Antosh,,,,,,,,8/4/2021 22:41,,,,,,,,18444,PA,Non Client,"RD4, Box 4627",,,,,,,2567545436
,,Pleasant Valley,,A-One Oil Inc.,Ronald & Katherine Mustello,,,,,,,,7/31/2021 4:05,,,,,,,914-635-8144,12569,NY,Non Client,West Road,PO BOX 671,,,,,,2567487423
,,Burwick,,Apex Fuel,Nelson St. Hilliare,,,,,,,,8/1/2021 10:34,,,,,,,603-742-7071,3901,ME,Non Client,P.O.  Box 997,,,,,,,2567402261
,,Rensselaer,,APEX Oil,Tom Grimes,,,,,,,,8/1/2021 21:49,,,,,,,518-465-1557,12144,NY,Non Client,54 Riverside Avenue,,,,,,,2567547340
