About Us,CAP/ Budget ,City,Company Domain Name,Company name,Contact,Description,ID/Status,Industry,Last Activity Date,Last Contacted,Last Engagement Date,Last Logged Call Date,Last Modified Date,Lead Status,Merged Company IDs,NOTE WORTHY,Number of child companies,Parent Company,Phone Ext-,Phone Number,Postal Code,State/Region,Status (Relationship),Street Address,Street Address 2,Target Account,Time First Seen,Time Zone,Title,Twitter Handle,Organization Id
,,Somerville,,J. J. Holmes,John Holmes,,,,,,,,7/31/2021 17:46,,,,,,,617-666-0177,2145,MA,Non Client,P O Box 17,,,,,,,2567487321
,,Havertown,,J. J. Skelton Oil Co.,V. M. Marinelli,,,,,,,,7/30/2021 18:20,,,,,,,610-527-1700,19083,PA,Non Client,"40 W. Manoa Road, 2nd Floor",,,,,,,2567453125
,,Middletown,,J. J. Vinci Company,RoseMarie Vinci Turner,,,,,,,,7/31/2021 6:28,,,,,,,860-632-2333,6457,CT,Non Client,1004 Newfield St.,,,,,,,2567402040
,,PITTSTON,,J. J. Wruble Inc,Joseph Wruble,,,,,,,,7/31/2021 3:15,,,,,,,,18640-9523,PA,Non Client,26 RIDGE ST,,,,,,,2567545306
,,Vineland,,J. K. Fuels Inc,James Melini,,,,6/8/2020 16:16,,,,8/5/2021 3:52,,,,,,,856-692-1833,8361,NJ,Non Client,3110 East Oak Road,,,4/27/2020 13:36,,,,2567113122
,,Mechanicsburg,,"J. L. Skelly Oil Co., Inc.",James Skelly,,,,,,,,8/2/2021 20:40,,,,,,,717-697-0162,17055-0088,PA,Non Client,P. O. Box 88,,,,,,,2567113094
,,Southwest Harbor,,J. N. Mills Co. Inc.,Dalen Mills,,,,,,,,7/30/2021 18:23,,,,,,,207-344-3131,4679,ME,Non Client,Clark Point Rd,PO BOX 196,,,,,,2567402088
,,AVON,,"J. O. Cook, Inc.",Tom Cushing,,,,,,,,8/1/2021 1:10,,,,,,,716-326-8131,14414,NY,Non Client,4600 Avon Batavia Road,PO Box 220,,,,,,2567408370
,,Millerstown,,"J. P. Russell & Son, Inc.",James Russell,,,,,,,,8/1/2021 22:46,,,,,,,717-589-3211,17062-0254,PA,Non Client,P.O. Box 254,,,,,,,2567335982
,,Dennis,,J. P. Walker & Sons Inc,Joe Walker,,,,5/6/2020 12:39,,,,6/25/2022 13:23,,,,,,,508-385-3200,2638,MA,Non Client,34 Nobscussett Rd,,,5/5/2020 15:42,,,,2567335734
,,Manchester,,J. Paul  Morin,Paul Morin,,,,,,,,7/31/2021 7:52,,,,,,,603-641-9354,3102,NH,Non Client,270 Amory St.,Suite 15,,,,,,2567402103
,,SEARSPORT,,J. R. Oil Burner,John Ryder,,,,,,,,7/31/2021 15:00,,,,,,,,04974-0086,ME,Non Client,PO BOX 86,,,,,,,2567537382
,,Gorham,,J. T. L. Oil Company,Terry S. Nason,,Prospect,,6/9/2020 10:30,,,,7/31/2021 4:25,,,,,,,207-892-8306,4038,ME,Non Client,363 Sebago Lake Rd.,,,4/24/2020 15:10,,,,2567402094
,,Sayre,,"J. W. Bishop Co., Inc.",James M. Haggerty,,,,,,,,8/1/2021 12:33,,,,,,,570-888-2108,18840,PA,Non Client,P.O. Box 36,,,,,,,2567543871
,,TOMS RIVER,,J. W. Finley Inc,Joseph Watts Finley,,,,,,,,5/10/2022 14:30,,,,,,,732-349-4343,08754-0409,NJ,Non Client; Not Prospect,P.O. Box 409,310 Main Street Suite 6B,,4/27/2020 13:36,,President,,2567113085
,,Trenton,,J. W. Scott Service Station,Susan J. Scott,,,,,,,,8/1/2021 21:41,,,,,,,609-599-3333,8606,NJ,Non Client,P.O. Box 1160,,,,,,,2567545393
,,Albany,,J.A. Carman Trucking Co Inc.,L. George Carman,,,,,,,,8/4/2021 22:05,,,,,,,518-482-4494,12211,NY,Non Client,P.O. Box 11530,,,,,,,2567487263
,,BOOTHWYN,,Jack Ketrick Oil Company,Jack Ketrick,,,,,,,,7/31/2021 0:04,,,,,,,,19061-2002,PA,Non Client,3190 FAULK RD,,,,,,,2567453007
,,Linneus,,Jack McEwens Oil,Lisa McEwen,,Prospect,,6/9/2020 10:32,,,,8/3/2021 7:59,,,,,,,207-532-9394,4730,ME,Non Client,RR 2 Box 2450,,,4/24/2020 15:10,,,,2567355878
,,Mahanoy City,,"Jack Ryan & Sons, Inc.",Jack Ryan,,,,,,,,8/2/2021 9:19,,,,,,,570-773-3704,17948,PA,Non Client,812-816 East Center Street,,,,,,,2567355683
,,BUSHKILL,,Jack's Service Station,Peter Ahnert,,,,,,,,8/4/2021 21:24,,,,,,,,18324-0469,PA,Non Client,PO BOX F,,,,,,,2567537799
,,New York,,Jackson and Nash,Ron Herzog,,,,,,,,8/1/2021 17:55,,,,,,,212-370-8100,,NY,Non Client,,,,,,,,2567407989
,,Keene,,Jackson Energy,Brad Jackson/Gena Hotaling,,,,,,,,7/31/2021 23:24,,,,,,,(603) 358-5555,3431,NH,Non Client,10 Depot Road,,,,,,,2567487112
,,Wilmington,,Jacobs Energy,Allan Jacobs,,,,,,,,8/2/2021 7:14,,,,,,,302-656-5600,19807-3045,DE,Non Client,3102 Kennett Pike,,,,,,,2567536185
,,Dysart,,"Jacobs Oil Co., Inc.",James Jacobs,,,,,,,,8/1/2021 8:07,,,,,,,814-943-0379,16636-8907,PA,Non Client,2063 Clearfield Valley Blvd,,,,,General Manager,,2567543608
,,Waynesburg,,Jacobs Petroleum Products Inc.,Richard E. Stuck,,,,,,,,8/1/2021 20:31,,,,,,,724-627-3757,15370,PA,Non Client,1115 E. High Street,,,,,,,2567487267
,,Bellows Falls,,James & James Oil Co.,Carol James,,,,,,,,8/1/2021 12:58,,,,,,,802-463-3122,5101,VT,Non Client,P.O. Box 755,,,,,,,2567487195
,,Champlain,,"James C. Smith & Son, Inc.",J.C. Smith,,,,,,,,8/1/2021 15:58,,,,,,,518-298-4521,12919-0026,NY,Non Client,PO Box 26,,,,,,,2567487419
,,Newport,,"James L. Turnbaugh & Son, Inc.",James L. Turnbaugh,,,,,,,,8/5/2021 2:04,,,,,,,717-567-3331,17074,PA,Non Client,55 Bloomfield Avenue,,,,,,,2567355740
,,Butler,,Janco Mech. Serv.,Robert A. Gilman,,,,,,,,7/31/2021 13:40,,,,,,,,7405,NJ,Non Client,23 Kakeout Road,,,,,,,2567545368
,,BURLINGTON,,Janerico Oil Burner Service,Leo Janerico,,,,2/21/2020 11:48,,,,8/1/2021 16:23,,,,,,,,01803-4213,MA,Non Client,20 FIELDSTONE DR,,,,,,,2567532192
,,WALDOBORO,,Janesson's Inc,Gordon Webster,,,,,,,,8/2/2021 22:25,,,,,,,,04572-6023,ME,Non Client,1607 ATLANTIC HWY,,,,,,,2567543471
,,NORTH ARLINGTON,,Jarvis Oil Company,John Jarvis Sr,,,,,,,,8/1/2021 17:45,,,,,,,,07031-5122,NJ,Non Client,429 RIVER RD,,,,,,,2567355626
,,Walnutport,,Jason Hankee Fuel,Jason Hankee,,,,,,,,8/1/2021 19:15,,,,,,,(610) 760-9518,18088,PA,Non Client,4560 Lehigh Drive,,,,,,,2567356002
,,Ronks,,Jay C. Eshbach Inc.,Jay C. Eshbach,,,,,,,,8/2/2021 5:56,,,,,,,717-687-6226,17572,PA,Non Client,265 Paradise Lane,,,,,,,2567537717
,,Norristown,,"Jay Gress, Inc.",Bob Booden,,Prospect,,5/19/2020 16:14,,,,8/1/2021 18:32,,,,0,2567336287,525,610-277-1000,19404,PA,Non Client,P.O. Box 628,1225 W. Ridge Pike,,4/30/2020 15:41,,,,2567356064
,,Union,,Jayson Oil Company,Richard Jayson,,prospect,,,,,,8/1/2021 9:23,,,,,,,908-688-1111,7083,NJ,Non Client,2150 Stanley Terrace,,,4/27/2020 13:36,,,,2567554350
,,Turnbridge,,JD Gas,John Doyle,,,,,,,,8/4/2021 22:57,,,,,,,802-889-9409,5077,VT,Non Client,143 Vermont Route 110,,,,,,,2567554460
,,Brown Mills,,JD Smith & Sons Heating,James D. Smith,,,,,,,,7/30/2021 18:11,,,,,,,609-893-9211,08015-5224,NJ,Non Client,217 Maple Drive,,,,,,,2567452871
,,VICTOR,,Jeffery Fuels Inc,Jim Jeffery,,,,,,,,8/1/2021 21:56,,,,,,,,14564-1148,NY,Non Client,3 W MAIN ST,,,,,,,2567355949
,,WAKEFIELD,http://www.jeffsoil.com/,Jeff's Oil Co.,Amy Hatzopoulos,"Jeff's Oil is a family owned and operated heating oil company located in Wakefield, MA. They provide services such as heating oil delivery, heating service, and plumbing.",Prospect,Oil & Energy,5/6/2020 13:43,,,,2/22/2024 13:53,,,,,,,781-245-3157,01880-3404,MA,Non Client,18 SUMNER AVE,,,5/5/2020 15:42,America/New_York,,JeffsOil,2567487486
,,Eliot,,Jenkins Fuel Inc.,Brian Jenkins,,Prospect,,5/4/2020 12:28,,,,8/2/2021 21:31,,,,0,3331083508,,207-439-2266,3903,Me,Non Client,P0 Box 369,24 Dow Highway,,4/24/2020 15:10,,,,2567113099
,,Pleasantville,,Jenkins Fuel Oil Co.,Jeff Jenkins,,,,,,,,5/26/2022 18:05,,,,,,,609-641-6440,08232-0509,NJ,Non Client,103 South Franklin Ave,P.O Box 509,,4/27/2020 13:36,,President,,2567408316
,,STATEN ISLAND,,Jenmac Fuel Oil Service,Jeff Shapiro,,,,,,,,8/1/2021 10:20,,,,,,,,10314-5946,NY,Non Client,3 PIERPONT PL,,,,,,,2567554353
,,Elmont,http://jenningsfueloil.com/,Jennings & Jennings,Clovis Jennings,Please try the following:,,,,,,,2/1/2024 21:46,,,,,,,718-827-3679,11003,NY,Non Client,57 Buffalo St.,,,,America/New_York,,,2567452846
,,LAURELTON,,Jennings And Hartwell Fuel Oil Service,James Jennings,,,,,,,,7/31/2021 23:38,,,,,,,,11413-2106,NY,Non Client,22817A MERRICK BLVD,,,,,,,2567355673
,,Hamden,,Jerry Fuel Inc.,Gerarco Ragaini,,Prospect,,,,,,5/16/2022 9:53,,,,,,,203-389-5038,6514,CT,Non Client,270 Woodin St.,,,4/24/2020 10:57,,,,2567533578
,,JERSEY CITY,,Jersey Fuel Oil Inc.,Kim Thompson,,,,,,,,7/31/2021 11:33,,,,,,,,07305-1676,NJ,Non Client,49 MORTON PL # 51,,,,,,,2567113090
,,North Conway,,"Jesse E. Lyman, Inc",Peter Donohoe,,,,4/2/2020 14:38,,,,8/3/2021 21:32,,,,0,2567554312,,603-356-2411,03860-0472,NH,Non Client,PO Box 472,48 Kearsarge Road,,,,,,2567545411
,,SOUTH WINDSOR,,Jet Lines Inc,William Saylor,,,,,,,,8/1/2021 8:14,,,,,,,,06074-3468,CT,Non Client,244 NUTMEG RD S,,,,,,,2567547370
,,Yonkers,,"JFJ Fuel, Inc. dba Valley Oil",Joe Junior,,,,,,,,8/3/2021 21:39,,,,,,,914-965-5395,10703,NY,Non Client,707 Nepperhan Avenue,,,,,,,2567355680
,,Portland,,Jimino's Fuel Service,Michael Jimino,,,,,,,,8/1/2021 9:57,,,,,,,207-797-3174,4103,ME,Non Client,1407 Riverside Street,,,,,,,2567525001
,,Easton,,"JML Oil, LLC",Michael Johnson,,,,,,,,8/1/2021 20:41,,,,,,,(610) 252-5532,18044-0106,PA,Non Client,P.O. Box 106,,,,,,,2567448096
,,Mystic,,JMS Naval Architects,Blake Powell,,,,,,,,8/2/2021 4:40,,,,,,,(860) 536-0009,6355,CT,Non Client,70 Essex St,,,,,President,,2567407964
,,Morgantown,,Joanna Oil Co.,Michael Frame,,,,,,,,7/30/2021 19:48,,,,,,,610-286-9016,19543,PA,Non Client,1030 Elverson Road,,,,,,,2567547535
,,DU BOIS,,"Jobbers Buying Group, Inc.",Jack Green,,,,,,,,7/30/2021 23:22,,,,,,,,15801-0604,PA,Non Client,PO BOX 604,,,,,,,2567402279
,,Millersburg,,"JOC, Inc.",Gerald E. Troutman,,,,,,,,8/1/2021 20:46,,,,,,,717-692-3579,17061,PA,Non Client,949 State Street,,,,,,,2567408425
,,BELLEFONTE,,Jodon Oil Company Inc,Edward Weber,,,,,,,,8/2/2021 0:47,,,,,,,,16823-0525,PA,Non Client,PO BOX 525,,,,,,,2567532367
,,Wilmington,,"Joe Barry Oil, Inc.",Linda Barry,,,,2/20/2020 14:21,,,,5/11/2022 19:03,,,,0,2567532213,,978-658-7174,1887,MA,Non Client,312 Main St,,,2/19/2020 16:06,,,,2567336161
,,Pottsville,,Joe Moore Plumbing & Heating,Joe Moore,,,,,,,,7/31/2021 15:54,,,,,,,570-628-2023,17901,PA,Non Client,193 Main Street,,,,,,,2567554434
,,New Castle,,John A. Puckey Oil Co.,John A. Puckey,,Prospect,,6/9/2020 10:44,,,,8/5/2021 4:29,,,,,,,207-563-3451,4553,ME,Non Client,P.O. Box 311,12 Depot St.,,4/24/2020 15:10,,,,2567536261
,,DuBois,,John B. Green Oil Company,Michael J. Green,,,,5/28/2020 14:08,,,,8/1/2021 8:31,,,,,,,814-371-4240,15801,PA,Non Client,P.O. Box 604,,,4/30/2020 15:41,,,,2567545421
,,Philadelphia,,John Cardullo & Sons,Pat Cardullo,,,,,,,,7/31/2021 13:43,,,,,,,215-925-8564,19019,PA,Non Client,15 E Stenton Ave,,,,,,,2567525188
,,Womelsdorf,,John F. Lengel  Inc.,Peter E. Lengel,,,,,,,,8/2/2021 21:19,,,,,,,610-589-2545,19567,PA,Non Client,1138 W. Penn Avenue,,,,,,,2567534884
,,Tewksbury,https://www.maclellanoil.com/,John G. MacLellan Inc.,Lou Berube,MacLellan Oil is a conservation minded provider of comfort services for homes and businesses since 1927.,,Oil & Energy,1/23/2024 13:52,,,,2/18/2024 7:36,,,,0,3045964610,,978-433-6701,1876,MA,Exceptional Relationship,1187 Main St.,,,2/19/2020 13:46,America/New_York,Gen Manager,,2567487242
,,LONG BRANCH,https://johnguiresupply.com/,John Guire Company,Robert A. Shannon,,,,6/9/2020 10:51,,,,2/15/2024 12:32,,,,,,,732-222-0612,07740-3085,NJ,Non Client; Not Prospect,PO BOX 3085,187 Brighton Avenue,,4/27/2020 13:36,America/New_York,,,2567537447
,,Annville,,John H. Boger & Son,Henry W. Boger,,,,,,,,8/2/2021 3:15,,,,,,,717-867-4641,17003,PA,Non Client,P.O. Box 310,,,,,,,2567355797
,,Richmond Hill,,John J. Johnston Fuel Oil,Duncan Macinnes,,,,,,,,7/31/2021 16:24,,,,,,,718-847-4200,11418-2393,NY,Non Client,111-08 Jamaica Ave.,,,,,,,2567335993
,,SOUTHAMPTON,,John N Williams & Co Inc,John Williams,,,,,,,,7/30/2021 20:54,,,,,,,,18966-3541,PA,Non Client,462 SILVER AVE,,,,,,,2567452901
,,Lewiston,,John N. Davies Oil Co.,"James Wilburne, Jr.",,,,,,,,8/1/2021 7:38,,,,,,,717-248-3717,17044,PA,Non Client,P. O. Box 1,,,,,,,2567402464
,,WOXALL,,John R. Young & Co,John R. Young,,,,,,,,7/31/2021 0:40,,,,,,,,18979-0037,PA,Non Client,PO BOX 37,,,,,,,2567113141
,,Green Lane,,John R. Young & Co.,Jack Young,,,,,,,,7/30/2021 22:45,,,,,,,215-234-4351,18054-0247,PA,Non Client,P.O. Box 247,751 Lumber Street,,,,,,2567554438
,,Wethersfield,,John S. McCarthy Oil Co,Ann Harris,,formerhdg,,4/3/2020 15:09,,,,5/28/2022 2:42,,,,,,,860-529-6128,06129-0226,CT,Former Hedge Client,PO BOX 290226,,,4/3/2020 15:09,,,,2567452764
,,Stroudsbury,,John T. Keiper Oil Burner,John Keiper,,,,,,,,8/1/2021 18:57,,,,,,,,18360,PA,Non Client,920 Faierview Ave.,,,,,,,2567402199
,,Boston,,Johnny's Oil  Co,Paul Colantuoni,,Out of Business,,3/16/2020 15:45,,,,6/10/2022 15:37,,,,,,,781-326-4328,2026,MA,Non Client,1 Westinghouse Plaza,,,5/5/2020 15:42,,,,2567447791
,,Providence,,Johnny's Oil & Heating Inc,Norman Marcantonio,,,,,,,,8/2/2021 19:54,,,,,,,401-944-6222,2909,RI,Non Client,232 Pocasset Ave,,,,,,,2567402474
,,Springfield,,John's Fuel Oil Inc,John,,,,,,,,8/4/2021 7:26,,,,,,,413-543-2701,1151,MA,Non Client,420 Oak Street,,,,,,,2567335902
,,SOMERVILLE,,Johns Heating Service,John Vicente,,,,,,,,8/2/2021 21:05,,,,,,,,02143-4037,MA,Non Client,50 SPRINGFIELD ST,,,,,,,2567543452
,,W. Hartford,,John's Oil Company,Robert Gatzak,,,,,,,,7/31/2021 1:02,,,,,,,860-666-4488,06110-1215,CT,Non Client,82 Grassmere Ave.,,,,,,,2567447741
,,RIEGELSVILLE,,Johnson & Neubert,Robert Neubert,,,,,,,,8/4/2021 21:20,,,,,,,,18077-0097,PA,Non Client,PO BOX 97,,,,,,,2567448108
,,Granville,,Johnson Fuel Service Inc,Paul Phillips,,,,,,,,8/5/2021 2:50,,,,,,,914-642-2900,12832,NY,Non Client,51 Quaker St.,P. O. Box 59,,,,,,2567355508
,,DOVER,,Johnson Oil Co Inc,Jim Johnson,,,,,,,,8/1/2021 6:36,,,,,,,,07802-1280,NJ,Non Client,PO BOX 1280,,,,,,,2567536468
,,Millersburg,,Johnson Oil Corp.,Gerald Troutman,,,,,,,,8/1/2021 21:40,,,,,,,717-692-2154,17061,PA,Non Client,308 Center Street L,,,,,,,2567525475
,,Claremont,,Johnson's,Alfred R. Johnson,,,,,,,,8/3/2021 0:53,,,,,,,603-543-0634,,NH,Non Client,,,,,,,,2567537693
,,Harmony,,Johnson's Burner Service,Shari Johnson,,Prospect,,6/9/2020 11:08,,,,3/31/2022 16:41,,,,,,,207-683-2988,4642,ME,Non Client; Not Prospect,PO BOX 164,,,4/24/2020 15:10,,,,2567532528
,,Middle Granville,,Johnson's Fuel,Div. of Ultramar Energy,,,,,,,,8/3/2021 1:41,,,,,,,802-265-4502,12849,VT,Non Client,9942 State Route 22,,,,,,,2567453205
,,NORTH CLARENDON,,Johnstons Fuel Service,Richard Freed,,,,,,,,7/30/2021 19:37,,,,,,,,05759-9502,VT,Non Client,RR 2 BOX 278A,,,,,,,2567487470
,,Goshen,,"Jones Services Company, LLC",Bill Jones,,,,,,,,8/1/2021 2:51,,,,,,,845-294-1010,10924,NY,Non Client,230 Route 17A,Suite 202,,,,President,,2567336278
,,Machias,,Jordan's Home Heating,Donald Jordan,,Prospect,,6/9/2020 11:10,,,,8/2/2021 0:52,,,,,,,207-255-6606,4654,ME,Non Client,Kennebec Rd,,,4/24/2020 15:10,,,,2567447815
,,HAMMONTON,,"Joseph Crescenzo, LLC",Joseph W. Crescenzo,,,,6/9/2020 11:11,,,,8/4/2021 2:31,,,,,,,609-561-1511,08037-1259,NJ,Non Client,95 LINCOLN ST,,,4/27/2020 13:36,,,,2567525058
,,NEWARK,,Joseph Dominick And Sons,Joseph Dominick,,,,,,,,7/30/2021 18:44,,,,,,,,07105-3220,NJ,Non Client,222 FERRY ST,,,,,,,2567534836
,,Anjou  H1M 3M2,,Joseph Elie LTEE,Sylvain Richard,,,,,,,,7/31/2021 4:02,,,,,,,514-493-3575,,PQ,Non Client,7400 Blvd. Galeries,Office 300,,,,,,2567547305
,,Woburn,,Joseph H. Young Co.,Tom Godett,,,,,,,,7/31/2021 2:39,,,,,,,781-935-8030,1801,MA,Non Client,3 Rath Road,,,,,,,2567532215
,,West Orange,,"Joseph Pitch & Sons, Inc.",Michael Pitch,,,,,,,,8/4/2021 8:45,,,,,,,,7052,NJ,Non Client,372 Main Street,,,,,,,2567335962
,,Allison Park,,Joseph Scherer Electrical,Joseph Scherer,,,,,,,,3/15/2024 15:02,,,,,,,412-486-1294,15101,PA,Non Client; Not Prospect,3910 Route 8,,,,,,,2567554437
,,Fairfax,,Joyal Fuels,Arnold Rivers,,,,,,,,5/11/2022 12:17,,,,0,2567448132,,(802) 849-6066,5454,VT,Non Client,2136 Maint St.,,,,,,,2567537772
,,Calumet,,Joyce Oil Co.,John Krystyniak,,,,,,,,8/1/2021 21:58,,,,,,,724-547-3591,15621,PA,Non Client,Calumet Mammoth Rd.,,,,,,,2567487079
,,Mt. Pleasant,,"Joyce Oil, LLP",John Krystyniak,,Prospect,,5/22/2020 12:39,,,,7/31/2021 9:07,,,,,,,724-547-3100,15674,PA,Non Client,P.O. Box 1222,,,4/30/2020 15:41,,,,2567543691
,,Lewiston,,JP2 Propane Service,Maggie McCann,,,,,,,,8/1/2021 13:39,,,,,,,,14092-9773,NY,Non Client,5446 Walmore Rd,,,,,,,2567537571
,,Shokan,,"Juliano Ventures, Inc",Joseph Juliano,,,,,,,,8/4/2021 2:45,,,,,,,845-657-8147,12481,NY,Non Client,Route 28 P.O. Box 324,,,,,,,2567355633
,,Bronx,,"Julis Enterprisses, Inc.",Allen Julis,,,,,,,,8/2/2021 0:56,,,,,,,(718) 733-4868,10468,NY,Non Client,3400 Paul Avenue,,,,,,,2567537464
,,Hudson,,Juniper Farms Oil,Mary Loureiro,,,,,,,,8/3/2021 2:41,,,,,,,978-562-3342,01749-2724,MA,Non Client,7 Juniper Rd.,,,,,,,2567402079
,,Olyphant,,"Justus Fuel Sales, Inc.",Sylvia Hlavaty,,,,,,,,7/31/2021 18:24,,,,,,,570-587-8660,18447,PA,Non Client,"R.D. 2, Box 193, Layton Road",,,,,,,2567336312
,,MIFFLIN,,K & C Fuel Oil Inc,William Casner,,,,,,,,7/31/2021 13:16,,,,,,,717-436-8553,17058-0283,PA,Non Client,PO BOX 283,Mowery Street,,,,,,2567447891
,,Germantown,,K & H Fuel Oil Co.,John D Halterman,,,,,,,,8/3/2021 0:18,,,,,,,518-537-6688,12526,NY,Non Client,350 Route 6,,,,,,,2567537675
,,QUAKERTOWN,,K & L Company,Lou McNichol,,,,,,,,7/31/2021 0:48,,,,,,,,18951-0257,PA,Non Client,PO BOX 257,,,,,,,2567532474
,,Woburn,,K & N Oil Service,John H. Neergaard,,,,6/9/2020 11:40,,,,8/5/2021 0:30,,,,0,2567536385,,781-933-2452,1801,MA,Exceptional Relationship,636 Main St,,,2/12/2020 14:36,,President,,2567532181
,,Belleville,,K V Oil Company,John Martin,,,,6/17/2020 15:21,,,,8/2/2021 1:55,,,,0,2567336096,,(717) 935-2138,17004,PA,Non Client,4529 E. Main St.,,,,,,,2567453143
,,Hinsdale,,K. A. R. Plumbing and Heating,David Gratton,,,,,,,,8/5/2021 2:42,,,,,,,603-256-8314,3451,NH,Non Client,330 Monument Road,,,,,,,2567537392
,,NORWICH,,K. B. W. Inc.,Jack Korduner,,,,,,,,8/4/2021 2:54,,,,,,,,06360-1364,CT,Non Client,252 OLD CANTERBURY TPKE LOT 44,,,,,,,2567408261
,,Mount Union,,"K. L. Lamberson,  Inc.",Patricia Veitch,,,,,,,,8/4/2021 5:23,,,,,,,814-542-2792,17066,PA,Non Client,P.O. Box 127,611 S. Jefferson Street,,,,,,2567554448
,,BURLINGTON,,K. S. Davis Plumbing & Heating,K. Davis,,,,,,,,7/30/2021 21:22,,,,,,,,08016-3002,NJ,Non Client,706 NECK RD,,,,,,,2567402378
,,Forest City,,"K. W. Oil Company, Inc.",John J. Kowalewski,,,,,,,,7/31/2021 9:48,,,,,,,570-785-3853,18421,PA,Non Client,P.O. Box 125,,,,,,,2567336031
,,Ayer,,K. W. Wood Fuel Corp.,"Kenneth Wood, Jr.",,No Interest,,3/2/2020 13:21,,,,8/3/2021 19:01,,,,,,,978-425-8900,1432,MA,Non Client,P.O. Box 427,,,2/21/2020 12:30,,,,2567113042
,,MOUNTAIN LAKES,,Kamensky Homestead Oil Company,Jennifer Pierson,,,,,,,,7/31/2021 17:18,,,,,,,,07046-1649,NJ,Non Client,100 POCONO RD,,,,,,,2567525169
,,Weston,,Kamerzel Fuel Service Inc.,Catherine Kamerzel,,,,,,,,8/2/2021 22:19,,,,,,,570-384-4129,18256-0186,PA,Non Client,"P.O. Box F, Hazle Street",,,,,,,2567487158
,,Kane,,"Kane Liquid Fuels, Inc.","Vincent J. Marold, Jr.",,,,,,,,8/4/2021 23:16,,,,,,,814-837-8602,16735-0420,PA,Non Client,P.O. Box 420,,,,,,,2567355991
,,E. Stroudsburg,,"Kar-Bill Enterprises, Inc.","William H. Miller, Jr.",,,,,,,,8/4/2021 21:12,,,,,,,570-421-3460,18301,PA,Non Client,P.O. Box 1472,,,,,,,2567537745
,,MILLINGTON,,Karg's Fuel Oil Company,Mary Karg,,,,,,,,8/3/2021 20:58,,,,,,,,07946-1346,NJ,Non Client,1901 LONG HILL RD,,,,,,,2567543827
,,North Haven,,Kasden Elm City Fuel,John Manning,,,,6/9/2020 11:41,,,,8/3/2021 7:25,,,,,,,203-234-9276,6473,CT,Non Client,212 Elm Street,,,4/24/2020 10:57,,,,2567486973
,,East Hartford,,Kasden Fuel Company,Michael Matarese,,Prospect,,10/21/2020 10:18,,,,8/1/2021 1:03,,,,0,2567547482,,860-289-5431,6128,CT,Non Client; Not Prospect,340 Tolland St,PO Box 280126,,4/24/2020 10:57,,,,2567402238
,,SOMERVILLE,,Kavanaugh & Van Fleet,Walter Kavanaugh,,,,,,,,7/31/2021 12:41,,,,,,,,08876-2312,NJ,Non Client,94 E MAIN ST,,,,,,,2567487086
,,CLIFFWOOD,,Keansburg Ice And Fuel Company,Anthony Dalfonzo,,,,,,,,8/2/2021 21:48,,,,,,,,07721-1130,NJ,Non Client,328 CLIFFWOOD AVE,,,,,,,2567545396
,,Middle Grove,,"Keehan Fuels, Inc.",Kevin Keehan,,,,,,,,8/4/2021 22:14,,,,,,,(518) 882-1041,12850,NY,Non Client,6255 Jockey St.,,,,,,,2567487148
,,Coatesville,,Keehn Service Corporation,Jeff Wolfe,,,,,,,,8/5/2021 2:30,,,,,,,,19320-2267,PA,Non Client,99 N 11th Ave,,,,,,,2567543868
,,Clarks Summit,,"Keene, Inc.",James J. McLaughlin,,,,,,,,7/31/2021 14:31,,,,,,,570-586-6970,18411,PA,Non Client,15 Lakeside Drive,,,,,,,2567537747
,,FAIRVIEW,,Keil & Sons Inc./Bobken,Alex Tullo,,,,6/9/2020 11:50,,,,7/31/2021 0:30,,,,0,2567401899,,201-945-5300,07022-0188,NJ,Non Client,PO BOX 188,,,4/27/2020 13:36,,,,2567402364
,,Riverdale,https://www.keiloil.com/,"Keil Oil, Inc.",Mark J. Fredericks,"Keil Oil is a home heating oil delivery and service company in Northern New Jersey. With over a century of experience, we prioritize your comfort and peace of mind. Our services include heating oil delivery and a wide range of residential heating servi...",,Oil & Energy,6/9/2020 11:45,,,,2/22/2024 13:10,,,,0,2567537409,,(973) 835-4500,7457,NJ,Active Hedge Client,P.O. Box 49,15 Mickens Ave,,,America/New_York,President,,2567525050
,,Old Orchard Beach,,Keith's Meter Service,Keith Finley,,,,,,,,8/2/2021 3:50,,,,,,,(207) 671-4883,,ME,Non Client,101 Ocean Avenue,,,,,,,2567486936
,,Beverly,,Kelleher Fuel Company Inc.,John Kelleher,,,,3/16/2020 13:29,,,,8/1/2021 10:24,,,,,,,508-922-0080,1915,MA,Non Client,232 Essex Street,,,,,President,,2567336163
,,Enfield,,Keller Oil Co.,Renee Pederzani,,,,,,,,8/1/2021 18:33,,,,,,,860-745-9994,6083,CT,Non Client,PO Box 1193,,,,,,,2567554490
,,SAINT MARYS,,Keller Oil Inc,Mary Keller,,,,,,,,8/2/2021 2:31,,,,,,,,15857-0147,PA,Non Client,PO BOX 147,,,,,,,2567402115
,,Hasbrouck Heights,,Keller-Depken Oil,John A. Depken,,,,5/22/2020 12:24,,,,7/31/2021 15:26,,,,,,,201-939-0060,7604,NJ,Non Client,P.O. Box 423,,,4/27/2020 13:36,,,,2567487390
,,Philadelphia,,Kelley Energy,Thomas F. Duffey,,,,,,,,7/31/2021 22:03,,,,,,,215-424-2000,19129,PA,Non Client,2700 Roberts Avenue,,,,,,,2567355717
,,Bennington,www.qualitykelly.com,Kelly Fuels,Steve Goodrich,"Quality Plumbing & Heating is Bennington’s oldest plumbing and heating company and Kelly Fuels is Bennington’s oldest family-owned fuel oil company. Together they’re a one-stop shop for your plumbing and heating needs. - Quality Plumbing & Heating / Kelly Fuels - Bennington, VT's oldest plumbing & heating company ~ Bennington, VT's oldest family-owned fuel oil company - QualityKelly.com",,,8/6/2020 12:18,,,,2/9/2024 8:26,,,,0,2567355697,,802-442-5348,5201,VT,Former Hedge Client; Not Prospect,1036 East Main St,,,,America/New_York,,,2567453150
,,Cedarhurst,,Kelly Oil Co.,Richard Kelly,,,,,,,,7/30/2021 22:32,,,,,,,516-371-3400,11516-0081,NY,Non Client,PO Box 81,,,,,,,2567408401
,,Harrisburg,,Kelly Oil Co.,Michael Stewbacher,,,,,,,,8/3/2021 20:46,,,,,,,717-564-1440,17111-0235,PA,Non Client,P. O. Box 4235,,,,,,,2567525439
,,Braintree,,"Kelpak Services, Inc.",J. Keller,,,,,,,,8/1/2021 18:02,,,,,,,,2185,MA,Non Client,P.O. Box 850213,,,,,President,,2567408210
,,Windham,,Kel-Ton Oil Company,Tony Vance,,Prospect,,6/9/2020 11:53,,,,8/2/2021 9:27,,,,,,,207-892-2020,4062,ME,Non Client,34 Manchester Drive,,,4/24/2020 15:10,,,,2567532219
,,Harrisburg,,Ken Deaven Fuel Oil,Kenneth S. Deaven,,,,,,,,7/30/2021 14:35,,,,,,,717-566-8141,17112,PA,Non Client,7545 Green Hill Road,,,,,,,2567536606
,,TAMAQUA,,"Ken L. Herring & Son, Inc.",Kenneth Herring,,,,,,,,7/31/2021 0:30,,,,,,,570-668-0642,18252-9599,PA,Non Client,16 Blackwell Street,,,,,,,2567336091
,,Sanborn,,Ken Wendt's Propane Gas Service,Trevor Wendt,,,,,,,,8/1/2021 6:40,,,,,,,,14132-9344,NY,Non Client,5910 Ward Rd,,,,,,,2567545416
,,Littlestown,,Keneco Oil Co.,Kenneth Ogg,,,,,,,,8/1/2021 10:31,,,,,,,717-359-4313,17340,PA,Non Client,6149 Baltimore Pike,,,,,,,2567452890
,,PORT NORRIS,,Kenneth M Reed Sr. Inc,"Kenneth Reed, Sr.",,,,,,,,8/1/2021 23:26,,,,,,,,08349-0685,NJ,Non Client,PO BOX 685,,,,,,,2567452991
,,Danvers,,"Ken's Oil & Burner Service, Inc",Kenneth B. Reardon,,,,2/27/2020 14:38,,,,8/4/2021 21:25,,,,,,,508-777-0243,1923,MA,Non Client,14 Shawmut Avenue,,,2/27/2020 14:40,,Owner,,2567532209
,,North Grosvenordale,,Kenyon Oil Company,David M. Preble,,Prospect,,6/9/2020 13:07,,,,8/4/2021 6:47,,,,,,,860-935-5200,6255,CT,Non Client,P.O. Box 866,,,4/24/2020 10:57,,,,2567113282
,,Bigler,,Kephart Trucking Co.,Dick Coudriet,,,,,,,,8/1/2021 11:48,,,,,,,814-857-7704,16825,PA,Non Client,P.O. Box 386,,,,,,,2567537712
,,Simpson,,"Kerl's Oil and Trucking Co., Inc",William A. Kerl,,,,,,,,8/2/2021 5:44,,,,,,,570-282-1598,18407,PA,Non Client,514 Main Street,,,,,,,2567536490
,,Glenbury,,Kero-Del of Maryland Inc,dawn,,,,,,,,8/1/2021 15:22,,,,,,,410-765-7800,,MD,Non Client,,,,,,,,2567525277
,,E GREENVILLE,,Kerver's Heating & Cooling Inc,Ed Kerver,,,,,,,,7/30/2021 23:52,,,,,,,,18041,PA,Non Client,633 Gravle Pike,,,,,,,2567543819
