About Us,CAP/ Budget ,City,Company Domain Name,Company name,Contact,Description,ID/Status,Industry,Last Activity Date,Last Contacted,Last Engagement Date,Last Logged Call Date,Last Modified Date,Lead Status,Merged Company IDs,NOTE WORTHY,Number of child companies,Parent Company,Phone Ext-,Phone Number,Postal Code,State/Region,Status (Relationship),Street Address,Street Address 2,Target Account,Time First Seen,Time Zone,Title,Twitter Handle,Organization Id
,,Bangor,https://www.pottlestrans.com/,Pottle's Transportation,Linda Leighton,"Pottle's Transportation is a family-owned and operated trucking company based in Bangor, Maine, with terminals in Allentown and Camp Hill, Pennsylvania. They provide transportation solutions including truckload, logistics management, yard management, a...",prospect,Transportation/Trucking/Railroad,5/4/2020 14:54,,,,2/14/2024 17:03,,,,,,,207-947-2179,4402,ME,Not Prospect,P.O. Box 877,,,4/24/2020 15:10,America/New_York,,,2567547465
,,Newport,https://www.poulingrain.com/,Poulin Grain Inc,John Robillard,"Poulin Grain is a fourth generation, Vermont family owned and operated company, with mills in Newport, Swanton, and North Bennington, Vermont and in Canton, New York. Specializing in high quality dairy, equine, pet, and livestock feeds. Dairy Product M...",,Food & Beverages,,,,,2/14/2024 15:20,,,,,,,(802) 334-0623,5855,VT,Non Client,24 railroad square,,,,America/New_York,,,2567355978
,,Butler,,"Power Service Products, Inc.","George Gustic, Jr.",,,,,,,,8/2/2021 1:03,,,,,,,817-599-9486,16001,PA,Non Client,790 Belmont Road,,,,,,,2567336305
,,IRVINGTON,,Power-Ol Fuel Company,Ernie Hasner,,,,,,,,8/1/2021 16:31,,,,,,,,07111-4002,NJ,Non Client,507 CHANCELLOR AVE,,,,,,,2567547412
,,Malden,,Powers Oil Co,Ken Powers,,,,2/28/2020 12:42,,,,8/1/2021 17:29,,,,,,,617-389-9090,2148,MA,Non Client,497 Broadway,,,2/28/2020 12:43,,,,2567452783
,,South Norwalk,,Pramer Fuel Company,Tim Pramer,,,,11/24/2020 11:32,,,,8/2/2021 19:00,,,,0,2567532278,,203-866-9954,6856,CT,Non Client,19 Coldspring St,P.O. Box 834,,,,,,2567402383
,,Easton,,"Premier Oil Co., Inc.","Harry R. Hummer, Sr.",,,,,,,,7/31/2021 10:48,,,,,,,610-258-6672,18042,PA,Non Client,1411 Washington Street,,,,,,,2567402463
,,Baltimore,,Premier Petroleum,Mr. Steve Shapiro,,,,,,,,8/5/2021 0:27,,,,,,,,21211,MD,Non Client,41 West 26th Street,,,,,,,2567537796
,,Shrewsbury,,Premium Fuels Corp,Peter Ferraro,,,,,,,,8/2/2021 0:56,,,,,,,(508) 756-7693,1545,MA,Non Client,307 Hartford Pike,,,,,,,2567552724
,,NEWARK,,Premium Petroleum Company,Mark Monto,,,,,,,,7/31/2021 1:43,,,,,,,,07114-2736,NJ,Non Client,441 MULBERRY ST,,,,,,,2567534798
,,Montrose,,"Premium Petroleum, Inc.",John J. Griffin,,,,,,,,8/3/2021 10:50,,,,,,,914-739-3835,10548,NY,Non Client,PO BOX 117,,,,,,,2567536501
,,MAHWAH,http://www.prestigepetroleum.com/index.html,Prestige Petroleum Corp,William Fagan,Prestige Petroleum offers well known Brand recognition and supply confidence with the Citgo Brand.,,,6/12/2020 10:40,,,,9/6/2023 10:33,,,,,,,201-934-6100,7430,NJ,Non Client; Not Prospect,188 DEERFIELD TER,,,4/27/2020 13:36,America/New_York,,,2567554482
,,Stamford,,Priceline Webhouse,David C. Larimer,,,,,,,,8/5/2021 1:42,,,,,,,203-681-3543,6905,CT,Non Client,5 High Ridge Park,,,,,,,2567543530
,,ESSINGTON,,Printz Fuel,Tom Giancristoforo,,,,,,,,8/1/2021 23:54,,,,,,,,19029-1001,PA,Non Client,15 INDUSTRIAL HWY,,,,,,,2567487215
,,OCEANSIDE,,Pro Fuel,Louis Prochilo,,,,,,,,8/1/2021 19:29,,,,,,,,11572-2007,NY,Non Client,100 ATLANTIC AVE,,,,,,,2567453155
,,NEW ROCHELLE,,Professional Fuel Comapny,Lucy Ranilla,,,,,,,,8/5/2021 0:51,,,,,,,,10801-2416,NY,Non Client,168 COLIGNI AVE,,,,,,,2567554368
,,Williamsport,,Professional Petroleum,James Chestnut,,,,1/24/2024 12:26,,,,1/24/2024 12:26,,,,,,,570-322-5525,17701,PA,Non Client; Not Prospect,2500 New Lawn Avenue,,,,,,,2567536525
,,Zelienople,,"ProGas, Inc.",Ronald Schramm,,,,,,,,7/30/2021 23:01,,,,,,,,16063-3318,PA,Non Client,2314 Evans City Rd,,,,,,,2567408435
,,Quakertown,,Progressive Propane,Dave Worthington,,,,,,,,7/31/2021 22:17,,,,,,,,18951-4329,PA,Non Client,39 E Cherry Rd,,,,,,,2567402216
,,Biddeford,http://provencherfuels.com/,Provencher's Oil & Heating Services,Roger Provencher,"Provencher Fuels is a well-established company that has been serving the community for over 60 years. As a division of Jim Godbout Plumbing & Heating, Inc., Provencher offers a full range of plumbing, heating, and HVAC services. Our main focus is on pr...",Hope's Leads,Oil & Energy,6/17/2020 8:00,,,,2/14/2024 21:49,,,,0,3995238657,,207-284-8068,4005,ME,Former Hedge Client; Not Prospect,139 Cleaves Street,,,4/24/2020 15:10,America/New_York,President,,2567545365
,,,,ProvEnergy Oil,John Keenan,,,,4/7/2020 14:43,,,,9/14/2022 15:34,,,,0,2567525419,,401-732-2880,2886,RI,Former Hedge Client; Not Prospect,,,,,,President,,2567545452
,,Warwick,,Providence Petroleum,Potter,,,,,,,,8/1/2021 5:19,,,,,,,401-785-0707,2889,RI,Non Client,50 Ivan Ave,,,,,,,2567525213
,,Lewiston,,Provider Discount Fuel,Mark Cloutier,,PROSPECT,,,,,,8/1/2021 23:12,,,,,,,207-777-7117,4240,ME,Non Client,PO Box 8001,,,4/24/2020 15:10,,,,2567452684
,,Haverhill,,"PSC, Inc.",Lauren Palermo,,,,4/7/2020 14:46,,,,8/3/2021 1:55,,,,0,2567552892,,978-372-1012,1830,MA,Non Client; Not Prospect,PO BOX 750,168 Hale Street,,,,,,2567537697
,,Hicksville,,Public Energy of Long Island,Kevin Dunn,,,,,,,,7/31/2021 17:22,,,,,,,(516) 935-0500,11801,NY,Non Client,180 Lauman Lane,,,,,,,2567525205
,,Baltimore,,Pug's Fuel Oil Svc.,Casey Sandridge,,,,,,,,8/2/2021 6:57,,,,,,,,21219-0548,MD,Non Client,PO BOX 6548,,,,,,,2567335768
,,Bronx,,Pullum Fuel Co.,Joann Montalbano,,,,,,,,7/30/2021 19:51,,,,,,,718-892-6327,10462-5421,NY,Non Client,1108 Zerega Ave.,,,,,,,2567537676
,,Newark,,Pure Fuel Company,Mark Monto,,,,,,,,8/4/2021 20:33,,,,,,,973-731-8825,7114,NJ,Non Client,444 Mulberry Street,,,,,,,2567543779
,,BELLMAWR,,Puritan Oil Company,Benjamin Snider,,,,,,,,8/1/2021 10:59,,,,,,,,08031-2306,NJ,Non Client,1 S BLACK HORSE PIKE,,,,,,,2567537696
,,Wellsboro,,Putnam Company,"Edward H. Owlett, III",,,,,,,,7/31/2021 4:31,,,,,,,570-723-8000,16901-1743,PA,Non Client,11499 Route 6,,,,,,,2567537466
,,NORTH BERGEN,,"Putnam Fuels, Inc.",Dorothy Riley,,,,,,,,8/1/2021 0:07,,,,,,,,07047-1548,NJ,Non Client,3445 PATERSON PLANK RD,,,,,,,2567453128
,,Mahopac,,Putnam Petroleum Inc.,Alfred Simone,,,,,,,,7/30/2021 22:28,,,,,,,645-621-0494,10541,NY,Non Client,100 Lake Dr,,,,,,,2567408093
,,New Oxford,,PWI Incorporated,Ronald E. George,,,,,,,,7/31/2021 10:45,,,,,,,717-624-2111,17350,PA,Non Client,P.O. Box 67,,,,,,,2567532457
,,Lynnfield,,Pyburn Oil,Peter McAvoy,,,,2/28/2020 11:56,,,,8/1/2021 13:49,,,,,,,781-334-3374,1940,MA,Non Client,P O Box 660,,,2/28/2020 11:56,,,,2567536222
,,AVONDALE,,Pyle Fuel Company,Kathleen Kirk,,,,,,,,8/4/2021 23:10,,,,,,,,19311-0504,PA,Non Client,PO BOX 504,,,,,,,2567545498
,,Tenafly,,Pyramid Oil Company,Victor Cino,,,,,,,,7/31/2021 5:47,,,,,,,,07670-1735,NJ,Non Client,24 W. Railroad Ave. #115,,,,,,,2567543778
,,St. Albans,,Pyrofax Energy,Jon Whittle,,,,,,,,8/5/2021 0:01,,,,,,,(802) 527-7755,5478,VT,Non Client,62 Industrial Park Rd,,,,,,,2567554494
,,NEWARK,,"Q Petroleum, Inc.",William Quattrocchi Jr.,,,,,,,,8/2/2021 7:29,,,,,,,,07104-4201,NJ,Non Client,101 RIVERSIDE AVE,,,,,,,2567452879
,,Portsmouth,,Quaker Hill Heating Oil Co d/b/a Lauder's Oil,Rick Lauder,,,,4/8/2020 11:52,,,,8/1/2021 5:38,,,,0,2567547482,,401-683-6889,2871,RI,Non Client,1698 East Main Rd,,,,,,,2567448141
,,Port Carbon,,Quality Discount Heating Oil,John P. Modesto,,,,,,,,8/5/2021 1:29,,,,,,,570-622-4151,17965,PA,Non Client,One Second Street,,,,,,,2567525247
,,ANDREAS,,Quality Fuels Inc. D/B/A/ Fast Fill,Mark R.  Fegley,,,,,,,,8/1/2021 13:52,,,,,,,,18211-9741,PA,Non Client,RR 1 BOX 58-16,,,,,,,2567402278
,,ACUSHNET,,Quality Home Heating,Bill Elgar,,,,,,,,8/2/2021 6:35,,,,,,,,02743-1009,MA,Non Client,1277 MAIN ST,,,,,,,2567112925
,,Canton,,Quality Industrial Propane Inc.,Fred Patterson,,,,,,,,7/31/2021 21:20,,,,,,,781-828-7466,2021,MA,Non Client,99 Jackson Street,,,,,,,2567112918
,,Plainsville,,"Quality Oil Co., LLC",Barry Mullins,,,,,,,,8/4/2021 1:21,,,,,,,(860) 276-9932,6479,CT,Non Client,758 Main Street,,,,,,,2567534676
,,Clinton,,Quality Propane,Jonation Malazzi,,,,,,,,7/31/2021 23:32,,,,,,,(860) 669-4277,06413-2228,CT,Non Client,359 E Main St,,,,,,,2567452737
,,Norwich,,Queen Bee's Oil,Anthony Holland,,,,,,,,8/1/2021 21:07,,,,,,,(860) 376-2337,,CT,Non Client,,,,,,,,2567402204
,,PLAINFIELD,,Queen City Fuel,Andrew Rubbo,,,,,,,,7/31/2021 10:18,,,,,,,,07062-0862,NJ,Non Client,PO BOX 2862,,,,,,,2567537282
,,Whitehouse Station,,Quick Chek Food Stores,Dean Durling,,,,,,,,5/10/2022 14:34,,,,,,,908-534-7142,8889,NJ,Non Client,P.O. Box 600,3 Old Highway,,4/27/2020 13:36,,,,2567112932
,,Peekskill,,Quicksilver Oil Corporation,Paul Ottaviano,,,,,,,,8/4/2021 22:50,,,,,,,914-734-1233,10566,NY,Non Client,8 John Walsh Blvd.,Suite 407,,,,,,2567534749
,,North Weymouth,,Quincy Adams Coal Co.,Robert Cherubini,,,,4/8/2020 12:01,,,,7/31/2021 18:23,,,,,,,781-331-7600,2191,MA,Former Hedge Client,360 Bridge Street,,,,,,,2567452815
,,STATEN ISLAND,,Quinlan Fuel Oil,Richard Berna,,,,,,,,8/2/2021 2:26,,,,,,,,10303-1826,NY,Non Client,450 NETHERLAND AVE,,,,,,,2567408318
,,yalesville,,Quinnipiac Valley Energy,Michael Geremia,,,,,,,,8/4/2021 19:27,,,,,,,203-269-2082,6492,CT,Non Client,201 Church St.,,,,,,,2567532296
,,Bristol,,Quinoco Inc,Don Phillips,,,,,,,,7/31/2021 4:17,,,,,,,860-583-4609,6010,CT,Non Client,289 Terryville Ave.,,,,,,,2567547372
,,Hampton Bays,,"Quogue Sinclair Fuel, Inc.",Russell Rose,,,,,,,,8/1/2021 9:31,,,,,,120,(631) 728-1066,11946,NY,Non Client,161 West Montauk Highway,P.O. Box 760,,,,,,2567355691
,,Mill Hall,,R & M Gas & Oil Company,Joseph Walker,,,,,,,,8/2/2021 2:25,,,,,,,570-726-3145,17751,PA,Non Client,215 Pickwick Street,,,,,,,2567554472
,,NORTH EASTHAM,,R & R Gilmore Inc.,Robbie Gilmore,,,,,,,,7/31/2021 17:59,,,,,,,,02651-0644,MA,Non Client,PO BOX 644,,,,,,,2567536232
,,Williamsport,,"R and J Ertel, Inc.",William G. Ertel,,,,,,,,8/1/2021 22:39,,,,,,,570-322-2384,17701,PA,Non Client,540 Lycoming Street,,,,,,,2567537692
,,Tisbury,,"R M Packer Co., Inc.",Dan Clark,,,,,,,,8/1/2021 22:18,,,,,,,508-696-9278,2568,MA,Non Client,P.O. Box  308,,,,,,,2567532203
,,MILLVILLE,,R. B. Whitaker & Son,"John Whitaker, III",,,,,,,,8/1/2021 17:13,,,,,,,,8332,NJ,Non Client,High & McNeal Streets,,,,,,,2567525141
,,So. Hackensack,,R. D. Mortman,Philip McCarthy,,,,,,,,8/1/2021 22:28,,,,,,,,7606,NJ,Non Client,100 Leuning Street,,,,,,,2567547503
,,REBERSBURG,,"R. E. Breon & Sons, Inc",Larry Breon,,,,,,,,8/3/2021 0:08,,,,,,,,16872-0047,PA,Non Client,PO BOX 47,,,,,,,2567487128
,,Newport,,"R. E. Smith & Son, Inc.",Rob E. Smith,,,,,,,,7/31/2021 3:03,,,,,,,717-567-3818,17074-0180,PA,Non Client,P.O. Box 180,,,,,,,2567113262
,,Catskill,,R. E. Smith Fuel Co.,Martin Smith,,,,,,,,8/3/2021 23:49,,,,,,,518-943-4190,12414,NY,Non Client,15 Main Street,,,,,,,2567487260
,,Westhampton,,"R. G. Hann & Son, Inc.",Raymond Hann,,,,4/8/2020 12:36,,,,7/31/2021 3:16,,,,,,,631-288-1430,11977,NY,Non Client,P.O. Box 163,,,,,,,2567113169
,,Augusta,,R. J. Energy Service Inc,Tim Ramsay,,,,,,,,8/1/2021 0:57,,,,,,,207-622-7720,4330,ME,Non Client,2184 N Belfast Avenue,,,,,,,2567547329
,,Lockport,,"R. L. Gaude Co., Inc.",Richard Gaude,,,,,,,,7/31/2021 7:14,,,,,,,716-433-9932,14067,NY,Non Client,PO BOX 375,,,,,,,2567532449
,,Sharon Springs,,R. L. Parsons Inc.,Raymond Parsons,,,,,,,,7/31/2021 4:51,,,,,,,518-284-2421,13459,NY,Non Client,P.O. Box 336,,,,,,,2567547567
,,Revere,,R. L. Reed Oil,Robert Reed,,,,,,,,7/31/2021 8:31,,,,,,,,2151,MA,Non Client,31 Bosson Street,,,,,,,2567532522
,,Greensburg,,"R. L. Smeltz Oil Co., Inc.",Joy Bartlow,,,,,,,,8/2/2021 4:58,,,,,,,724-837-5950,15601,PA,Non Client,P.O. Box 100,,,,,,,2567487439
,,VINEYARD HAVEN,,"R. M. Packer Co., Inc",Ralph M Packer Jr,,Prospect,,,,,,7/31/2021 16:15,,,,,,,508-693-0900,2568,MA,Non Client,P.O. Box  308,Beach Road,,5/5/2020 15:42,,,,2567335743
,,PENNSAUKEN,,R. McAllister,Donald McAllister,,,,,,,,8/1/2021 14:21,,,,,,,,08109-0327,NJ,Non Client,PO BOX 1327,,,,,,,2567402384
,,Pen Argyl,,R. R. Cortazzo Fuel Oil Svc.,Ray R. Cortazzo,,,,,,,,8/2/2021 0:30,,,,,,,610-863-6628,18072,PA,Non Client,989 Pennsylvania Avenue,,,,,,,2567355944
,,Downingtown,,"R. W. Fetters, Inc.","Robert W. Fetters, Jr.",,,,,,,,8/3/2021 0:49,,,,,,,610-458-5225,19335-1531,PA,Non Client,370 Milford Road,,,,,,,2567487149
,,CHERRYFIELD,,R. W. Mathews & Sons Inc,Bill Mathews,,prospect,,,,,,5/26/2022 6:20,,,,,,,207-546-7525,04622-0117,ME,Non Client,PO BOX 117,RR 1,,4/24/2020 15:10,,,,2567401962
,,Portsmouth,https://rbqueern.com/,"R.B. Queern & Co, Inc.",Richard Queern,"R.B. Queern & Co., Inc. offers expert heating and cooling services and installations for commercial, residential, and industrial clients. They provide a wide range of services including annual maintenance, emergency repair, and new system installations...",,Construction,7/8/2020 14:38,,,,2/18/2024 21:36,,,,,,,(401) 849-0095,2871,RI,Non Client; Not Prospect,"200 High Point Avenue, Suite B7",B7,,,America/New_York,,RBQueern,2567408182
,,Worcester,,R.E. Michel Co,Rusty Folsom,,,,,,,,8/2/2021 7:23,,,,,,,508-752-3339,1603,MA,Non Client,13 Hope Ave,,,,,,,2567525338
,,Rockland,,R.J. Philbrook & Sons,Andy MacMillan,,prospect,,6/12/2020 11:54,,,,7/30/2021 21:23,,,,,,,207-594-4309,4841,ME,Non Client,25 Atlantic Street,,,4/24/2020 15:10,,,,2567525003
,,RANDOLPH,,R.P.C. Inc,Lawrence Ray,,,,,,,,6/9/2022 3:31,,,,,,,973-366-1400,07869-1379,NJ,Non Client,6 EMERY AVE,Suite 1,,4/27/2020 13:36,,President,,2567487485
,,Edgewater,,R.S. Leitch Company,Russ Vriezen/Thomas Weigand,,,,,,,,8/5/2021 4:30,,,,,,,410-956-3000,21037,MD,Non Client,3173 Solomons Island Road,,,,,,,2567355579
,,MC KEESPORT,,Rabco Fuels,Robert Boyd,,,,,,,,8/4/2021 21:22,,,,,,,,15135-1138,PA,Non Client,5907 SMITHFIELD ST,,,,,,,2567545466
,,Granville,,Race Oil Corp.,Jeffrey Senchik,,,,,,,,7/31/2021 17:06,,,,,,,518-642-1800,12832-1620,NY,Non Client,48 Potter Ave.,,,,,,,2567407996
,,Purchase,,Rad Energy Corp.,Donald Draizin,,,,,,,,8/2/2021 19:33,,,,,,,914-701-2700,10577-2540,NY,Non Client,287 Bowman Avenue,,,,,,,2567408136
,,Hyde Park,,Rainbow Oil,Mike Conforti,,,,,,,,8/2/2021 4:19,,,,,,,845-229-9418,12538,NY,Non Client,5 Pine Woods Rd.,,,,,,,2567532328
,,WYSOX,,"Ralph Martin Oil Company, Inc.",Ralph Martin,,,,,,,,8/2/2021 5:29,,,,,,,,18854-0217,PA,Non Client,PO BOX 217,,,,,,,2567487216
,,Somerset,,Ram Converting Co.,Christine Anderson,,,,,,,,7/30/2021 18:35,,,,,,,,8873,NJ,Non Client,645 Howard Ave.,,,,,,,2567452700
,,RAMSEY,,Ramsey Oil Company,John Seelbach Jr,,,,6/12/2020 12:04,,,,8/1/2021 7:39,,,,,,,201-327-0522,07446-1032,NJ,Non Client,608 N CENTRAL AVE,P.O. Box 307,,4/27/2020 13:36,,,,2567408312
,,Philadelphia,,"Rawle & Henderson, LLP",Eric Lechtzin,,,,,,,,8/4/2021 7:30,,,,,,,215-575-4200,19107,PA,Non Client,One Penn Square,,,,,,,2567537700
,,Lowell,,Ray Marchand Oil Co.,Ray Marchand,,,,2/13/2020 12:23,,,,7/31/2021 7:02,,,,,,,508-256-0401,1851,MA,Non Client,493 Princeton Blvd.,,,,,,,2567486914
,,Portage,,"Ray Oil & Gas Company, Inc.",Vincent E. Sweeney,,,,,,,,7/30/2021 14:44,,,,,,,814-736-3947,15946-6916,PA,Non Client,629 Dulancey Drive,,,,,,,2567453126
,,Hanover,,Raynard Brothers Oil,Jason Raynard,,,,,,,,7/31/2021 22:32,,,,,,,(781) 858-2439,2339,MA,Non Client,22A Industrial Way,,,,,,,2567543741
,,New Hyde Park,,Rayo Oil Company,Paul Wesoly,,,,,,,,7/31/2021 4:47,,,,,,,516-354-9041,11040,NY,Non Client,470 Lakeville Road,,,,,,,2567335948
,,PATERSON,,Ray's Fuel Oil Service,Daniel Raymond,,,,,,,,7/31/2021 0:27,,,,,,,,07524-1728,NJ,Non Client,680 RIVER ST,,,,,,,2567448074
,,Manchester,,Ray's Oil Service,Bill Yourconis,,,,,,,,8/1/2021 19:26,,,,,,,860-423-1449,6040,CT,Non Client,30 Pine Hill St,,,,,,,2567407967
,,WILLIMANTIC,,Ray's Oil Service,William Yourconis,,,,,,,,8/3/2021 1:50,,,,,,,,06226-0409,CT,Non Client,PO BOX 409,,,,,,,2567401968
,,Orefield,,"RD Fuel & Heating, Inc.",Adrianne Subjin,,,,,,,,8/1/2021 8:43,,,,,,,610-435-3520,18069-0064,PA,Non Client,P.O. Box 64,,,,,,,2567532383
,,Glenmount,,RE Michel Company,Ray DuMicich,,,,,,,,8/1/2021 3:58,,,,,,,518-465-2477,12077,NY,Non Client,69 Beacon Road,,,,,,,2567408112
,,Jim Thorpe,,"Reabold Oil, Inc.","William R. Reabold, III",,,,,,,,7/31/2021 19:34,,,,,,,570-325-8293,18229,PA,Non Client,510 Silk Street,,,,,,,2567113187
,,New Britain,,"Recck's Oil, Inc.",Roger Recck,,,,,,,,8/4/2021 21:29,,,,,,,860-225-7127,6051,CT,Non Client,466 East St.,,,,,President,,2567112863
,,CENTERVILLE,,Red Wing Oil,Carl Bergfors,,,,,,,,8/4/2021 21:58,,,,,,,508-362-8600,02632-0232,MA,Non Client,PO BOX 232,,,,,,,2567552725
,,Woodland Park,,Reda & Sons Fuel Company,Arthur Reda,,,,,,,,8/2/2021 1:06,,,,,,,973-684-1494,07424-2893,NJ,Non Client,559 MCBRIDE AVE,,,4/27/2020 13:36,,,,2567536424
,,Buxton,,Redding Oil Co,Craig Redding,,prospect,,5/4/2020 15:03,,,,8/1/2021 21:51,,,,,,,207-727-3735,4093,ME,Non Client,P.O. Box 259,,,4/24/2020 15:10,,,,2567537646
,,Jaffrey,,Red's of Jaffrey LLC,John Peard,,,,,,,,8/2/2021 7:21,,,,,,23,603-532-6121,3452,NH,Non Client,31 River Street,,,,,,,2567407924
,,NEW CASTLE,,Reed Oil Company,"Kenneth Jones, Sr.",,,,,,,,8/2/2021 18:51,,,,,,,(724) 658-6692,16102-1111,PA,Non Client,511 Montgomery Avenue,,,,,,,2567537718
,,Millersburg,,Reed's Fuel Oil,Kim Martz,,,,,,,,8/1/2021 8:11,,,,,,,717-692-5466,17061-1145,PA,Non Client,700 Market Street,,,,,,,2567452945
,,Cranford,,Reel-Strong Fuel Company,Clinton Crane,,,,,,,,5/10/2022 14:05,,,,,,,908-276-0900,07016-0100,NJ,Non Client,549 Lexington Avenue,P.O. Box 100,,4/27/2020 13:36,,,,2567447838
,,Hackettstown,,Region Oil/Budd,Bob Smith,,,,,,,,5/24/2022 16:52,,,,,,,908-852-5500,07840-0732,NJ,Non Client,P.O. Box 732,,,4/27/2020 13:36,,,,2567532393
,,Franklin,,Region Oil/Franklin,Bob Childs,,,,,,,,5/28/2022 2:42,,,,,,,973-827-7000,7416,NJ,Non Client,P.O. Box 357,460 Route 23,,4/27/2020 13:36,,,,2567545437
,,Middletown,,Reidinger Coal & Fuel Oil,Brian Reidinger,,,,,,,,8/1/2021 9:24,,,,,,,717-944-9982,17057-1346,PA,Non Client,134 Witherspoon Avenue,,,,,,,2567532376
,,Cambridge,,Reilly Brothers Oil Co,Francis Reilly,,,,,,,,8/2/2021 18:05,,,,,,,617-354-6761,2140,MA,Non Client,88 Pembroke St,,,,,,,2567407873
,,Bangor,,"Reimer Bros., Inc.",Eric Reimer,,,,,,,,8/2/2021 3:58,,,,,,,610-863-4105,18013-0016,PA,Non Client,P.O. Box 16,,,,,,,2567448110
,,Warminster,,"Reit Fuel Oil Co., Inc.",Stephen P. Thiers,,,,,,,,8/3/2021 6:22,,,,,,,215-957-5900,18974-2907,PA,Non Client,P.O. Box 2907,,,,,,,2567537420
,,Brockton,,Reliable Burner Service,John Ethier,,,,,,,,7/31/2021 8:58,,,,,,,,2401,MA,Non Client,,,,,,Owner,,2567452668
,,Colchester,http://reliableenergyct.com/,Reliable Oil Co.,Ms. Beverly O'Donal,"Reliable Energy of Connecticut is a leading provider of energy solutions for residential and commercial customers. We offer a wide range of products and services to help our customers save energy, reduce their carbon footprint, and lower their utility ...",Prospect,,6/12/2020 13:44,,,,2/16/2024 13:56,,,,0,2567537602,,860-537-1004,6415,CT,Non Client,P. O Box 803,522 Norwich Ave,,4/24/2020 10:57,America/New_York,,,2567536215
,,HICKSVILLE,,Reliance Utilities,Joseph Gentile,,,,,,,,3/15/2024 15:08,,,,,,,,11801-1029,NY,Non Client; Not Prospect,477 W JOHN ST,,,,,General Mgr.,,2567537741
,,Slatington,,"Remaly Fuel, Inc.",Howard L. Todd,,,,,,,,8/1/2021 22:41,,,,,,,610-767-8666,18080,PA,Non Client,6751 Route 873,,,,,,,2567543840
,,Lancaster,,"Renaissance Group, The","J. Glenn Ebersole, Jr., P.E.",,,,,,,,7/31/2021 12:46,,,,,,,717-393-9350,17603,PA,Non Client,1305 Wheatland Avenue,,,,,,,2567525181
,,North Collins,https://www.renaldo.org/,"Renaldo Sales & Service, Inc.",Richard Mardino,"Renaldo provides retail distribution of propane gas in Western New York State, the manufacturing of a pneumatic metered seed planter and vegetable transplanter, along with other related types of equipment for the agricultural and propane gas industries.",,Machinery,7/8/2020 12:15,,,,3/26/2022 22:11,,,,,,,7163373760,14111-9753,NY,Non Client,1770 Milestrip Rd,PO Box 820,,,America/New_York,,,2567355500
,,Willimantic,,"Republic Oil Co., Inc.",Paul Kozelka,,,,,,,,8/4/2021 6:24,,,,,,,,6226,CT,Non Client,P.O. Box 436,,,,,,,2567407835
,,Levittown,,Rex Fuel Oil Co,Dan Kearney,,,,,,,,8/5/2021 1:16,,,,,,,(215) 946-3600,19058,PA,Non Client,PO Box 426,,,,,Owner,,2567543802
,,Manchester,,Reynolds & Sons P & H,Thomas Reynolds,,,,,,,,8/1/2021 22:39,,,,,,,603-626-4223,03102-1233,NH,Non Client,6 Plummer Street,,,,,,,2567113073
,,Wrentham,,Reyonolds Oil Svc. Inc.,John Reynolds,,,,,,,,8/2/2021 18:19,,,,,,,(774) 396-6196,2093,MA,Non Client,PO Box 385,,,,,,,2567113298
,,WESTBURY,,Rgg Oil,Tom Gary,,,,,,,,7/30/2021 19:24,,,,,,,,11590-3925,NY,Non Client,1008 PROSPECT AVE,,,,,,,2567402412
,,Montpelier,,Rice Energy Inc.,Lisa J. Rice,,,,,,,,8/1/2021 1:07,,,,,,,802-223-7320,5601,VT,Non Client,PO BOX 604,,,,,,,2567547602
,,Northumberland,,"Rich Oil Co., Inc.",Gene Boyer,,,,,,,,8/1/2021 15:41,,,,,,,570-473-3101,17857,PA,Non Client,P.O. Box 315,,,,,,,2567487270
,,GUTTENBERG,,Richard Lenahan Company,Richard Lenahan,,,,,,,,8/1/2021 19:57,,,,,,,,07093-1816,NJ,Non Client,6814 KENNEDY BLVD,,,,,,,2567447727
,,Avondale,,"Richard M. Crossan, Inc.",Richard M. Crossan,,,,11/13/2023 15:02,,,,11/13/2023 15:02,,,,,,,610-268-8548,19311-0156,PA,Non Client,P.O. Box 156,,,,,,,2567525219
,,BROOKLYN,,Richards Fuel Oil Corp,Joseph Turchiano,,,,,,,,7/31/2021 3:51,,,,,,,718-891-8000,11229-5120,NY,Non Client,2121 COYLE ST,,,,,,,2567113118
,,Argyle,,Richards Oil Co,Leon Richards,,,,,,,,7/31/2021 9:19,,,,,,,518-638-8359,12809,NY,Non Client,Mahaffy Rd.,,,,,service manager,,2567552913
,,Pilesgrove,,Richardson's Fuel Supply,Joseph Richardson,,,,,,,,8/3/2021 21:55,,,,,,,(856) 769-3496,8098,NJ,Non Client,1369 Route 40,,,,,,,2567355662
,,Mahanoy Plane,,Rick's Refrigeration & Heating,Joseph R. Recla,,,,,,,,7/30/2021 21:37,,,,,,,570-874-3927,17949,PA,Non Client,516 Main Street,P.O. Box 182,,,,,,2567537407
,,MECHANICSVILLE,,Ridgell Oil Company,Daniel Ridgell,,,,,,,,7/31/2021 16:24,,,,,,,,20659,MD,Non Client,3315 Three Notch Road,,,,,,,2567537427
,,Osterville,,Riedell Oil Co.,Jere Fullerton Sr.,,,,,,,,8/1/2021 18:35,,,,,,,508-428-6365,2655,MA,Non Client,898 Main St,,,,,,,2567534621
,,Hingham,,Riello Brothers,Mark Nelson,,,,6/12/2020 14:17,,,,8/4/2021 6:30,,,,0,2567408000,,508-274-5395,2043,MA,Non Client,35 Pond Road,,,5/5/2020 15:42,,,,2567356038
,,Hingham,,Riello Burners,El Niles,,,,,,,,8/2/2021 3:29,,,,,,,800-992-7637,2043,MA,Non Client,35 Pond Park Road,,,,,,,2567447810
,,Hingham,,Riello Corporation of America,James D'Anthony,,,,,,,,8/3/2021 20:53,,,,,,,781-749-8292,2043,MA,Non Client,35 Pond Park Road,,,,,,,2567533621
,,Hingham,,Riello Corporation of America,Nickolas Gareri,,,,,,,,8/3/2021 4:52,,,,,,,781-749-8292,2043,MA,Non Client,35 Pond Park Road,,,,,,,2567538534
,,Markleysburg,,Ringer Oil of PA,William Herring,,,,,,,,8/2/2021 2:23,,,,,,,724-329-5555,15459,PA,Non Client,P.O. Box 67,,,,,,,2567547299
,,Yarmouth,,Ring's Coal & Oil Company,Jerry Sullivan,,Prospect,,5/4/2020 15:08,,,,8/1/2021 19:33,,,,0,2567547424,,207-846-5503,4096,ME,Non Client,1 Railroad Square,,,4/24/2020 15:10,,,,2567486937
,,Warwick,,Rio Energy Corp,"Albert J. Skaparas, Jr.",,,,,,,,8/4/2021 3:55,,,,,,,508-230-2716,2888,RI,Non Client,837 Post Road - Unit 2,,,,,Marketing Representative,,2567447906
,,Danvers,,Rio Energy Corp.,Bruce Kurman,,,,2/27/2020 14:36,,,,3/31/2022 16:35,,,,,,,978-777-5706,1923,MA,Non Client; Not Prospect,68 Elliott St.,,,2/27/2020 14:36,,,,2567355856
,,PLAINVIEW,,Rite Fuel Corporation,Larry Noone,,,,,,,,8/3/2021 5:29,,,,,,,,11803-1701,NY,Non Client,50 FAIRCHILD CT,,,,,,,2567448085
,,Tiverton,,Rite Oil Co,Ernest Silvia,,,,4/8/2020 13:51,,,,8/4/2021 2:11,,,,0,2567536511,,401-624-9455,2878,RI,Former Hedge Client,102 Main Rd,,,,,,,2567402226
,,Milford,,Rivercliff Fuel,Al Cicarelli,,Acquired,,6/1/2020 13:14,,,,8/4/2021 21:59,,,,,,,203-877-9101,6460,CT,Non Client,92 C Bridgeport Avenue,,,4/24/2020 10:57,,,,2567113013
,,Riverside,,Riverside Fuel,Mark Bogacz,,,,,,,,8/1/2021 16:51,,,,,,,203-637-4644,6878,CT,Non Client,31 Lockwood Lane,,,,,,,2567335843
,,Queensbury,,Riverside Gas & Oil Co.,David Moynehan,,,,,,,,8/4/2021 5:03,,,,,,,(518) 615-0515,12804,NY,Non Client,"333 Aviation Rd., BLDG. A",,,,,,,2567537359
,,Chestertown,,Riverside Gas & Oil Co.,David Moynehan,,,,4/8/2020 14:00,,,,9/14/2022 15:34,,,,0,2567537753,,518-494-2428,12817,NY,Former Hedge Client; Not Prospect,PO Box 136,Knapp Hill Road,,4/8/2020 13:57,,518-744-7777,,2567537714
,,Bronx,,"Rivoli Fuel Oil Co., Inc.",Robert Garofalo,,,,,,,,8/1/2021 8:38,,,,,,,718-295-2944,10461,NY,Non Client,1400 Ferris Place,,,,,,,2567532350
,,Shillington,,Road Runner Mart,Robert Deysher,,,,,,,,8/2/2021 9:01,,,,,,,610-796-8646,19607,PA,Non Client,P.O Box 217,,,,,,,2567487177
,,BREWSTER,,Robani Energy,Robert Pierson,,,,,,,,8/2/2021 8:16,,,,,,,,10509-4628,NY,Non Client,270 STAR RIDGE RD,,,,,,,2567402136
,,Braintree,,Robbie Fuels Inc.,Dick Robbie,,,,4/8/2020 14:01,,,,8/3/2021 20:19,,,,0,2567532213,,781-849-1500,02185-0992,MA,Former Hedge Client,PO BOX 850992,141 Howard Street,,,,,,2567538553
