About Us,CAP/ Budget ,City,Company Domain Name,Company name,Contact,Description,ID/Status,Industry,Last Activity Date,Last Contacted,Last Engagement Date,Last Logged Call Date,Last Modified Date,Lead Status,Merged Company IDs,NOTE WORTHY,Number of child companies,Parent Company,Phone Ext-,Phone Number,Postal Code,State/Region,Status (Relationship),Street Address,Street Address 2,Target Account,Time First Seen,Time Zone,Title,Twitter Handle,Organization Id
,,WILKES BARRE,,Empire Oil Company Inc,Sylvester Kerlavage,,,,,,,,7/31/2021 16:31,,,,,,,,18703-1382,PA,Non Client,PO BOX 1382,,,,,,,2567547581
,,Lebanon,,Enck's Fuel Service,Leroy Enck,,,,,,,,7/31/2021 21:44,,,,,,,717-273-0815,17042,PA,Non Client,1600 King Street,,,,,,,2567545508
,,South Paris,,Encon Oil Company,Daniel Connell,,,,,,,,7/31/2021 17:39,,,,,,,207-743-0842,4281,ME,Non Client,9 Oxford Street,,,,,,,2567408306
,,Bensalem,,"Energy Concepts, Inc.","Ronald C. Musser, Jr.",,,,,,,,8/1/2021 6:39,,,,,,,215-245-3200,19020,PA,Non Client,2136 Bristol Pike,,,,,,,2567547283
,,Pittsfield,,Energy Systems of Maine,Sandra Perkins,,Prospect,,6/5/2020 12:40,,,,3/31/2022 16:25,,,,,,,207-487-5901,4967,ME,Non Client; Not Prospect,PO BOX 273,,,4/24/2020 15:10,,,,2567408308
,,Reading,,"Energy, Inc.",Arlene Weidner,,,,,,,,8/3/2021 22:02,,,,,,,610-372-8441,19611,PA,Non Client,500 Old Wyomissing Road,,,,,,,2567336316
,,Ivoryton,,Enersave Heat & Fuel Co.,Paul Clark,,,,3/31/2020 15:36,,,,8/1/2021 13:46,,,,,,,860-767-2298,6442,CT,Non Client,P. O. Box 616,,,,,,,2567336133
,,Northport,,Engelmann Energy,Peter J. Engelmann,,,,4/20/2020 11:12,,,,6/13/2022 9:35,,,,,,,631-754-2222,11768,NY,Non Client,345 Fort Salonga Rd.,,,4/20/2020 11:12,,Vice President,,2567335862
,,ORADELL,,Engle And Frickle Fuel Oil,Walter Frickle,,,,,,,,8/1/2021 11:36,,,,,,,,07649-1520,NJ,Non Client,444 KINDERKAMACK RD,,,,,,,2567336085
,,CHATHAM,,Engleman-Goodfield Co Inc,Dominick Vecchia,,,,,,,,8/2/2021 4:37,,,,,,,,07928-2727,NJ,Non Client,106 SUMMIT AVE,,,,,,,2567525366
,,Chester Heights,,"Ennis Fuels & Burner Serv., Inc.",Mark Ennis,,AREE 2005,,,,,,6/26/2022 13:45,,,,,,,610-459-2719,19017-0417,PA,Non Client,PO Box 417,,,4/30/2020 15:41,,,,2567336286
,,South Hampton,,"Enstine Fuel, Inc.",Peter Enstine,,,,,,,,7/31/2021 14:56,,,,,,,631-283-0642,11969-1348,NY,Non Client,P.O. Box 1348,,,,,,,2567408412
,,AUDUBON,,E-R Fuel Company Inc,Linda Rupertus,,,,,,,,8/2/2021 6:47,,,,,,,856-547-3753,08106-1238,NJ,Non Client,44 HARVARD RD,,,4/27/2020 13:36,,,,2567402343
,,Warwick,,Erickson Oil Company,Greg Erickson,,,,3/31/2020 15:46,,,,7/31/2021 8:50,,,,,,,401-737-4900,2886,RI,Non Client,887 Greenwich Avenue,,,,,,,2567532464
,,Philadelphia,,Eric's Fuel Oil Corp.,Steven Wright,,,,,,,,7/30/2021 17:53,,,,,,,215-748-5050,19139,PA,Non Client,P.O. Box 9338,,,,,,,2567402479
,,Erie,,"Erie Petroleum, Inc.",Patrick F. Callahan,,,,,,,,8/1/2021 11:07,,,,,,,814-456-7516,16512,PA,Non Client,P.O. Box 6345,,,,,,,2567113255
,,Harrisburg,,"Ernest E. Latsha,  Inc.",Ernest E. Latsha,,,,,,,,8/3/2021 2:57,,,,,,,717-234-6121,17110,PA,Non Client,P.O. Box 5800,,,,,,,2567525138
,,New Fairfield,,Eschner Plumbing & Heating,William Eschner,,,,,,,,7/31/2021 17:24,,,,,,,203-746-4529,06812-3603,CT,Non Client,3 Eldred Road,,,,,,,2567382935
,,HATFIELD,,"Estate Of George S. Snyder,  Inc.",Howard Heckler,,,,,,,,8/2/2021 2:31,,,,,,,,19440-3106,PA,Non Client,1700 HATFIELD VALLEY RD,,,,,,,2567408113
,,Fort Washington,,Euclid Oil Co.,Joseph Pluck,,,,,,,,8/1/2021 7:51,,,,,,,215-638-2727,19034,PA,Non Client,P.O. Box 128,,,,,,,2567447948
,,Gladwyne,,Eugene Bissell,Eugene Bissell,,,,,,,,8/1/2021 8:07,,,,,,,,19035-1304,PA,Non Client,1400 Beaumont Dr,,,,,,,2567453120
,,Summit Hill,,"Evans Coal & Fuel Oil, Inc.",Bill Evans,,,,,,,,8/5/2021 4:11,,,,,,,570-645-5141,18250,PA,Non Client,309 W. Holland Street,,,,,,,2567545308
,,Lebanon,http://www.evansexpressmart.com/,"Evans Group, Inc.",Judy Evans Sleeper,"Evans Expressmart & Motor Fuels operates convenience stores in New Hampshire and Vermont, providing wholesale gasoline and diesel fuel to gasoline station operators, wholesale fleet customers, and farm accounts. They deliver quality gasoline and diesel...",,Oil & Energy,3/31/2020 15:48,,,,2/19/2024 2:10,,,,,,,603-448-3400,3766,NH,Non Client; Not Prospect,P.O. Box 246,,,,America/New_York,,trudyjeanevans,2567355606
,,Highland,,Ever Ready Oil,Fred Palmatier,,,,,,,,7/31/2021 1:08,,,,,,,845-691-3538,12528-2201,NY,Non Client,123 Baileys Gap Rd,,,,,,,2567543591
,,Hackensack,,Ever Ready Oil Inc.,"John Prisendorf, Jr.",,Prospect,,,,,,6/4/2022 10:32,,,,,,,201-343-4400,07601-6732,NJ,Non Client,295 Hudson Street,,,4/27/2020 13:36,,,,2567408103
,,West Paris,,Everett Propane Inc.,Scott Everett,,,,,,,,8/1/2021 15:45,,,,,,,207-674-2222,4289,ME,Non Client,1 Everett Rd,,,,,,,2567408018
,,PITTSBURGH,,Expo Oil Company,Robert L. Helmstadter,,,,,,,,8/2/2021 1:20,,,,,,,,15241-3925,PA,Non Client,2589 BOYCE PLAZA RD,,,,,,,2567336049
,,Export,,"Export Fuel Company, Inc.",Kristen Zawoyski,,,,,,,,8/4/2021 6:34,,,,,,,724-468-4185,15632,PA,Non Client,231 York Lane,,,,,,,2567487210
,,Watertown,,Express Oil Inc,Mr Robert Desiderio,,,,,,,,8/5/2021 1:41,,,,,,,860-274-5560,6795,CT,Non Client,118 Beach Ave,,,,,,,2567407832
,,Bronx,,"F & B Fuel Oil Co., Inc.",Fred Ficaro,,,,,,,,8/3/2021 21:09,,,,,,,718-220-3618,10453-2098,NY,Non Client,2264 Morris Ave.,,,,,,,2567525287
,,ALLSTON,,F & G Mechanical,Timothy Flaherty,,,,,,,,8/3/2021 7:05,,,,,,,,02134-1313,MA,Non Client,8 ERIC RD,,,,,,,2567532199
,,Patchogue,,F & R Fuel Oil Inc.,Nicholas Fuccillo,,,,,,,,8/1/2021 22:05,,,,,,,631-475-4100,11772-3518,NY,Non Client,30-32 Railroad Ave.,,,,,,,2567452865
,,Waterbury,,F & S Oil Company,Richard White,,DOA,,6/5/2020 12:51,,,,3/31/2022 16:41,,,,,,,203-573-9808,6721,CT,Non Client; Not Prospect,P.O. Box 1168,,,4/24/2020 10:57,,,,2567402293
,,Lafargeville,,F K Gailey Company,Michael Collelo,,,,,,,,7/31/2021 1:44,,,,,,,,13656,NY,Non Client,PO Box 137,,,,,,,2567113120
,,Waitsfield,,F. G. White Co. Inc.,Stephen White,,,,,,,,8/5/2021 3:24,,,,,,,802-496-3316,5673,VT,Non Client,P.O. Box 67,24 Route 17,,,,,,2567336062
,,King of Prussia,,F. J. Janoski Petroleum,Frank J. Janoski,,,,11/13/2023 14:56,,,,11/13/2023 14:56,,,,,,,610-279-4030,19406,PA,Non Client; Not Prospect,237 Foulkrod Boulevard,,,,,,,2567447910
,,Springfield,,"F. L. Roberts & Co., Inc.",Steven Roberts,,,,,,,,8/2/2021 18:08,,,,,,,,1102,MA,Non Client,P.O. Box 1964,,,,,,,2567537618
,,Vestal,,F. L. Rounds Inc.,Janice Morgan,,,,,,,,8/1/2021 12:58,,,,,,,607-748-4138,13850-1684,NY,Non Client,133 N. Main Street,,,,,,,2567487492
,,Enola,,F. M. Oppel,Fred Oppel,,,,,,,,8/1/2021 7:27,,,,,,,717-732-1775,17025-2712,PA,Non Client,145 South Enola Drive,,,,,,,2567402415
,,Ashland,,F. M. Popovich & Sons Inc,F.M. Popovich,,,,1/19/2021 11:43,,,,8/4/2021 7:51,,,,0,2567532327,,508-881-1793,1721,MA,Non Client; Not Prospect,96 1/2 Pleasant Street,,,,,,,2567534631
,,Braintree,,F. W. Foley Corp.,Bob Toner,,,,,,,,8/2/2021 2:20,,,,,,,800-339-2211,02184-6783,MA,Non Client,55 Messina Dr.,,,,,,,2567408279
,,SEWARD,,F.R. Burnheimer Inc,Forrest Burnheimer,,,,,,,,7/31/2021 11:07,,,,,,,,15954-0484,PA,Non Client,PO BOX 484,,,,,,,2567537769
,,,,"F.S. Transportation, LLC",Larry Frost,,,,,,,,7/31/2021 11:47,,,,,,,207-257-3271,,,Non Client,,,,,,,,2567532136
,,Long Branch,,FABCO Inc.,Anthony Fabiano,,,,,,,,8/1/2021 22:44,,,,,,,732-571-1004,7740,NJ,Non Client,245 West Avenue,,,4/27/2020 13:36,,,,2567536427
,,Stamford,,Fairco Olympic,William Sabia,,,,,,,,8/5/2021 5:12,,,,,,,203-324-0039,6902,CT,Non Client,855 East Main St.,,,,,,,2567452633
,,Lincoln,,"Fairlawn Oil Service, Inc.",David (Casey) Roberts,,,,4/1/2020 12:29,,,,7/31/2021 14:20,,,,,,,401-725-6300,2865,RI,Non Client,PO BOX 400,935 Smithfield Ave.,,,,,,2567402416
,,Wilmington,,Fairville Products/ Fuel Right,Robert E. Tatnall,,Hope's Leads,,,,,,5/24/2022 14:07,,,,,,,302-425-4400,19805,DE,Non Client,302 Robinson Lane,,,4/30/2020 15:41,,,,2567487014
,,Blakley,,Falcon Propane,Charles Passeri,,,,,,,,8/1/2021 19:00,,,,,,,,18447,PA,Non Client,309 Main Street,,,,,,,2567543913
,,Southold,,Falkowski-Smith P & H Fuels,Jan Falkowski,,,,4/20/2020 11:15,,,,8/5/2021 5:17,,,,,,,631-765-3690,11971,NY,Non Client,49200 Main Road,,,,,,,2567532415
,,Sanford,,Falls Inc./Falls Agway,David Fall,,,,,,,,8/3/2021 21:34,,,,,,,207-324-2419,4073,ME,Non Client,350 Twombley Road,,,,,,,2567335762
,,Norwich,,"Family Discount Oil, Inc.",Vince Sileo,,Prospect,,6/2/2020 12:17,,,,7/31/2021 17:17,,,,,,,860-885-0021,6360,CT,Non Client,12 Erin St.,,,4/24/2020 10:57,,,,2567448014
,,Melrose,,Family Fuel,Joe Sousa,,,,,,,,7/31/2021 0:36,,,,,,,617-662-2287,2176,MA,Non Client,10 Corey Street,,,,,,,2567407862
,,Rockville Centre,,"Family Fuel & Heating Service, Inc.",Robert Pierce,,,,,,,,8/1/2021 12:34,,,,,,,516-678-1227,11570,NY,Non Client,217-A Sunrise Hwy.,,,,,,,2567355677
,,Bridgeport,,Family Oil Co,John,,,,,,,,8/2/2021 21:04,,,,,,,203-374-2326,6606,CT,Non Client,96 Trelane Dr,,,,,,,2567112980
,,Litchfield,,Family Propane,Melissa Loyot,,,,,,,,7/31/2021 23:15,,,,,,,(860) 567-4358,06759-0763,CT,Non Client,PO Box 763,,,,,,,2567486864
,,Telford,,Farm & Home Oil Co.,Daryl Hackman,,,,,,,,8/1/2021 6:22,,,,,,,215-257-0131,18969,PA,Non Client,3115 State Road,,,,,,,2567448115
,,Macungie,,Farm & Home Oil Co.,Quincy Longacre,,,,,,,,8/2/2021 8:29,,,,,,,,18062,PA,Non Client,P.O. Box 146,,,,,,,2567554426
,,FARMINGTON,,Farmington Oil Company,Jim Cantrell,,,,,,,,8/1/2021 15:22,,,,,,,207-778-3331,04938-0510,ME,Non Client,PO BOX 510,275 High Street,,,,,,2567487056
,,Plymouth,,Farrar Fuel & Trucking,Lorraine Farrar,,Prospect,,6/5/2020 13:09,,,,7/31/2021 17:59,,,,,,,207-257-3414,4969,ME,Non Client,PO BOX 159,,,4/24/2020 15:10,,,,2567452794
,,ALBANY,,Farrell Brothers,Randy Rowe,,,,8/6/2020 11:27,,,,8/5/2021 1:44,,,,0,4283491257,,(518) 462-5454,12209-1627,NY,Non Client,300 DELAWARE AVE,,,,,,,2567113168
,,Clinton,,Fast Eddie's Food-n-Fuel,Edward Kosis III,,,,6/17/2020 15:27,,,,4/1/2022 12:00,,,,,,,(724) 695-1883,15026,PA,Non Client; Not Prospect,1424 Route 30,,,,,,,2567408138
,,Woburn,,"Faulkner Brothers, Inc.",Michael Dupuis,,,,4/1/2020 12:37,,,,5/10/2022 14:34,,,,1,,,617-625-8255,1801,MA,Former Hedge Client; Exceptional Relationship; Not Prospect,636 Main St,,,2/20/2020 13:38,,,,2567536385
,,CENTRAL ISLIP,,Faultless Energy,Michelle Moglia,,,,,,,,8/3/2021 1:28,,,,,,,,11722-2707,NY,Non Client,107 BRIGHTSIDE AVE,,,,,,,2567538605
,,Hampton Falls,,Favorite Fuels LLC,John Alkire,,,,,,,,8/5/2021 1:33,,,,,,,(603) 770-2321,3844,NH,Non Client,PO Box 395,,,,,,,2567552793
,,Fawn Grove,,Fawn Grove Service Station,James R. Morris,,,,,,,,8/1/2021 21:36,,,,,,,717-382-4781,17321,PA,Non Client,P.O. Box 219,,,,,,,2567537528
,,Uniontown,,"Fayette Fuel, Inc.","John L. Hankins, Jr.",,,,,,,,8/1/2021 12:13,,,,,,,724-437-7511,15401,PA,Non Client,P.O. Box 486,,,,,,,2567487198
,,Winchester,,Federal Energy Services,Jim Townsend,,,,4/1/2020 12:40,,,,4/1/2022 13:50,,,,0,2583258851,,781-721-2468,1890,MA,Former Hedge Client; Not Prospect,611 Main St. Ste 202,,,,,CEO,,2567534618
,,CAMDEN,,Federal Oil Company,Edmund Renner Jr.,,,,,,,,8/5/2021 0:42,,,,,,,,8009,NJ,Non Client,1435 River Road,,,,,,,2567447852
,,MOUNT VERNON,,Fee Oil Company Inc,James Fee,,,,,,,,7/30/2021 23:44,,,,,,,,10550-5006,NY,Non Client,110 EDISON AVE,,,,,,,2567525445
,,CENTRAL ISLIP,,Ferme Fuel,Joseph Ferme,,,,,,,,7/31/2021 0:22,,,,,,,,11722-2144,NY,Non Client,38 W SUFFOLK AVE,,,,,,,2567537710
,,Brooklyn,,Ferrantino Fuel Corporation,"Rodger Loughlin, Sr.",,,,,,,,7/30/2021 15:48,,,,,,,(718) 832-6700,11215,NY,Non Client,180 9th Street,,,,,,,2567487424
,,N Attleboro,,Ferri Oil Service,Anthony Ferri,,,,,,,,8/3/2021 3:09,,,,,,,508-668-6180,2761,MA,Non Client,PO Box 823,,,,,,,2567453049
,,Ogdensburg,,Ferris Oil,Roger Ferris,,,,,,,,8/2/2021 6:59,,,,,,,315-393-5536,13669,NY,Non Client,1118 County Rt 4,,,,,,,2567336296
,,Presque Isle,https://www.bobsaes.com/,Ferris Oil Company Inc,Robert Ferris,,Out of Business,,6/5/2020 13:12,,,,5/10/2022 14:01,,,,,,,207-769-2931,4769,ME,Non Client,30 Parsons Street,,,4/24/2020 15:10,,,,2567355577
,,Randolph,,Ferriter Oil Co,James Townsend,,,,,,,,8/4/2021 18:36,,,,,,,802-728-3260,5060,VT,Non Client,22 Tatro Hill Rd.,,,,,,,2567525261
,,Stoneham,,Festino Fuel Co. Inc.,Vincent J. Festino,,,,,,,,7/31/2021 17:48,,,,,,,781-438-1542,2180,MA,Non Client,27 Oak St,,,,,,,2567532339
,,Woburn,,FIA Inc.,Andrew Pratt,,,,,,,,8/3/2021 12:34,,,,,,,781-938-8900,1888,MA,Non Client,7 Sixth Road,P.O. Box 2414,,,,,,2567534739
,,Easton,,Field's Oil & Heating Service,Ken Field,,,,,,,,8/1/2021 18:56,,,,,,,610-759-6306,18040,PA,Non Client,5632 Sullivan Trail,,,,,,,2567547294
,,Uniontown,,Fike's Dairy,Giff Williams,,,,,,,,7/31/2021 21:27,,,,,,,800-966-6455,15401,PA,Non Client,47 W. Craig Street,,,,,,,2567335975
,,Portland,,Fill-It-Up-Please Company,Francis Downey,,Prospect,,6/5/2020 13:15,,,,8/2/2021 7:28,,,,,,,207-775-4700,4104,ME,Non Client,PO BOX 703,,,4/24/2020 15:10,,,,2567537268
,,KEARNY,,Finch Fuel Oil Company,Clarence Finch,,,,,,,,8/1/2021 7:12,,,,,,,201-991-2370,07032-4242,NJ,Non Client,648 SCHUYLER AVE,,,,,,,2567538616
,,DANBURY,,Fine Oil & Trucking Company,Mark Patterson,,,,,,,,7/31/2021 15:12,,,,,,,,06810-7668,CT,Non Client,30 OHEHYAHTAH PL,,,,,,,2567538483
,,SMYRNA MILLS,,Fire & Ice,C J Gale,,,,,,,,7/31/2021 11:40,,,,,,,,04780-0154,ME,Non Client,PO BOX 154,,,,,,,2567335756
,,Everett,,First Energy Heating,William Adreani,,,,,,,,8/3/2021 2:16,,,,,,,781-662-4600,2149,MA,Non Client,691 Broadway,,,,,,,2567525111
,,Seymour,,First Oil Co,Robert Williams,,,,6/5/2020 14:52,,,,7/31/2021 16:26,,,,,,,203-734-4574,6483,CT,Non Client,139 Davis Road,,,4/24/2020 10:57,,,,2567534713
,,Windsor,,First Service Petroleum,Fred Smith,,Prospect,,,,,,8/5/2021 1:39,,,,,,,860-667-4025,6095,CT,Non Client,PO Box 200,,,4/24/2020 10:57,,,,2567355405
,,Gouldsboro,,"Fisher Fuel & Service Co.,",Patricia Fisher,,,,,,,,8/2/2021 18:53,,,,,,,570-842-8486,18424,PA,Non Client,"R.R. 1, Box 1516, Route 435",,,,,,,2567336331
,,Fitchburg,,Fitchburg Gas & Electric Light Co.,Cynthia A. Sylvester,,,,2/21/2020 15:10,,,,7/31/2021 22:13,,,,0,3059393891,,617-343-6931,1420,MA,Non Client,P.O. Box 2070,,,2/21/2020 15:12,,Supervisor-Mat. Control,,2567487491
,,Thomaston,,"Five H Co., Inc. dba Creek Hill Services",Mike Hersey,,Prospect,,6/5/2020 14:59,,,,5/30/2022 8:00,,,,,,,207-354-6559,4861,ME,Non Client; Not Prospect,26 New County Road,,,4/24/2020 15:10,,,,2567408348
,,Greensburg,,"Five Points Gas & Go, Inc.",Timothy D. D'Aurora,,,,,,,,7/31/2021 12:15,,,,,,,724-668-0061,15601,PA,Non Client,"R.D. 4, Box 187",,,,,,,2567335976
,,PATCHOGUE,,Flag Oil Company,"Arthur Volkmann, Jr",,,,,,,,8/1/2021 4:32,,,,,,,631-475-2250,11772-0666,NY,Non Client,PO BOX 666,,,,,,,2567408400
,,Waltham,,Flaherty Oil Co,Pat Flaherty,,,,,,,,8/5/2021 1:27,,,,,,,617-696-7300,2154,MA,Non Client,307 River St,,,,,,,2567452971
,,KEW GARDENS,,Flash Fuel Corporation,Gerry Izzo,,,,,,,,8/3/2021 4:37,,,,,,,,11415-2819,NY,Non Client,12901 METROPOLITAN AVE,,,,,,,2567355898
,,Newark,,Fleet Fuel,Robert Edmund,,,,,,,,8/2/2021 0:01,,,,,,,973-491-0037,7114,NJ,Non Client,265 South Street,,,,,,,2567402118
,,PATCHOGUE,,Fleet Fuel,Stanley Green,,,,,,,,5/14/2022 11:04,,,,,,,,11772-4920,NY,Non Client,455 GAZZOLA DR,,,4/27/2020 13:36,,,,2567547449
,,Brattleboro,,Fleming Oil Co,Richard Fleming,,,,,,,,8/3/2021 0:58,,,,,,,802-254-6095,5301,VT,Non Client,1 Putney Rd,,,,,,,2567447958
,,HANCOCK,,Fleming Oil Company,Lee Fleming,,,,,,,,8/5/2021 3:25,,,,,,,301-678-6252,21750,MD,Non Client,109 Rayloc Drive,,,,,,,2567336172
,,WATERFORD,,Fletcher's Fuel Oil,Arthur Fletcher,,,,,,,,7/31/2021 7:43,,,,,,,,06385-2025,CT,Non Client,26 MINER AVE,,,,,,,2567355722
,,Biddeford,,Fleurent Fuel Co.,Tom Fleurent,,,,,,,,8/3/2021 21:33,,,,,,,207-283-9836,4005,ME,Non Client,295 Granite St. Ext,,,,,,,2567453070
,,Exeter,,Flynn's Oil Co.,Mike Flynn,,,,,,,,8/4/2021 20:18,,,,0,2998912850,,(603) 778-1123,03833-2109,NH,Non Client,94 Portsmouth Ave,,,,,,,2567537393
,,RINDGE,,Fogg Energy Inc,Rei Fogg,,,,,,,,8/2/2021 5:06,,,,,,,,3461,NH,Non Client,Foggs Corner,,,,,,,2567335803
,,New Haven,,Forbes Premium Fuel,Thomas Hennessey,,,,,,,,8/4/2021 0:57,,,,,,,203-468-2777,6512,CT,Non Client,401 Forbes Avenue,,,,,,,2567552905
,,TRENTON,,Force Ten Heating,Gene Lauro,,,,,,,,8/1/2021 19:18,,,,,,,,08650-1168,NJ,Non Client,PO BOX 9168,,,,,,,2567543577
,,Torrington,,Formaggioni Oil Company,James Meehan,,,,,,,,8/2/2021 0:56,,,,,,,860-489-3128,6790,CT,Non Client,17 Migeon Avenue,,,,,,,2567543647
,,Waltham,,"Formal Oil Co., Inc.",Mark Douglas,,MOC Retail Members,,5/6/2020 12:09,,,,5/26/2022 6:20,,,,,,,781-894-2799,2454,MA,Non Client,PO BOX 1165,,,5/5/2020 15:42,,,,2567408052
,,MOUNT HOLLY,,Fort & Hargrove,Arthur Brooks,,,,,,,,7/31/2021 2:05,,,,,,,609-267-4555,08060-0250,NJ,Non Client,PO BOX 250,,,,,,,2567536594
,,Commack,,Fort Hill Fuel Oil Co.,Keith Miranda,,,,4/20/2020 11:24,,,,4/22/2022 15:11,,,,,,,631-543-5445,11725,NY,Non Client,P.O. Box 324,,,4/20/2020 11:24,,,,2567536477
,,Bronx,,Fort Schuyuler Fuel Co.,Vincent Decicco,,,,,,,,8/2/2021 19:11,,,,,,,718-823-6138,10461-2436,NY,Non Client,2593 A Street Raymond Ave.,,,,,,,2567537424
,,Somersworth,,Fortier & Son Inc.,Robert Fortier,,,,11/5/2020 14:14,,,,7/31/2021 17:21,,,,0,2567538651,,603-692-3595,3878,NH,Non Client; Not Prospect,216 Green St.,,,,,,,2567547605
,,BUCKSPORT,,Fortin & Jewett Oil Company,Jim McCoy,,,,,,,,8/3/2021 10:01,,,,,,,207-469-3143,04416-1215,ME,Non Client,465 Upper Main Steet,P.O. Drawer 0,,,,,,2567487050
,,Sparta,,Fossil Fuel Oil,Colleen Harrington,,,,,,,,7/30/2021 20:37,,,,,,,(973) 366-9111,7871,NJ,Non Client,4 Lakeview Road,,,,,,,2567335959
,,BRIDGTON,,Foster-Russel Oil Company,Charles Barton,,Prospect,,6/5/2020 15:00,,,,3/31/2022 16:41,,,,,,,207-647-2882,4009,ME,Non Client; Not Prospect,Portland Road,,,4/24/2020 15:10,,,,2567543675
,,MONTPELIER,,Foti Fuels Inc.,Vini Sassone,,,,,,,,8/2/2021 1:15,,,,,,,802-223-3817,05601-0542,VT,Non Client,PO BOX 542,E Montpelier Rd,,,,,,2567356021
,,RIVERDALE,,Four Seasons Oil Company,Charles McMahon,,,,,,,,8/2/2021 23:49,,,,,,,,07457-0049,NJ,Non Client,PO BOX 49,,,,,,,2567487123
,,Honesdale,,"Fowler Oil Co., Inc.",Dale D. Fowler,,Prospect,,,,,,8/2/2021 7:01,,,,,,,570-253-2686,18431-0271,PA,Non Client,1831 Fair Avenue,P.O. Box 271,,4/30/2020 15:41,,,,2567525466
,,PATERSON,,Fox Brothers Fuel Oil Company,Nelson Romary,,,,,,,,8/2/2021 2:11,,,,,,,,07543-0500,NJ,Non Client,PO BOX 500,,,,,,,2567547434
,,ESSEX,,Fox Hill Heating,Keith Muise,,,,,,,,8/1/2021 14:53,,,,,,,978-768-6435,01929-1104,MA,Non Client,63 WOOD DR,,,,,,,2567547392
,,BEAVER MEADOWS,,Frame Oil Inc,Rich Baran,,,,,,,,8/2/2021 18:14,,,,,,,570-454-3523,18216-0188,PA,Non Client,PO BOX 188,,,,,,,2567532505
,,Wareham,,Franconia Fuel Co. Inc.,Bridgette Connolly,,MOC Retail Members,,6/5/2020 15:13,,,,7/31/2021 9:40,,,,,,,508-295-0039,2571,MA,Non Client,379 Main St.,,,5/5/2020 15:42,,,,2567448035
,,Littleton,,Franconia Gas,"Ken MacKay,Jr.",,,,,,,,8/3/2021 21:04,,,,,,,(603) 444-5217,3561,NH,Non Client,1012 Meadow St.,,,,,,,2567545427
,,Farmington,,Frank A. Cadwell Corp.,Frank Cadwell III,,formerhdg,,4/1/2020 13:59,,,,7/31/2021 19:10,,,,,,,860-677-1944,6032,CT,Former Hedge Client,78 Garden St.,,,4/24/2020 10:57,,,,2567113011
,,Provincetown,,Frank A. Days & Sons Inc.,Christopher Enos,,,,,,,,8/1/2021 5:36,,,,,,,508-487-0041,2657,MA,Non Client,9 Shank Painter Road,,,,,,,2567113091
,,Nesquehoning,,Frank Arieta Plumbing,Joseph F. Arieta,,,,4/6/2020 8:00,,,,9/14/2022 15:17,,,,0,2567402117,,570-669-9341,18240-1228,PA,Former Hedge Client; Not Prospect,2 W. Willow Lane,,,,,,,2567487453
,,Mount Holly,,Frank D. Smith & Sons Inc.,Frank Smith,,,,,,,,5/3/2022 14:37,,,,,,,609-267-0130,8060,NJ,Non Client,P.O. Box 248,1522 East Route 38,,4/27/2020 13:36,,,,2567453080
,,Cairo,,Frank Fabrizio Fuel Co.,Vincent Dorio,,,,,,,,7/31/2021 21:21,,,,,,,518-622-9512,12413,NY,Non Client,Main Street,Route 3,,,,,,2567525378
,,Bloomfield,,Frank Mondisini & Son,"Frank Mondsini, Jr.",,,,,,,,8/1/2021 0:18,,,,,,,,7003,NJ,Non Client,28 Stone Street,,,,,,,2567536467
,,Hudson,,Frank Rabusic,Frank Rabusic,,,,,,,,8/3/2021 3:55,,,,,,,(800) 709-2949,3051,NH,Non Client,14 Linden Street,,,,,Energy Executive,,2567543565
,,OCEANSIDE,,Franklin Petroleum Products Co.,Tommy Ortmuller,,,,,,,,8/1/2021 7:53,,,,,,,516-766-0758,11572,NY,Non Client,PO BOX 207,3362 Long Beach Road,,,,,,2567402174
,,Downsville,,Fran's Fuel Service,Sharon Barnes,,,,,,,,7/30/2021 20:45,,,,,,,607-383-2314,13755,NY,Non Client,Tannery Rd,,,,,,,2567335928
,,Waterboro,,Frasier Oil,Pat Frasier,,,,,,,,8/4/2021 23:42,,,,,,,207-793-4744,4087,ME,Non Client,P.O. Box 496,,,,,,,2567408302
,,Braintree,,Frazier Oil Co.,Tom McDonnell,,,,4/1/2020 14:17,,,,8/1/2021 23:20,,,,,,,781-848-3448,2184,MA,Former Hedge Client,17 Stetson St,,,4/1/2020 14:16,,,,2567543757
,,RED BANK,,Fred D Wikoff Company,Steven Wikoff,,,,,,,,8/2/2021 5:48,,,,,,,732-747-0552,07701-0040,NJ,Non Client,PO BOX D,,,,,,,2567525177
,,Hudson,,Fred Fuller Oil Co.,Fred Fuller,,,,,,,,7/31/2021 4:28,,,,,,,603-889-0407,3051,NH,Non Client,12 Tracy Lane,,,,,General Manager,,2567552887
,,ELMER,,Fred Harz & Son Inc,Fred Harz Jr,,,,,,,,5/24/2022 5:07,,,,,,,856-358-8128,08318-1030,NJ,Non Client,PO BOX 1030,US Highway 40,,4/27/2020 13:36,,,,2567402404
,,BLACKWOOD,,Freddie's Oil Service Inc,Pasquale Ciarrocchi,,,,,,,,8/3/2021 4:48,,,,,,,,08012-3046,NJ,Non Client,300 N BLACK HORSE PIKE,,,,,,,2567543681
,,Uniontown,,Freedom Fuel Service,"Frank Rhodes, Jr.",,,,,,,,8/1/2021 0:42,,,,,,,724-437-6922,15401-1421,PA,Non Client,P.O. Box 1421,,,,,,,2567448099
,,Saratoga Sprongs,,Freeman & Shea Co. Inc,William Wardell,,,,,,,,7/31/2021 15:18,,,,,,,518-584-2880,12866,NY,Non Client,61-63 Lawrence Street,,,,,,,2567402521
,,YORK BEACH,,Freeman Oil Service Inc,Maxine Frost,,Prospect,,,,,,5/24/2022 15:37,,,,,,,207-363-3773,3910,ME,Non Client,P.O. Box 396 Route 1A,,,4/24/2020 15:10,,,,2567336077
,,,,Frenze Petroleum,Bob Frenze,,,,,,,,8/3/2021 0:20,,,,,,,724-658-5557,,PA,Non Client,,,,,,,,2567537798
,,Hammondsport,,Frey & Cambell,D.  Pedersen,,,,,,,,8/2/2021 5:30,,,,,,,607-569-2288,14840-0219,NY,Non Client,87 Lake Street,,,,,,,2567525099
,,Bethlehem,,Freyman's Fuel Oil Company,Frank Papovich,,,,,,,,8/2/2021 18:47,,,,,,,,18017-6624,PA,Non Client,1226 Stefko Blvd,,,,,,,2567402194
,,UNION CITY,,Frezzo Oil Service Inc,Jules Frezzo,,,,,,,,7/30/2021 20:35,,,,,,,,07087-0431,NJ,Non Client,PO BOX 431,,,,,,,2567402408
,,Bethlehem,,"Fritch, Inc.",Anthony J. Mauser,,,,,,,,8/5/2021 3:26,,,,,,,610-691-1212,18016-1037,PA,Non Client,P.O. Box 1037,,,,,,,2567487156
,,NORRISTOWN,,Fuel & Go Inc,Richard Cianciulli,,,,,,,,8/3/2021 13:02,,,,,,,610-275-7609,19401-4105,PA,Non Client,903 E MAIN ST,,,,,,,2567113207
,,REVERE,,Fuel 2000,Greg Delgado,,,,,,,,7/31/2021 13:19,,,,,,,,02151-4224,MA,Non Client,8 SUMMER ST,,,,,,,2567355450
,,Greenland,,Fuel Express,Dennis Hayward,,,,,,,,7/30/2021 18:45,,,,,,,603-431-1011,3840,NH,Non Client,1660 Greenland Rd,,,,,,,2567447717
,,Medford,,Fuel Products of Long Island,Rocco Logozzo,,,,,,,,7/31/2021 21:14,,,,,,,631-758-0496,11763,NY,Non Client,930 Old Medford Ave.,,,,,,,2567543597
,,Harrisburg,,Fulkrod Fuel Oil,John Fulkrod,,,,11/13/2023 15:16,,,,11/13/2023 15:16,,,,,,,717-652-0504,17112,PA,Non Client,7540 Linglestown Rd.,,,,,,,2567536530
,,Quincy,,"Furnace Brook Heating Co., Inc.",Chris White,,,,,,,,8/2/2021 5:55,,,,0,2567486885,,617-479-6900,2169,MA,Non Client,159 Brook Road,,,,,,,2567407988
,,Hartford,,Fusco Oil Co.,Dominic Fusco,,Prospect,,,,,,7/30/2021 20:37,,,,,,,860-249-7537,6114,CT,Non Client,91 Franklin Ave.,,,4/24/2020 10:57,,,,2567543713
