About Us,CAP/ Budget ,City,Company Domain Name,Company name,Contact,Description,ID/Status,Industry,Last Activity Date,Last Contacted,Last Engagement Date,Last Logged Call Date,Last Modified Date,Lead Status,Merged Company IDs,NOTE WORTHY,Number of child companies,Parent Company,Phone Ext-,Phone Number,Postal Code,State/Region,Status (Relationship),Street Address,Street Address 2,Target Account,Time First Seen,Time Zone,Title,Twitter Handle,Organization Id
,,Duncansville,,Metzler Bros. Tank Truck &,Joseph Pyzowski,,,,,,,,8/4/2021 21:26,,,,,,,814-695-9239,16635,PA,Non Client,PO BOX 265,,,,,,,2567525139
,,Oyster Bay,,Micco Fuel Co. Inc.,Peter Linden,,,,,,,,7/31/2021 2:36,,,,,,,516-922-5525,11771,NY,Non Client,PO BOX 30,55 Pine Hollow Road,,,,,,2567543490
,,Ridgewood,,"Michaels Fuel Oil Co., Inc.",Michael Bubolo,,,,,,,,8/3/2021 19:30,,,,,,,718-821-9235,11385,NY,Non Client,18-15 Gates Avenue,,,,,,,2567402157
,,Cheshire,,Michael's Greenhouses,Michael Arisco,,,,,,,,8/2/2021 22:49,,,,,,,(203) 272-4680,6410,CT,Non Client,300 South Meriden Rd,,,,,,,2567537290
,,Middleburg,,Middleburg Oil Co.,Emmit Kreamer,,,,,,,,8/2/2021 20:47,,,,,,,717-837-5774,17842,PA,Non Client,P. O. Box 88,,,,,,,2567447996
,,Portland,,Middlesex Oil Service,Jennifer Reinsch,,,,,,,,8/4/2021 0:28,,,,,,,(860) 342-1672,6480,CT,Non Client,652 Glastonbury Turnpike PO Box 291,,,,,,,2567355955
,,Middletown,,Middletown Ice & Coal Co.,Fred C.  Owens,,,,,,,,7/31/2021 2:42,,,,,,,717-944-7411,17057-0175,PA,Non Client,P. O. Box 175,,,,,,,2567525485
,,Salisbury,,Mid-Eastern Oil Co.,Darrell DeShields,,,,,,,,8/3/2021 21:37,,,,,,,410-749-4212,21804,MD,Non Client,810 Eastern Shore Drive,,,,,,,2567447859
,,Marshalls Creek,,"Mid-Monroe Petroleum, Inc.","W. Peter Ahnert, Jr.",,,,,,,,7/31/2021 3:30,,,,,,,570-223-0900,18335,PA,Non Client,P.O. Box 1158,,,,,,,2567447997
,,Boothbay,,Midnight Oil Company,Casey Pratt,,,,,,,,7/31/2021 7:38,,,,,,,207-633-6272,4537,ME,Non Client,P.O. Box 120,,,,,,,2567447681
,,Newcastle,,Midnight Oil Company,Thomas Myetter,,,,,,,,7/31/2021 19:15,,,,,,,(207) 563-7188,4553,ME,Non Client,PO Box 448,,,,,,,2567532396
,,Middletown,,Midtown Oil,Ed Silvia,,,,,,,,8/3/2021 21:14,,,,,,,401-847-7125,2842,RI,Non Client,275 Oliphant Lane,,,,,,,2567543872
,,DICKSON CITY,,Mid-Valley Fuel Sales,Thomas Costanzo,,,,,,,,8/4/2021 2:17,,,,,,,,18519-1317,PA,Non Client,1332 MAIN ST,,,,,,,2567547477
,,New Windsor,,"Mid-Valley Oil Company, Inc.",Edward Cuccurullo,,,,,,,,7/31/2021 0:57,,,,,,,914-561-4019,12553,NY,Non Client,P.O. Box 4092,,,,,,,2567447874
,,Neptune,,Midway Ice & Fuel,Daniel DeSeno,,,,,,,,8/3/2021 20:22,,,,,,,732-774-2679,7753,NJ,Non Client,"1400 Highway 35, South",,,4/27/2020 13:36,,,,2567402113
,,THOROFARE,,Mike Miller's Fuel Company,Mike Miller,,,,,,,,8/2/2021 0:02,,,,,,,,8086,NJ,Non Client,248 C Roosevelt Ct,,,,,,,2567336363
,,Atkinson,https://mikemurphyandsons.com/,"Mike Murphy & Sons, Inc.",Mike Murphy,Murphy Oil is a full-service oil company that provides oil delivery in southern NH and offers service and maintenance to oil customers. They have been serving customers since 1985 and offer auto delivery for monitoring oil levels. They also have experi...,Prospect,Oil & Energy,,,,,2/14/2024 17:38,,,,,,,603-362-4879,3811,NH,Non Client,50 Summitt Drive,PO BOX 152,,4/29/2020 11:28,America/New_York,,,2567554339
,,Stowe,,Mike Raymond & Sons,Mike Raymond Sr,,,,,,,,7/31/2021 18:20,,,,,,,(610) 326-2049,19464,PA,Non Client,688 Sylvan Drive,,,,,Owner,,2567452952
,,Benton,,Mike's Oil Service,Mike LeClair,,No Interest,,6/9/2020 17:01,,,,8/4/2021 5:28,,,,,,,207-453-4534,4901,ME,Non Client,664 Bangor Road,,,4/24/2020 15:10,,,,2567543465
,,East Petersburg,,"Miller & Hartman, Inc.","John H. Brown, III",,,,,,,,8/4/2021 21:58,,,,,,,717-397-8261,17520-0068,PA,Non Client,P.O. Box 68,,,,,,,2567547291
,,Airville,,Miller's Fuel Supply,David C. Miller,,,,,,,,8/4/2021 3:21,,,,,,,717-862-3839,17302,PA,Non Client,P.O. Box 355,,,,,,,2567543696
,,Holden,,Miller's General Store,Paul Miller,,Prospect,,,,,,7/30/2021 18:43,,,,,,,207-843-5895,04429-7138,ME,Non Client,729 Main Road,,,4/24/2020 15:10,,,,2567113055
,,Schuylkill Haven,,Miller's Plumbing & Heating Inc,Ralph Miller,,,,,,,,8/2/2021 22:22,,,,,,,717-695-3134,17972-0120,PA,Non Client,P. O. Box 120,,,,,,,2567487475
,,Valatie,,Miller-Wilkins Inc.,Russ Beck,,,,,,,,8/2/2021 4:16,,,,,,,518-758-9431,12184,NY,Non Client,New Street,,,,,,,2567537471
,,STRATFORD,,Milo Oil,Lawrence Miller,,,,,,,,7/31/2021 18:19,,,,,,,203-377-0028,6614,CT,Non Client,60 Peace Acre Lane,,,,,,,2567355816
,,Tremont,,Miners Oil Company,Jeffrey Parker,,,,,,,,7/31/2021 3:19,,,,,,,570-695-3172,17981,PA,Non Client,P.O. Box 86,,,,,,,2567408418
,,Moriah,,Mineville Oil Co.,Jim Winters,,,,,,,,8/1/2021 7:42,,,,,,,518-546-7615,12960,NY,Non Client,P.O. Box 325,,,,,President,,2567537288
,,Levittown,,"Miranda Fuel Oil Company, Inc.",Josephine Miranda,,,,,,,,7/31/2021 10:34,,,,,,,516-520-5558,11756,NY,Non Client,14 Wantagh Avenue,,,,,,,2567452863
,,Pottstown,,Mitchell Lumber & Fuel Oil,Joe Mitchell,,,,,,,,8/3/2021 3:48,,,,,,,,18640,PA,Non Client,17 Gravity St.,,,,,,,2567537517
,,RONKONKOMA,,MNS Fuel Corp,Michael Walsh,,,,,,,,7/31/2021 12:10,,,,,,,(631) 467-4013,11779,NY,Non Client,2154 POND RD,,,,,,,2567335887
,,Chester,,"Mohawk Oil Company, Inc.",Mark Salisbury,,,,5/22/2020 10:31,,,,7/31/2021 21:51,,,,,,,908-879-6105,7930,NJ,Non Client,One West Main Street,,,4/27/2020 13:36,,,,2567113123
,,MARCY,,Mohawk Valley Oil,Charles J. Bullard,,,,,,,,8/4/2021 21:34,,,,,,,,13403-0400,NY,Non Client,PO BOX A,,,,,,,2567112955
,,Newport,,Mohler Oil Service,Ralph Mohler,,,,,,,,8/2/2021 1:25,,,,,,,717-567-3131,17074,PA,Non Client,P. O. Box 127,,,,,,,2567487484
,,New Paltz,,Mohonk Oil Co.,Dave Davenport,,,,,,,,7/31/2021 8:59,,,,,,,845-255-7779,12561-0995,NY,Non Client,PO Box 995,,,,,,,2567336261
,,Collingswood,,Mohrfeld Inc.,Frank May,,,,,,,,8/4/2021 23:36,,,,,,,,8108,NJ,Non Client,24 Lees Avenue,,,,,,,2567552855
,,McKeesport,,Mon Valley Petroleum,Donald E. Bowers,,,,5/20/2020 13:48,,,,8/1/2021 12:05,,,,,,,412-751-5210,15135,PA,Non Client,5515 W. Smithfield Street,,,4/30/2020 15:41,,,,2567547480
,,Keene,,Monadnock Fuel Co,Jim Rymes,,,,,,,,7/31/2021 4:43,,,,,,,603-357-4321,3431,NH,Non Client,561 Main St,,,,,,,2567532534
,,Pittsburgh,,"Monarch Oil Company, Inc.",Harry Zionts,,,,,,,,7/31/2021 22:26,,,,,,,412-661-1300,15206-0600,PA,Non Client,P.O. Box 4600,,,,,,,2567536493
,,WILLIAMSTOWN,,Monroe Oil Company,William Huber,,,,,,,,8/1/2021 12:34,,,,,,,,08094-8829,NJ,Non Client,709 CLAYTON RD,,,,,,,2567547335
,,Philmont,,Montague Coal & Oil Co.,David Carl,,,,,,,,7/31/2021 8:47,,,,,,,518-672-4084,12565,NY,Non Client,11 Lower Ark Street,P. O. Box M,,,,,,2567402047
,,New York,,Montebello Coal & Fuel Oil,Frank Ottomanelli,,,,,,,,8/4/2021 19:24,,,,,,,212-744-7440,10028,NY,Non Client,424 East 81 Street,,,,,,,2567447849
,,New York,,Montebello Coal & Fuel Oil,Frank Ottomanelli,,,,,,,,8/1/2021 4:30,,,,,,,212-744-7455,10028,NY,Non Client,424 East 81 Street,,,,,,,2567336281
,,Providence,,Montella Oil Co,Dennis Montella,,,,,,,,7/31/2021 15:39,,,,,,,401-861-4107,2908,RI,Non Client,242 Admiral St,,,,,,,2567525429
,,Amesbury,,Monte's Heating,Jerome Mondalto,,,,3/3/2020 10:29,,,,8/1/2021 13:54,,,,,,,,01913-3714,MA,Non Client,25 Kendrick's Ct,,,,,,,2567487082
,,SAINT GEORGE,,Montgomery Oil Co,Russell Montgomery,,,,8/10/2023 15:01,,,,8/10/2023 15:01,,,,,5295189157,,,04857-9710,ME,Non Client; Not Prospect,HC 61 BOX 1031,,,,,,,2567547566
,,DANVILLE,,Montour County Oil Company,William Yagle,,,,,,,,8/1/2021 17:00,,,,,,,570-275-4555,17821,PA,Non Client,114 Middle Street,,,,,,,2567335958
,,MONTOURSVILLE,,Montour Oil Service,Steve Sleboda,,,,,,,,8/4/2021 3:23,,,,,,,,17754-2202,PA,Non Client,112 BROAD ST,,,,,,,2567355939
,,Montoursville,,Montour Oil Service Company,Barry Thomas,,,,,,,,8/1/2021 6:43,,,,,,,570-368-8611,17754,PA,Non Client,P.O. Box 128,,,,,,,2567487146
,,Harrisburg,,Montour Oil Service Company,R. Michael Steinbacher,,,,,,,,8/2/2021 9:14,,,,,,,800-338-7580,17111,PA,Non Client,P.O. Box 4235,,,,,,,2567552842
,,WELLFLEET,,Mooney Fuel & Grain Co Inc,George M Mooney,,,,,,,,8/1/2021 10:29,,,,,,,508-349-3723,02667-1444,MA,Non Client,PO BOX 1444,,,,,,,2567534769
,,Falls Creek,,Moore Propane LLC,Linda Moore,,,,,,,,8/1/2021 16:35,,,,,,,,15840-4206,PA,Non Client,100 Main St,,,,,,,2567113101
,,Pennsauken,,Moore's Heating Inc.,Jim Moore,,,,,,,,8/4/2021 18:39,,,,,,,856-662-7444,8109,NJ,Non Client,3459 Norwood Avenue,,,,,Owner,,2567547483
,,Amherst,,"MooreStore, The",Robert Kennedy,,,,,,,,7/31/2021 11:36,,,,,,,800-280-4520,14228,NY,Non Client,"30 Hazelwood Drive, Suite 100",,,,,,,2567355789
,,Sea Cliff,,Moorsom Consulting Group LLC,Phil Essex,,,,,,,,7/30/2021 19:46,,,,,,,(516) 277-2998,11579,NY,Non Client,7 Littleworth Lane,,,,,,,2567545302
,,GUILFORD,,Moosehead Home Heat,Dennis Hodgdon,,,,,,,,8/2/2021 2:16,,,,,,,,04443-9616,ME,Non Client,RR 2 BOX 135,,,,,,,2567532397
,,Farmingdale,,Morania Oil Of Long Island,Chris Westad,,,,,,,,8/5/2021 2:33,,,,,,,(516) 679-2000,11735,NY,Non Client,1750 new highway,suite 1,,,,,,2567537440
,,Hegins,,Morgan Oil Inc.,Lee Morgan,,,,,,,,8/5/2021 4:26,,,,,,,570-682-9978,17938-9429,PA,Non Client,1137 E. Main Street,,,,,,,2567452951
,,Amsterdam,,Morini Coal & Oil Inc.,Lawrence Morini,,,,,,,,8/1/2021 9:52,,,,,,,518-842-6950,12010,NY,Non Client,5626 State Highway 30S,,,,,,,2567525433
,,Westbrook,,Moroni & Sons,Matthew Moroni,,,,8/6/2020 12:34,,,,8/1/2021 11:13,,,,,,,(860) 388-2298,6498,CT,Non Client,447 Spencer Plains Rd,,,,,,,2567355384
,,Glastonbury,,Morrissey Consulting LLC,T. Michael Morrissey,,,,,,,,7/31/2021 9:07,,,,,,,(860) 633-8781,6033,CT,Non Client,332 Strickland St.,,,,,,,2567355413
,,Morrisville,,"Morrisville Oil Co., Inc.",John R. Christ,,,,,,,,8/2/2021 21:08,,,,,,,215-295-7083,19067,PA,Non Client,111 E. Philadelphia Avenue,,,,,,,2567525255
,,EAST STROUDSBURG,,Mountain Fuels,Bill Miller,,,,,,,,8/2/2021 21:10,,,,,,,570-421-3460,18301-4772,PA,Non Client,PO BOX 1472,,,,,,,2567543613
,,Altoona,,"Mountain Research, Inc.",James P. Rea,,,,,,,,8/3/2021 4:40,,,,,,,800-837-4674,16601,PA,Non Client,825 25th Street,,,,,,,2567336218
,,Lynnfield,,"Mountain View Fuel Co., Inc",Ron Horwood,,,,2/28/2020 11:59,,,,6/20/2022 23:01,,,,,,,617-245-2555,1940,MA,Non Client,P.O. Box 669,,,2/28/2020 12:01,,,,2567537396
,,Wilton,,"Mt. Blue Oil, LLC",Andrew Berry,,,,,,,,8/1/2021 9:43,,,,,,,(207) 778-4340,4294,ME,Non Client,912 US Route 2E,,,,,,,2567537421
,,Mt. Pleasant Mills,,"Mt. Pleasant Oil Co., Inc.","Guy N. Kratzer, Jr.",,,,,,,,8/4/2021 4:43,,,,,,,877-943-0470,17853,PA,Non Client,"R.R. 1, Box 338",,,,,,,2567355938
,,Watertown,https://munhallfuel.com/,Munhall Fuel Co,Michael Manzelli,"Home Heating Oil | Heating Services | Munhall Energy Munhall Energy is a full service home heating oil provider serving Greater Boston with competitively priced oil, heating equipment, and excellent customer service. At Munhall Energy, your home comfor...",Prospect,Retail,8/17/2020 14:53,,,,2/21/2024 17:17,,,,0,3840609250,,617-924-4000,2472,MA,Non Client; Not Prospect,40 Summer St,,,5/5/2020 15:42,America/New_York,,,2567335865
,,Severna Park,,Murphy's Oil,Jim Murphy,,,,,,,,8/2/2021 21:54,,,,,,,410-360-6400,21146,MD,Non Client,P.O. Box 1409,,,,,,,2567112919
,,E. Patchogue,,Murray & Quarltiere Fuel Oil,April Murray,,,,4/20/2020 14:44,,,,8/5/2021 1:57,,,,,,,631-286-9169,11772,NY,Non Client,1484 Montauk Hwy.,,,,,,,2567113251
,,DENNIS PORT,,Murray's Fuel Oil Service Inc,Donald Burke,,,,,,,,8/2/2021 1:39,,,,,,,508-394-7248,2639,MA,Non Client,577 Main Street,,,,,,,2567112917
,,East Falmouth,,"Murray's Fuel Oil Service, Inc.",Robert Smith,,Prospect,,,,,,5/30/2022 17:14,,,,,,,800-822-6400,02536-0428,MA,Non Client,PO BOX 428,,,5/5/2020 15:42,,,,2567407852
,,Lincolndale,,"Murtha & Irons, Inc.",Bill Merger,,,,,,,,8/3/2021 3:20,,,,,,,914-664-9600,10540,NY,Non Client,P.O. Box 208,,,,,,,2567554442
,,Wolcott,,Musco Fuel & Heating,Randy Petroniro,,,,11/23/2020 13:49,,,,8/3/2021 18:33,,,,0,2567525064,,203-879-8803,6716,CT,Non Client; Not Prospect,585 Wolcott rd,,,,,,,2567536179
,,Columbia,,"Musser Supply, Inc.",John K. Musser,,,,,,,,8/3/2021 4:29,,,,,,,717-684-2243,17512-0390,PA,Non Client,P.O. Box 390,,,,,,,2567408365
,,CLARKSBURG,,Mustang Oil,John Macron,,,,,,,,8/1/2021 23:04,,,,,,,,08510-0266,NJ,Non Client,PO BOX 266,,,,,,,2567545456
,,Danbury,,Mutual Fuel Corporation,Norman Buzaid,,,,,,,,8/2/2021 1:53,,,,,,,203-743-6321,6810,CT,Non Client,125 South St,P.O. Box 6,,,,,,2567538493
,,Brockton,,"Mutual Oil Company, Inc.",Natalie Shaney,,,,,,,,8/2/2021 20:16,,,,,,,214-884-2660,2303,MA,Non Client,PO Box 250,863 Crescent Street,,,,V.P.,,2567536224
,,Massena,,MX Petroleum Corporation,John Baird,,,,,,,,8/5/2021 2:28,,,,,,,315-769-9500,13662,NY,Non Client,84 Center Street,PO BOX 638,,,,,,2567545448
,,REVERE,,Myers Brothers Oil Inc,Michael P. Myers,,,,,,,,8/1/2021 22:55,,,,,,,,02151-5349,MA,Non Client,144 BROADWAY,,,,,,,2567486890
,,WESTBURY,,Myers Fuel Oil Co,Emil Gacovino,,,,,,,,8/2/2021 21:05,,,,,,,,11590-3925,NY,Non Client,1008 PROSPECT AVE,,,,,,,2567487487
,,Bristol,,Mystique Oil LLC,Jamie La Forge,,,,,,,,8/3/2021 21:30,,,,,,,(860) 585-8710,6010,CT,Non Client,37 Twinning St,,,,,,,2567112876
,,Newport,,"Nadeau's Fuels, Inc.",Ken LaPlume,,,,,,,,8/3/2021 6:22,,,,,,,(802) 334-8288,5855,VT,Non Client,5086 US Route 5,,,,,,,2567547304
,,Wakefield,,Nardone Oil,Peter Nardone,,,,,,,,7/31/2021 4:32,,,,,,,(781) 245-2031,1880,MA,Non Client,47 Farm St.,,,,,,,2567113041
,,Boston,,Nardozzi LLC,John H. Nardozzi,,,,,,,,8/2/2021 19:54,,,,,,,617-487-4752,2137,MA,Non Client,34 Southwest Park,PO Box 191,,,,,,2567452973
,,PRINCETON,,Nassau Oil Company,Robin Ciesielski,,,,,,,,8/5/2021 1:29,,,,,,,,08542-0604,NJ,Non Client,PO BOX 604,,,,,,,2567537417
,,NEWARK,,National Fuel Oil Company,Mary Ann Ayars,,,,,,,,5/28/2022 2:42,,,,,,,973-621-8866,07103-4009,NJ,Non Client,175 ORANGE ST,,,4/27/2020 13:36,,President,,2567355779
,,Avon,,"Natural Fuel Corp., Inc.",John Simonelli,,,,,,,,8/1/2021 21:49,,,,,,,508-588-5729,2322,MA,Non Client,31 Memorial Dr.,,,,,,,2567452688
,,POCONO PINES,,Naughton Energy,Mariette Naughton,,,,,,,,8/2/2021 6:06,,,,,,,,18350-0709,PA,Non Client,PO BOX 709,,,,,,,2567408154
,,New York,,Navigators,Christopher Piazza,,,,,,,,8/3/2021 20:20,,,,,,,(212) 913-4263,10119,NY,Non Client,One Penn Plaza,,,,,Vice President,,2567448090
,,Hudson,,"NE Rapid Data Solutions, LLC",Scott Levesque,,,,,,,,7/30/2021 18:27,,,,,,,(617) 528-9975,3051,NH,Non Client,130A Greeley St,,,,,,,2567552751
,,Hudson,,"NE Rapid Data Solutions, LLC",Scott Levesque,,,,,,,,8/1/2021 4:50,,,,,,,(617) 528-9975,3051,NH,Non Client,130A Greeley St,,,,,,,2567408045
,,Hudson,,"NE Rapid Data Solutions, LLC",Scott Levesque,,,,,,,,8/5/2021 5:19,,,,,,,,3051,NH,Non Client,130A Greeley St,,,,,,,2567534838
,,Hudson,,"NE Rapid Data Solutions, LLC",Scott Levesque,,,,,,,,8/5/2021 1:47,,,,,,,(617) 528-9975,3051,,Non Client,130A Greeley St,,,,,,,2567408252
,,Hudson,,"NE Rapid Data Solutions, LLC",Scott Levesque,,,,,,,,7/31/2021 18:30,,,,,,,(617) 528-9975,3051,,Non Client,130A Greeley St,,,,,,,2567407807
,,Hudson,,"NE Rapid Data Solutions, LLC",Scott Levesque,,,,,,,,8/1/2021 22:22,,,,,,,(617) 528-9975,3051,,Non Client,130A Greeley St,,,,,,,2567335668
,,Hyannis,,"NELSCO, Inc","P. Gordon Nelson, Jr.",,MOC Retail Members,,6/10/2021 11:41,,,,4/21/2022 7:54,,,,,,,508-775-1190,2601,MA,Non Client,180 Iyanough Rd,,,5/5/2020 15:42,,,,2567407864
,,Palermo,,Nelson Fuel,Troy Nelson,,,,4/6/2020 13:42,,,,8/2/2021 20:08,,,,,,,207-993-2177,4354,ME,Non Client,350 US Rt. 3,,,,,,,2567113108
,,BROOKLYN,,New Utrecht Fuel Oil Co,Paul & Frank DeMarco,,,,,,,,8/4/2021 22:41,,,,,,,718-435-5103,11219-1097,NY,Non Client,978 39TH ST,,,,,,,2567402446
,,Albany,,Newcomb's Fuel Oil Service,David Newcomb,,,,,,,,7/31/2021 9:54,,,,,,,518-438-0083,12206,NY,Non Client,723 3rd Street,,,,,,,2567355507
,,Elizabethtown,,Newcomer Oil Corp,Leonard Zvorsky,,,,6/2/2020 13:08,,,,8/1/2021 5:09,,,,,,,717-367-1138,17022,PA,Non Client,P.O. Box 329,,,4/30/2020 15:41,,,,2567554450
,,Brooklyn,,Newell Fuel LLC,John Bartosiewicz,,,,,,,,8/5/2021 2:52,,,,,,,718-383-1133,11222,NY,Non Client,49 Newell Street,,,,,,,2567336192
,,Philadelphia,,"NewEnergy, Inc.",David M. Kessler,,,,,,,,8/4/2021 0:23,,,,,,,215-563-9290,19102,PA,Non Client,"1500 JFK Boulevard, Suite 1040",,,,,,,2567538623
,,Newfane,,"Newfane Fuel, Inc.",Gregory Housel,,,,,,,,7/31/2021 4:46,,,,,,,716-778-8562,14108-1092,NY,Non Client,2677 Maple Ave.,,,,,,,2567112968
,,Middleton,,Newport County Propane,David Sherman,,,,,,,,7/31/2021 13:57,,,,,,,401-847-6878,2842,RI,Non Client,50 Underwood Lane,,,,,,,2567537713
,,Middletown,,Newport County Propane,Peter Sherman,,,,,,,,7/31/2021 22:52,,,,,,,,02842-4850,RI,Non Client,50 Underwood Ln,,,,,,,2567537726
,,TIVERTON,,Newport Energy,Phillip Driscoll,,,,,,,,8/3/2021 4:40,,,,,,,401-849-9644,02878-0283,RI,Non Client,PO BOX 283,,,,,,,2567552831
,,PEPPERELL,,Newton & Newton Heating & A/C,Robert Newton,,,,,,,,7/31/2021 22:44,,,,,,,,01463-1217,MA,Non Client,1 MASON ST,,,,,,,2567355607
,,Macedon,,"Nichols Gas & Oil, Inc",Wayne Nichols,,,,4/6/2020 14:05,,,,7/31/2021 5:59,,,,0,2583258851,,315-986-3100,14502,NY,Non Client,PO BOX 616,,,,,,,2567525457
,,Niverville,,Niverville Energy Corp.,Richard Stiffler,,,,,,,,8/4/2021 20:19,,,,,,,518-758-1356,12130,NY,Non Client,P. O. Box 372,,,,,,,2567355908
,,Worcester,,"Noar's Enterprises, Inc.",Dennis O'Leary,,,,,,,,8/1/2021 6:36,,,,,,,(508) 791-3220,1604,MA,Non Client,38 Albany Street,,,,,President,,2567547399
,,Worcester,,Noar's Oil Co.,Dennis O'Leary,,,,,,,,8/1/2021 9:10,,,,,,,508-791-3228,1604,MA,Non Client,38 Albany Street,,,,,,,2567532382
,,Manchester,,Norige Oil,Jeff Morin,,Prospect,,,,,,6/11/2022 12:06,,,,0,2567534566,,860-568-5180,6042,CT,Non Client,409 New State Road,,,4/24/2020 10:57,,,,2567402039
,,BREWER,,Norman E Whitney Inc,Cindy Jackson,,,,,,,,7/30/2021 14:40,,,,,,,,04412-0638,ME,Non Client,PO BOX 638,,,,,,,2567534641
,,Bronx,,North Atlantic Energy Inc.,"Robert Venuti, Jr.",,,,,,,,8/1/2021 7:02,,,,,,,718-991-2106,10474,NY,Non Client,1150 Randall Avenue,,,,,,,2567552731
,,NORTH ATTLEBORO,,North Attleboro Oil Company,Mike Matros,,,,,,,,8/1/2021 23:30,,,,,,,508-699-4944,02761-0367,MA,Non Client,PO BOX 367,,,,,,,2567536347
,,Skowhegan,,North Avenue Petroleum,Chris Carbone,,,,4/6/2020 14:09,,,,7/31/2021 23:54,,,,,,,207-474-5803,4976,ME,Non Client,162 North Avenue,,,,,,,2567452821
,,Averill Park,,North East Fuels,William R. Lobdell,,,,,,,,8/2/2021 4:40,,,,,,,518-766-5030,12018,NY,Non Client,1817  NY 43,,,,,President,,2567402270
,,Shelter Island Heights,,North Ferry Company,Bridgforn Hunt,,,,,,,,3/15/2024 15:08,,,,,,,(631) 749-0139,11965-0589,NY,Non Client; Not Prospect,P.O. Box 589,12 Summerfield PI,,,,General Manager,,2567525461
,,Glenside,,North Hills Fuel Oil,J. Ely,,,,,,,,7/31/2021 4:22,,,,,,,215-884-0950,19038,PA,Non Client,2920 Mt. Carmel Ave.,,,,,,,2567408153
,,St. James,,"North Shore Fuel Oil, Inc.","Robert Burger, Jr",,,,,,,,8/1/2021 5:39,,,,,,,(631) 724-7154,11780,NY,Non Client,421 North Country Road,,,,,,,2567537426
,,West Monroe,,"North Shore Oil Company, Inc.",Harold Pratt,,,,4/20/2020 14:47,,,,8/1/2021 23:26,,,,0,2567452766,,315-676-4431,13167-9707,NY,Non Client,2634 State Route 49,,,,,,,2567402142
,,Floral Park,,"North Star Fuel, Inc.",Raymond Hanney,,,,,,,,7/31/2021 2:14,,,,,,,516-358-4100,11002,NY,Non Client,PO Box 158,,,,,,,2567543553
,,Ogunquit,,North Village Fuel,Jane Stevens,,,,5/4/2020 14:33,,,,8/1/2021 18:59,,,,,,,207-646-4039,03907-1566,ME,Non Client,329 North Village Road,,,,,,,2567525156
,,Tatamy,,Northampton Farm Bureau,Richard Bickert,,,,,,,,8/1/2021 16:38,,,,,,,610-258-2871,18085,PA,Non Client,300 Bushkill Street,P.O. Box 400,,,,,,2567408363
,,Northampton,,"Northampton Oil & Heating, Inc.",Scott E. Marakovits,,,,,,,,7/30/2021 21:25,,,,,,,(610) 262-9000,18067,PA,Non Client,PO Box 217,,,,,,,2567113164
,,Averill Park,,Northeast Fuels,William Lobdell,,,,,,,,7/31/2021 9:26,,,,,,,(518) 766-5030,12018,NY,Non Client,1817 NY 43,,,,,,,2567487261
,,Danielson,,Northeast Oil & Propane,Daryl Scott,,,,9/29/2020 14:24,,,,8/3/2021 2:21,,,,0,2567525321,,860-779-5933,6239,CT,Non Client,P.O. Box 264,,,,,,,2567113009
,,Jamaica Plain,,Northeast Petroleum Sevice & Supply,Michael Sullivan,,,,,,,,8/4/2021 5:19,,,,,,,617-522-8390,2130,MA,Non Client,37 Brookley Road,,,,,Sales Rep.,,2567335920
,,Beverly,,"Northeast Petroleum, Div. of Cargill",James Flaherty,,,,3/16/2020 13:32,,,,4/1/2022 11:42,,,,,,,508-524-1564,1915,MA,Non Client; Not Prospect,72 Cherry Hill Drive,,,,,Sales Manager,,2567113043
,,Fairport,,"Northeast Sales Associates, inc.",Michael Tousignant,,,,,,,,7/31/2021 3:49,,,,,,,585-223-5982,14450-1551,NY,Non Client,515 Packetts Landing,,,,,,,2567537462
,,Trenton,,Northeast Service &,Jon-Michael Gendron,,,,,,,,3/15/2024 14:41,,,,,,,609-989-0196,8611,NJ,Non Client; Not Prospect,1463 Lamberton Road,,,,,,,2567453223
,,PITTSTON,,"Northeast Technologies, Inc.","Joseph Wruble, Jr.",,,,,,,,8/5/2021 2:39,,,,,,,,18640-3537,PA,Non Client,345 LAUREL ST,,,,,,,2567552792
,,Jamaica Plain,,Northeastern Petroleum Service,Jerry Mello,,,,,,,,8/2/2021 1:33,,,,,,,(617) 522-8390,2130,MA,Non Client,37 Brookley Road,,,,,,,2567536341
,,St. Johnsbury,,Northern Petroleum Co,Curt Utton,,,,,,,,8/3/2021 1:30,,,,,,,800-222-9276,5819,VT,Non Client,38 Bay St,P. O. Box 540,,,,General Manager,,2567408176
,,,,Northern Sierra Propane Inc,Edward Rogers,,,,,,,,7/30/2021 23:23,,,,,,,(530) 477-7854,,,Non Client,,,,,,,,2567536199
,,Greenwich,,Northfield Fuel Corp.,Clay,,,,4/6/2020 14:11,,,,8/4/2021 0:13,,,,1,2567448021,,203-629-3835,6830,CT,Exceptional Relationship,PO BOX 7797,21 Northfield Street,,,,,,2567112941
,,Milford,,Northland Services Inc.,Brett Parke,,,,,,,,8/3/2021 2:44,,,,,,,207-827-4837,4461,ME,Non Client,29 Champion Lane,,,,,,,2567486921
,,PHILLIPSBURG,,Norton Oil Company,Larry Woodbridge,,,,,,,,7/31/2021 8:24,,,,,,,,08865-2629,NJ,Non Client,540 MARSHALL ST,,,,,,,2567453102
,,Newark,,Norton Petroleum Corp.,Barry A. Norton,,,,,,,,7/31/2021 20:18,,,,,,,302-731-8220,19711,DE,Non Client,290 Possum Park Road,,,,,,,2567533610
,,Norwich,,"Norwich Oil Co., Inc.",Vincent Mirabito,,,,,,,,8/2/2021 18:45,,,,,,,607-334-3433,13815,NY,Non Client,65 Mitchell Street,,,,,,,2567547501
,,Norwood,,Norwood Bottled Gas,Stephen Gaetani,,,,,,,,7/31/2021 20:15,,,,,,,781-762-2330,2062,MA,Non Client,305 Providence Hwy,,,,,,,2567532354
,,Norwood,,Norwood Energy,Joe Eosco,,,,,,,,8/1/2021 16:19,,,,,,,781-762-1910,2062,MA,Non Client,1008 Washington St,,,,,,,2567452758
,,Worcester,https://nouriaenergy.com/,"Nouria Energy Heating Oil, Inc.",Dennis Dillon,"nouria, your one stop shop for fuel, food, & more | nouria energy nouria official website. Get information on food menu, local gas prices, locations & more Delighting our guests in New England since 1989. Awarded Chain of the Year 2022 by CStore Decisi...",,Oil & Energy,,,,,2/22/2024 13:21,,,,1,,,(508) 762-3700,1606,MA,Non Client,326 Clark St.,,,,America/New_York,,NouriaEnergy,2567537223
,,Glendale,https://nulite-ny.com/,"Nulite Fuel Co., Inc.",Daniel Vessio,"Since 1939, Nulite has been the authority on comprehensive home comfort. Serving Brooklyn, Queens and Manhattan with complete heating and plumbing services, we are dedicated to providing our Customers with the finest comfort possible. Our technicians are fully licensed to service and install oil heating, gas heating and hot water making equipment. We are also the industry's top specialists in servicing high pressure boilers as well as dual equipment (equipment that can use oil or gas). Located in Glendale, NY, we've been a family owned and operated company since our inception, and we pride ourselves on the strong relationships we have built with our valued Customers.",,Construction,4/20/2020 14:49,,,,2/1/2024 21:07,,,,,,,718-459-1223,11385-5468,NY,Non Client,87-25 Myrtle Ave.,,,4/20/2020 14:50,America/New_York,,,2567487009
,,Nutley,,Nutley Heating & Cooling,Tom Caiola,,,,,,,,8/2/2021 19:11,,,,,,,,7110,NJ,Non Client,156 Chestnut Street,,,,,,,2567447876
,,Bloomingdale,,Nutley Supply,John Polyzow,,,,,,,,8/3/2021 19:00,,,,,,,,7407,NJ,Non Client,14 First Street,,,,,,,2567355889
,,Middletown,,Nutmeg Oil Company,Adrienne Miazga,,Prospect,,6/11/2020 13:59,,,,7/31/2021 18:17,,,,,,,860-345-8816,6457,CT,Non Client,120 North Main St.,,,4/24/2020 10:57,,,,2567538628
,,Brooklyn,,Nu-Way Fuel Oil Burners,Carol & Donald Barkin,,,,,,,,7/30/2021 18:41,,,,,,,718-855-3900,11238,NY,Non Client,1045 Atlantic Avenue,,,,,,,2567453091
,,Middle Island,,Oakcrest Fuel Oil Co.,Glenn Helmett,,,,,,,,8/5/2021 3:43,,,,,,,516-924-3881,11953-1721,NY,Non Client,36 Half Mile Road,,,,,,,2567402414
,,Sunbury,,Oakes Oil Co.,Terry Oakes,,,,,,,,8/1/2021 16:19,,,,,,,717-286-5875,17801,PA,Non Client,P. O. Box 53,,,,,,,2567402277
