About Us,CAP/ Budget ,City,Company Domain Name,Company name,Contact,Description,ID/Status,Industry,Last Activity Date,Last Contacted,Last Engagement Date,Last Logged Call Date,Last Modified Date,Lead Status,Merged Company IDs,NOTE WORTHY,Number of child companies,Parent Company,Phone Ext-,Phone Number,Postal Code,State/Region,Status (Relationship),Street Address,Street Address 2,Target Account,Time First Seen,Time Zone,Title,Twitter Handle,Organization Id
,,Hanover,,Blackwell Energy Corporation,Dennis Blackwell,,,,,,,,4/2/2024 15:40,,,,,,,(888) 427-1075,2339,MA,Non Client,184 Myrtle St.,,,,,,,2567536581
,,Peru,,Blaisdell's Variety,James Blaisdell,,,,,,,,8/1/2021 15:16,,,,,,,207-562-7331,4290,ME,Non Client,RR 1 Box 140,Main Street,,,,,,2567355472
,,Washington DC,,"Blank Rome, LLP",Jeanne Grasso,,,,,,,,8/3/2021 0:17,,,,,,,(202) 772-5927,20037,DC,Non Client,600 New Hampshire Ave.,NW,,,,Partner,,2567402519
,,Pine Bush,,Blanket Oil,Ken Hadam,,,,,,,,8/4/2021 6:27,,,,,,,(845) 744-8770,12566,NY,Non Client,P.O. Box 1020,,,,,Product Distrubution,,2567408366
,,Furlong,,Blaze Oil Inc,Robert S. McIlvaine,,,,,,,,8/1/2021 21:02,,,,,,,215-794-0144,18925-0206,PA,Non Client,PO BOX 206,,,,,,,2567355796
,,Dover Plains,,Bleakley Fuel LLC,Robert Bleakley,,,,,,,,8/3/2021 18:48,,,,,,,845-877-3334,12522,NY,Non Client,55 Sherman Hill Road,,,,,,,2567534773
,,Bloomfield,,Bloomfield Fuel Oil Co Inc,Kenneth Gostyla,,prospect,,,,,,7/31/2021 12:39,,,,,,,860-242-1644,6002,CT,Non Client,37 R. Tunxis Ave,P.O. Box 314,,4/24/2020 10:57,,,,2567335694
,,Warren,,"Blount Boats, Inc.",Marcia Blount,,,,,,,,7/31/2021 16:46,,,,,,,(401) 245-8300,2885,RI,Non Client,461 Water St.,,,,,President,,2567537585
,,Lincoln,,Blue Hen,Charlie Harding,,,,,,,,7/31/2021 14:54,,,,,,,302-422-2383,19960,DE,Non Client,7360 Marshall Street,,,,,,,2567537797
,,Bridgehampton,,Blue Light Energy,Robert Schiavoni,,,,,,,,8/3/2021 7:54,,,,,,,,11932-3053,NY,Non Client,PO Box 3053,,,,,,,2567408327
,,Bethel,,"Blue Mountain Oil, Inc.",Dennis W. Fabich,,,,,,,,8/4/2021 23:56,,,,,,,717-933-4901,19507,PA,Non Client,5836 Four Point Road,,,,,,,2567452938
,,Nutley,,Blue Ribbon Fuel Corp.,Sal D Olivo,,PROSPECT,,,,,,8/1/2021 17:09,,,,,,,973-667-7988,07110-3405,NJ,Non Client,59 Nicola Place,,,4/27/2020 13:36,,Vice President,,2567336084
,,WILMINGTON,,Blue Ribbon Petroleum Company Inc,Cheryl Kehnast,,,,,,,,8/3/2021 19:10,,,,,,,,19808-3211,DE,Non Client,207 HARRISON AVE,,,,,,,2567407975
,,Baltimore,,Blue Ridge Fuel Corporation,Linda Mae Cooper,,,,,,,,8/3/2021 20:12,,,,,,,,21216-4109,MD,Non Client,1400 MORELAND AVE,,,,,,,2567452689
,,FREDERICK,,Blue Ridge Oil Company,Ed Higinbotham,,,,,,,,7/30/2021 19:26,,,,,,,,21701-3239,MD,Non Client,8038B Liberty Road,,,,,,,2567487041
,,Cranston,,Blue Sky Natural Gas & Petro,Leslie Mathews,,,,,,,,3/15/2024 15:02,,,,,,,401-944-4328,2920,RI,Non Client; Not Prospect,855 Dyer Ave,,,,,,,2567487448
,,Blossvale,,Bluebar Oil,Dave Link,,,,,,,,8/4/2021 19:52,,,,,,,315-245-4328,13308,NY,Non Client,PO BOX 24,,,,,President,,2567487151
,,Doylestown,,Blythe Petroleum Products Inc.,Jon Barrie Blythe,,,,,,,,7/31/2021 12:34,,,,,,,215-345-1090,18901-2611,PA,Non Client,400 Almshouse Road,,,,,,,2567536423
,,Jeannette,,Bob DeLozier Service Station,Bob DeLozier,,,,,,,,8/1/2021 17:09,,,,,,,724-523-2633,15644,PA,Non Client,715 Arlington Avenue,,,,,,,2567547351
,,Waterville,,Bob Plourde's Plumbing & Heating,Roland Hughes,,,,,,,,8/2/2021 1:58,,,,,,,207-873-3698,04903-0295,ME,Non Client,43 Elm Street,,,,,,,2567335936
,,Tiverton,,Bob's Fuel Supply,Robert Helger,,,,,,,,7/31/2021 9:33,,,,,,,401-624-3065,2878,RI,Non Client,2388 Main Rd,,,,,,,2567447946
,,HAGERSTOWN,,Bock Oil Co. Of Maryland,Frank Bock,,,,,,,,8/1/2021 17:24,,,,,,,,21741-1416,MD,Non Client,PO BOX 1416,,,,,,,2567545422
,,BLUE RIDGE SUMMIT,,Bock Oil Company,Joseph Bock,,,,,,,,8/5/2021 5:10,,,,,,,717-794-2118,17214-0416,PA,Non Client,PO BOX 416,13345 Monterey Ln,,,,,,2567355948
,,TRENTON,,Bodine Oil Inc,Richard D Bodine,,,,,,,,8/3/2021 16:55,,,,,,,,08638-6389,NJ,Non Client,PO BOX 55389,,,,,,,2567525414
,,RIDGEFIELD,,Boehringer Ingelheim,John Finlay,,,,,,,,8/5/2021 3:56,,,,,,,,06877-0368,CT,Non Client,PO BOX 368,,,,,,,2567538620
,,Elizabeth,,"Bogus Oil, Inc.",Bernard J. Bogus,,Prospect,,,,,,8/1/2021 23:54,,,,,,,908-352-3957,07202-1202,NJ,Non Client,330 W. Grand St.,,,4/27/2020 13:36,,,,2567408060
,,MT LAKES,,Boiler King,John Mela,,,,,,,,7/30/2021 22:37,,,,,,,,7046,NJ,Non Client,355 Route 46,,,,,,,2567487341
,,Coraopolis,,Bolea Oil,Richard L. Bolea,,,,,,,,7/31/2021 6:25,,,,,,,412-264-1130,15108-1661,PA,Non Client,1209 Fourth Avenue,,,,,,,2567547411
,,Altoona,,"Bolger Brothers, Inc.",Vernon Weaver,,,,,,,,7/30/2021 20:28,,,,,,,800-944-4059,16601,PA,Non Client,R.R 5 Box 2438,,,,,,,2567402460
,,Brooklyn,,Bolla Oil Corp,Pal Pingile,,,,,,,,8/2/2021 7:33,,,,,,17,(516) 512-6550,,NY,Non Client,,,,,,,,2567525197
,,Centerbrook,,Bombaci Fuel Company,Joseph Bombaci,,,,,,,,7/30/2021 21:23,,,,,,,860-767-8379,6409,CT,Non Client,P.O. Box 215,,,,,,,2567382924
,,New Britain,,Bond Oil Company,Dave Rutkowski,,Prospect,,6/4/2020 11:18,,,,5/29/2022 21:35,,,,,,,860-223-2237,6051,CT,Non Client,63 Broad St.,,,4/24/2020 10:57,,,,2567401854
,,PARAMUS,,Bonded Oil Company,Donald Grey,,,,,,,,8/3/2021 4:43,,,,,,,(888) 453-5350,07652-2307,NJ,Non Client,16 W RIDGEWOOD AVE,,,,,,,2567448072
,,Newfield,,"Bondy Oil, Inc.",Gina Cerrato,,,,,,,,8/5/2021 3:14,,,,,,,(856) 697-4777,8344,NJ,Non Client,31 West Blvd.,,,,,President,,2567407899
,,ROME,,Bor Fuel Oil Incorporated,David Spoon,,,,,,,,7/31/2021 21:23,,,,,,,,13440-9405,NY,Non Client,RR 4 BOX 21,,,,,,,2567355568
,,Upper Darby,,Borden Van Alen Inc,Fred Borden,,,,,,,,8/3/2021 7:31,,,,,,,610-543-4592,19082,PA,Non Client,8301 Lansdowne Ave,,,,,,,2567336097
,,Schenectady,,Borst Oil & Tire Center,David Borst,,,,,,,,7/31/2021 6:16,,,,,,,518-355-8302,12306,NY,Non Client,3361 Thompson St.,,,,,,,2567408117
,,Dravosburg,,"Boswell Oil Company, The",Gary F. Lopus,,,,,,,,8/1/2021 20:39,,,,,,,412-466-4100,15034,PA,Non Client,P.O. Box 253,,,,,,,2567336099
,,Dallas,,"Bowman Petroleum Co., Inc.",Jay P. Niskey,,,,,,,,8/1/2021 8:56,,,,,,,570-675-2367,18612-1211,PA,Non Client,17 Woodcliff Drive,,,4/30/2020 15:41,,,,2567532441
,,BLOOMSBURG,,Boyer Oil Service,Wayne Boyer,,,,,,,,8/1/2021 10:35,,,,,,,,17815-3025,PA,Non Client,1311 OLD BERWICK RD,,,,,,,2567402168
,,Quakertown,,"Boyle's Heating & Cooling, Inc.",Rochelle Boyle,,,,,,,,7/31/2021 23:13,,,,,,,215-536-9235,18951,PA,Non Client,1432 S. W. End Blvd.,,,,,,,2567355921
,,BELFAST,,Boynton Oil Co Inc,John Boynton,,Acquired,,6/4/2020 11:20,,,,8/2/2021 9:07,,,,,,,207-338-2307,04915-9530,ME,Non Client,RR 3 BOX 663,36 Crocker Road,,4/24/2020 15:10,,,,2567547464
,,Towson,,BPAmoco Corporation,James R. Gagnon,,,,,,,,8/2/2021 3:35,,,,,,,610-873-4679,21204,MD,Non Client,"1 West Pennsylvania Avenue, Suite 400",,,,,,,2567402259
,,BREWER,,Bradstreet Fuel Company,Reginald Sherburne,,,,,,,,7/31/2021 3:20,,,,,,,207-989-6922,04412-3130,ME,Non Client,PO BOX 3130,600 Wilson Street,,,,,,2567355925
,,Millinocket,,Bragdon Energy Co.,Leslie Bragon,,,,,,,,8/3/2021 22:15,,,,,,,207-723-4297,4462,ME,Non Client,222 Highland Avenue,,,,,,,2567355773
,,DOLGEVILLE,,Brandow Oil,Christle Brandow,,,,,,,,7/31/2021 6:21,,,,,,,,13329-1829,NY,Non Client,7244 STATE HIGHWAY 29,,,,,,,2567452877
,,WATERTOWN,,Brass City Fuel Inc,Joanne Desiderio,,,,,,,,8/1/2021 13:29,,,,,,,860-274-1751,06795-0327,CT,Non Client,PO BOX 327,,,,,,,2567537529
,,NEW ROCHELLE,,Bravo Jones Fuels Inc,Lou Capossela,,,,,,,,8/3/2021 22:08,,,,,,,,10805,NY,Non Client,34 Evens Street,,,,,,,2567537727
,,Portland,,Breggy Oil Service,John Breggia,,formerhdg,,5/21/2020 11:07,,,,8/1/2021 6:01,,,,0,2567538651,,207-772-4631,4104,ME,Non Client,PO Box 1018,84 Congress Street,,4/24/2020 15:10,,,,2567537643
,,North Providence,,"Brennan Oil & Heating Co., Inc.",Dennis R. Brennan,,,,3/27/2020 13:23,,,,8/5/2021 2:10,,,,0,2567487154,,401-353-4210,2911,RI,Non Client,9 Tag Drive,,,3/27/2020 13:24,,President,,2567356031
,,Candia,,Brewer Fuel Company,Gerald Brewer,,,,,,,,8/2/2021 0:26,,,,,,,603-483-2372,3034,NH,Non Client,247 Main St.,,,,,,,2567545387
,,Hyannis,,Briggs & Heino Plumbing & Heating Co.,Bob McGovern,,,,,,,,8/2/2021 19:35,,,,,,,508-778-0816,2601,MA,Non Client,1047 Falmouth Road,,,,,,,2567112912
,,Bristol,,"Bristol Fuel Company, Inc.",Angelo Quattrocchi/Steve Cordisco,,,,,,,,8/1/2021 18:58,,,,,,,215-788-3377,19007,PA,Non Client,529 Bath Street,,,,,,,2567534810
,,Bristol,,Bristol Oil Co,Robert Osceola,,,,,,,,8/1/2021 14:15,,,,,,,401-253-8936,2809,RI,Non Client,65 Burton St,,,,,,,2567532466
,,Bristol,,Bristol Oil Heating Company,John Sims,,,,,,,,7/31/2021 3:16,,,,,,,,6010,CT,Non Client,P.O. Box 757,,,,,,,2567525249
,,Langhorne,,Bristol Tank & Welding,Daniel L. Marseglia,,,,,,,,7/31/2021 8:03,,,,,,,215-752-9556,19047,PA,Non Client,P.O. Box 505,,,,,,,2567534881
,,Port Ewen,,Britt & Graff Oil,Ray Navara,,,,,,,,7/31/2021 23:57,,,,,,,845-331-1685,12466,NY,Non Client,201 Broadway,,,,,,,2567537470
,,MARMORA,,Broadley's Inc.,Gam Broadley,,,,,,,,8/1/2021 7:53,,,,,,,,08223-1412,NJ,Non Client,115 ROOSEVELT BLVD,,,,,,,2567537449
,,South Portland,,Broadway Industries Corp,Ronald F Blanchard,,,,,,,,8/1/2021 9:42,,,,,,,207-774-7707,4106,ME,Non Client,2066 W Broadway,,,,,,,2567554362
,,FRAMINGHAM,,Bronzetti Heating Company,Leo Bronzetti,,,,,,,,8/4/2021 5:05,,,,,,,,01702-6867,MA,Non Client,96 FAY RD,,,,,,,2567355449
,,BRONX,,Brook Fuel Oil Corp,John Knief,,,,,,,,7/31/2021 2:55,,,,,,,718-597-7500,10462,NY,Non Client,"1066 Zerega Ave., Fl 2",,,,,,,2567408137
,,SMITHTOWN,,Brookhaven Utilities,Peter Micciche,,,,,,,,8/2/2021 21:10,,,,,,,,11787-3410,NY,Non Client,89 HARVARD AVE,,,,,,,2567452896
,,Wellsboro,,Brooks Petroleum Contracting,David L. Brooks,,,,5/20/2020 10:35,,,,8/4/2021 0:23,,,,,,,570-724-5677,16901,PA,Non Client,P.O. Box 756,,,4/30/2020 15:41,,,,2567552804
,,Harleysville,,Brothers Fuel Services inc,Steven Kulp,,,,,,,,7/31/2021 16:31,,,,,,,215-234-9905,19438,PA,Non Client,P.O. Box 245,,,,,,,2567536549
,,Dalton,,Brown Oil Company,Glen Fillio,,,,,,,,8/3/2021 19:04,,,,,,,413-684-0078,1226,MA,Non Client,33 Daly Avenue,,,,,,,2567335840
,,BAYONNE,,Brown Oil Company,Frank Lamparello,,,,,,,,8/1/2021 18:16,,,,,,,,07002-4042,NJ,Non Client,746 AVENUE E,,,,,,,2567487118
,,Greenville,,Brownie's Oil Co.,Daniel J. Brown,,,,,,,,8/1/2021 17:06,,,,,,,724-588-8800,16125,PA,Non Client,P.O. Box 312,,,,,,,2567336010
,,Carmel,,Brown's Cash Fuel,Jimmi Brown,,prospect,,,,,,8/4/2021 1:33,,,,,,,207-848-4988,,ME,Non Client,,,,4/24/2020 15:10,,,,2567552741
,,Staten Island,,Brown's Fuel Service,Jeffrey Palmese,,,,,,,,7/31/2021 7:30,,,,,,,718-442-8800,10314,NY,Non Client,9 Somers Lane,,,,,,,2567408119
,,Needham,,Brown's Oil & Air,Vincent Brown,,MOC Retail Members,,5/6/2020 10:28,,,,7/31/2021 17:25,,,,0,3840609250,,781-444-1789,2494,MA,Non Client,242 Hillside Ave,,,5/5/2020 15:42,,,,2567335848
,,Schenectady,,Brownsey Oil,Peter Brownsey,,,,,,,,8/2/2021 22:26,,,,,,,518-785-9141,12369,NY,Non Client,4001 Old River Rd.,,,,,,,2567487462
,,Parkesburg,,"BRT, Inc.",Harold K. Mast,,,,,,,,8/1/2021 12:14,,,,,,,610-857-9216,19365,PA,Non Client,813 N. Octorara Trail,,,,,,,2567336267
,,Cooperstown,https://www.brucehallhomecenter.com/,Bruce Hall Corp.,Greg Hall,"Bruce Hall Home Center is a multifaceted organization that has been providing the highest level of customer service since 1921. They offer a diversified selection of top quality lumber, building materials, lawn and garden supplies, and animal feed. In ...",,Retail,,,,,2/14/2024 14:36,,,,,,,607-547-9961,13326-1112,NY,Non Client,206 Main Street,,,4/17/2020 15:19,America/New_York,,BruceHallCorp,2567402133
,,Pasadena,,Brumwell's Fuel Service Inc,Glenn Brumwell,,,,,,,,8/4/2021 18:16,,,,,,,410-255-4600,21122,MD,Non Client,3915 Mountain Road,,,,,,,2567408212
,,HAMMONTON,,Bruno Oil Inc,Charles B Bruno,,,,,,,,8/2/2021 18:45,,,,,,,,08037-1307,NJ,Non Client,516 12TH ST,,,,,,,2567487081
,,MILLTOWN,,Brunswick Fuel Oil Corporation,Peter Fallia,,,,,,,,8/1/2021 20:25,,,,,,,,08850-1297,NJ,Non Client,87 WASHINGTON AVE,,,,,,,2567537705
,,MANSFIELD,,Bucharar's Heating A/C & Refrig Co,Scott Bucharar,,,,,,,,8/1/2021 12:19,,,,,,,,02048-2005,MA,Non Client,338 GILBERT ST,,,,,,,2567407990
,,Guilford,,Buchta Oil Service,Don Buchta,,,,,,,,8/5/2021 2:33,,,,,,,203-453-2240,6437,CT,Non Client,196 Church St,,,,,,,2567408151
,,Bridgeport,,Buckley Energy,Dennis McCarthy,,,,,,,,7/31/2021 15:50,,,,,,1335,800-739-1852,6605,CT,Non Client,154 Admiral St.,,,,,VP Sales & Marketing,,2567402309
,,Peace Dale,https://buckleyhc.com/,Buckley Heating and Cooling,Jeff Buckley,"Heating Oil, Propane and HVAC, Wakefield RI | Buckley Heating & Cooling Are you looking for a Heating and Cooling company in Wakefield RI and surrounding areas? Contact Buckley Heating & Cooling for more information today! At Buckley Heating & Cooling,...",,Construction,,,,,2/22/2024 13:33,,,,,,,401-789-9711,2879,RI,Non Client,1632 Kingstown Road,,,,America/New_York,,,2567356027
,,Chestertown,,Buckman Family Fuels,Paul Buckman,,,,,,,,7/30/2021 19:52,,,,,,,518-494-4999,12817,NY,Non Client,PO Box 448,6259 State Rt 9,,,,,,2567552830
,,HACKETTSTOWN,,Budd Oil Company,Bob Fraiser,,,,,,,,8/1/2021 18:07,,,,,,,,07840-0732,NJ,Non Client,PO BOX 732,,,,,,,2567547432
,,Cumberland,,Budd's Gulf,Richard Budd,,Prospect,,,,,,7/30/2021 17:50,,,,,,,207-829-3213,4021,ME,Non Client,159 Gray Road,,,4/24/2020 15:10,,,,2567537563
,,Honesdale,,"Budd's Plumbing, Heating & Air Conditioning",Robert W. Budd,,,,,,,,8/4/2021 21:33,,,,,,,570-253-4640,18431,PA,Non Client,"RR 3, Box 3486",,,4/30/2020 15:41,,,,2567525218
,,East Haven,,Budget Oil,Nick Grasso,,,,,,,,7/30/2021 22:16,,,,,,,203-467-2260,6512,CT,Non Client,121 Prospect Place Ext,,,,,,,2567336013
,,Trenton,,Budny Fuel Oil Co.,Myrna Kushner,,No Interest,,,,,,8/3/2021 20:14,,,,,,,609-396-8131,08611-1995,NJ,Non Client,839 South Broad St.,,,4/27/2020 13:36,,President/Sec.,,2567532416
,,Bucksport,,Burbank Heating,Robert Burbank Sr.,,,,,,,,8/5/2021 3:31,,,,,,,207-469-2895,4416,ME,Non Client,RFD #1 Box 407 River Road,,,,,,,2567452822
,,Huntingdon Valley,,Burholme Fuel Oil Company Inc.,Robert S. Lapkiewicz,,,,,,,,8/2/2021 6:49,,,,,,,215-745-3990,19006-4407,PA,Non Client,3210 Mason Mill Road,,,,,,,2567408362
,,Nicholson,,"Burning Bush Petroleum, Inc.",Calvin R. Dean,,,,,,,,8/4/2021 2:41,,,,,,,(570) 942-0288,18446-7651,PA,Non Client,302 State Route 92,,,,,,,2567545520
,,Weston,,"Burns Oil, LLC",Dave Burns,,,,,,,,8/2/2021 7:04,,,,,,,203-544-8899,,CT,Non Client,,,,,,,,2567112975
,,STROUDSBURG,,"Burroughs Fuels, Inc.",Richard Burroughs,,,,,,,,8/1/2021 14:52,,,,,,,,18360-2649,PA,Non Client,1450 N 5TH ST,,,,,,,2567453005
,,Danvers,,Bursaw Oil Corporation,Jonathan Bursaw,,,,2/27/2020 14:21,,,,7/31/2021 8:11,,,,,,,508-777-0700,1923,MA,Non Client,27 Cherry St.,,,,,,,2567452808
,,Bristol,,Burton Fuel Oils Inc,David Burton,,,,,,,,8/1/2021 11:39,,,,,,,215-788-3370,19007,PA,Non Client,PO BOX 1005,,,,,,,2567525189
,,Watertown,http://www.busafuel.com/,"Busa Fuel Oil Co., Inc.",Robert Busa,"We're a Full Service company with Automatic Oil Deliveries and 24Hr Burner Service. We install new heating systems, oil burners, hot water tanks, baseboard heat, radiant heat, radiators, oil tanks, air conditioning, electrical and small plumbing jobs.",MOC Retail Members,Oil & Energy,,,,,2/16/2024 15:16,,,,,,,617-924-6450,2472,MA,Non Client,88 Arlington Street,,,5/5/2020 15:42,America/New_York,,,2567524983
,,JAMESBURG,,"Busco Brothers, Inc.",Ralph Busco Jr,,,,,,,,6/5/2022 21:44,,,,,,,732-521-0248,08831-1102,NJ,Non Client,258 GATZMER AVE,,,4/27/2020 13:36,,,,2567355668
,,Lake Ariel,,Butler Fuel & Propane,George H. Butler,,,,,,,,8/2/2021 7:44,,,,,,,570-689-2510,18436,PA,Non Client,608 Pumphouse Road,,,,,,,2567448106
,,Butler,,Butler Petroleum Corporation,Sam J. McCracken,,,,,,,,8/1/2021 18:49,,,,,,,724-285-4111,16001,PA,Non Client,105 Homewood Drive,,,,,,,2567547475
,,Wallkill,,Buttonwood Fuel,Lizzo,,,,,,,,8/3/2021 18:59,,,,,,,,12589,NY,Non Client,Box 130,,,,,,,2567536494
,,Hollis,,Buxton Oil Company,Brian Atkinson,,,,,,,,7/31/2021 0:39,,,,,,,207-929-5550,4042,ME,Non Client,P.O.Box 310,,,,,President,,2567537376
,,Dunmore,,"Buy the Gallon, LLC",Dave Lalli,,,,,,,,7/31/2021 17:12,,,,,,,(570) 342-7600,18512,PA,Non Client,340 Chestnut Street,,,,,Owner,,2567543817
,,DEDHAM,,Byers Fuel Company,Ralph Byers,,MOC Retail Members,,6/4/2020 11:41,,,,7/30/2021 21:03,,,,,,,781-326-3200,02026-3429,MA,Non Client,134 DALE ST,,,5/5/2020 15:42,,,,2567525340
,,New York,,"Bytemark, Inc.",Micah Bergdale,,,,,,,,8/1/2021 23:49,,,,,,,(212) 206-8719,10036,NY,Non Client,268 West 44th St.,3rd floor,,,,CEO,,2567336191
,,Collingswood,,C & C Construction,Gregg Cooke,,,,,,,,8/1/2021 11:25,,,,,,,609-869-9520,08108-1902,NJ,Non Client,915 Haddon Ave,,,,,President,,2567402340
,,HAMMONTON,,C & C Fuel Co,Carmen Bartolone,,,,6/4/2020 11:46,,,,7/30/2021 21:20,,,,,,,609-561-1177,8037,NJ,Non Client,701 N. Third St,,,4/27/2020 13:36,,,,2567532378
,,Levittown,,"C & G Fuel Oil, Inc.",Kevin Glasson,,,,,,,,8/4/2021 19:41,,,,,,,215-943-1776,19057-2510,PA,Non Client,5503 Emilie Rd,,,,,,,2567534872
,,SHELOCTA,,C & J Fuels Inc,William Weston,,,,,,,,7/30/2021 23:34,,,,,,,,15774-0154,PA,Non Client,PO BOX 154,,,,,,,2567532473
,,San Juan,,C & J Gonzalez,Carlos Gonzalez,,,,,,,,7/31/2021 11:53,,,,,,,,49068-0228,PR,Non Client,PO Box 228,1506 George Brown Drive,,,,,,2567487225
,,Levittown,,C & R Oil Ltd.,Robert Ross,,,,,,,,7/30/2021 22:00,,,,,,,215-638-7795,19058,PA,Non Client,P.O. Box 921,,,,,,,2567355924
,,BRIDGEPORT,,C & W Oil Company Inc,Ronald Charles,,,,,,,,7/30/2021 16:59,,,,,,,203-331-9080,06610-3219,CT,Non Client,56 ELIZABETH ST,PO BOX 828,,,,,,2567402297
,,Southold,,C F Van Duzer Gas Service Inc.,Michael Glowacki,,,,,,,,8/3/2021 21:30,,,,,,,,11971-0969,NY,Non Client,PO Box 1497,,,,,,,2567543848
,,Denver,,C G Sweigart Oil Co,Howard Watts,,,,,,,,8/1/2021 17:59,,,,,,,717-336-7585,17517,PA,Non Client,403 N. 6th Street,,,,,,,2567554392
,,Milton,,C M Appler & Sons Inc,Debra Appler,,,,,,,,8/2/2021 0:12,,,,,,,845-795-2533,12547,NY,Non Client,60 South Rd.,,,,,,,2567543927
,,Billerica,,C P Cooke Oil Co Inc,Charles P Cooke,,,,2/20/2020 14:44,,,,7/30/2021 18:30,,,,0,2567537333,,978-667-7796,1821,MA,Non Client,884 Boston Rd,,,,,,,2567447970
,,Portland,,"C S B, Inc.",Charles Shefcyk,,,,,,,,8/1/2021 8:36,,,,,,,860-347-7656,6480,CT,Non Client,75 Brownstone Ave.,,,,,,,2567401879
,,State College,,C S Myers & Son Inc,Gary E Myers,,,,,,,,8/1/2021 21:14,,,,,,,814-238-3081,16803-2991,PA,Non Client,650 W. Cherry Lane,,,,,,,2567402407
,,Pepperell,,C W Lorden Fuel Corp,Charles W Lorden III,,,,,,,,8/1/2021 21:54,,,,0,3058530059,,978-433-2146,1463,MA,Non Client,63 Groton Street,,,,,,,2567447831
,,ROME,,C. A. Kemp Oil Heating Corporation,Clair A Kemp,,,,,,,,8/1/2021 22:50,,,,,,,,13440-6814,NY,Non Client,250 ERIE BLVD E,,,,,,,2567543870
,,Canaan,,C. A. Lindell & Son Inc,Russell Riva,,,,,,,,8/4/2021 1:53,,,,,,,860-824-5443,6018,CT,Non Client,59 Church St,P.O. Box 609,,,,,,2567547377
,,Glenburn,,C. A. Pelkey Fuels Inc,"Clyde Pelkey, Jr.",,Prospect,,,,,,7/31/2021 15:12,,,,,,,207-947-0692,4401,ME,Non Client,3225 Broadway,,,4/24/2020 15:10,,,,2567402081
,,Rome,,C. Burley Heating Cleaning Plumbing,Clarence Burley,,,,,,,,8/4/2021 0:19,,,,,,,315-339-3467,13440-1733,NY,Non Client,5648 Rome Taberg Road,,,,,,,2567545459
,,Sinking Spring,,"C. D. Schneck, Inc.",Randy Schneck,,,,,,,,8/4/2021 0:17,,,,,,,610-678-7606,19608,PA,Non Client,1200 Columbia Avenue,,,,,,,2567537690
,,McAlisterville,,C. D. Shellenberger Co. Inc.,Charles D. Shellenberger,,,,,,,,8/1/2021 10:58,,,,,,,717-463-2815,17049,PA,Non Client,P.O. Box 8,,,,,,,2567408085
,,Gansevoort,,C. E. Harrington,Charles Harrington,,,,,,,,8/2/2021 1:13,,,,,,,,12831,NY,Non Client,315 Gansevoort Rd.,,,,,,,2567525524
,,Elizabethtown,,C. E. Lutz Inc,James Lutz,,,,,,,,7/31/2021 8:03,,,,,,,717-367-1438,17022-0492,PA,Non Client,P. O. Box 492,,,,,,,2567448142
,,Clarks Summit,,C. F. M. Enterprises Inc.,Andrea Basalyga-Phillips,,,,,,,,8/4/2021 6:39,,,,,,,570-587-4844,18411,PA,Non Client,P.O. Box 236,,,,,,,2567545440
,,Ho Ho Kus,,C. F. Moran Services,Chuck Moran,,,,,,,,8/1/2021 0:07,,,,,,,,7423,NJ,Non Client,One Hollywood Avenue,,,,,,,2567543526
,,Burlington,,"C. Harry Price, Inc.","Stephen H.Bachofen, Jr.",,,,,,,,8/4/2021 22:10,,,,,,,,8016,NJ,Non Client,Box 399 Logan Avenue,,,,,,,2567545294
,,Bayonne,,C. J. Murphy,Jerry Murphy,,,,,,,,7/31/2021 9:47,,,,,,,,7002,NJ,Non Client,222 Avenue E,,,,,,,2567487085
,,Rocky Hill,,"C. White & Son, Inc",Alan C. White,,,,,,,,8/5/2021 4:22,,,,,,,860-529-7246,6067,CT,Non Client,Evans Road,P.O. Box 105,,,,Vice President,,2567532267
,,Highland Falls,,C.D. Parry Co. Inc.,Richard D Parry,,,,,,,,8/2/2021 22:15,,,,,,,845-446-4539,10928,NY,Non Client,34 Fort Putnam St,,,,,,,2567525155
,,New Britain,,"C.F. Oil Co., Inc.",Robert Derosier,,,,6/4/2020 11:51,,,,7/30/2021 21:52,,,,,,,(860) 225-8545,6050,CT,Non Client,440 South Main Street,,,4/24/2020 10:57,,,,2567538491
,,Poughkiepsie,,C.H. Energy Group,Matt McGarril,,,,,,,,7/31/2021 2:00,,,,,,,845-486-5772,12601,NY,Non Client,284 South Avenue,,,,,Risk Manager,,2567537669
,,Prince Frederick,,C.L. Pitcher,Patti Pitcher,,,,,,,,8/4/2021 5:32,,,,,,,410-586-1616,,MD,Non Client,865 Solomons Island Rd S,,,,,,,2567448056
,,Spring Run,,C.M. Fuels Inc.,Chad Martin,,,,,,,,8/5/2021 0:54,,,,,,,(717) 349-2379,17262-9406,PA,Non Client,15535 Path Valley Road,,,,,,,2567534801
,,Whitefield,,C.M. McCormick & Sons,Steve McCormick,,,,5/1/2020 13:57,,,,8/3/2021 7:16,,,,,,,207-549-7535,4353,ME,Non Client,P.O. Box 71,,,,,,,2567452805
,,East Booth Bay,,Cabbage Island Clambake,Wayne Moore,,,,,,,,7/31/2021 17:09,,,,,,,(207) 633-7200,4544,ME,Non Client,P.O. Box 21,,,,,Owner,,2567355772
,,Rutherford,,"Cable & Wireless USA, Inc.",Linda J. Wolf,,,,,,,,8/4/2021 6:23,,,,,,,201-964-2331,7070,NJ,Non Client,"301 Route 17 North, 2nd Floor",,,,,,,2567402112
,,Colchester,,Cady Oil,Richard Cady,,Prospect,,6/4/2020 12:04,,,,7/31/2021 6:46,,,,,,,860-267-0211,6415,CT,Non Client,738 Middletown Rd,,,4/24/2020 10:57,,,,2567543493
,,TENNENT,,Cagney & Byk Inc,John Byk,,,,6/4/2020 12:06,,,,3/31/2022 14:47,,,,,,,732-462-0816,07763-0048,NJ,Not Prospect,PO BOX 48,,,4/27/2020 13:36,,,,2567402422
,,NEWTON LOWER FALLS,,"Cahill Fuel Co., Inc",John Cahill,,MOC Retail Members,,5/6/2020 10:34,,,,8/1/2021 10:23,,,,,,,617-694-6006,02162-0002,MA,Non Client,PO BOX 620002,,,5/5/2020 15:42,,,,2567452780
,,New London,,Callahan Oil Co,James Castle,,,,,,,,8/3/2021 2:56,,,,,,,860-437-6200,6320,CT,Non Client,261 Ledyard St,,,,,,,2567112840
,,Watertown,,Cambridge Fuel Co.,Arshalous Kezerian,,MOC Retail Members,,6/4/2020 12:07,,,,8/3/2021 20:11,,,,,,,617-924-4459,02471-0117,MA,Non Client,PO BOX 117,600 Pleasant St,,5/5/2020 15:42,,,,2567532191
,,Reading,,Cambridge-Lee Industries,Dave Zellers,,,,,,,,8/3/2021 5:39,,,,,,,,19605,PA,Non Client,86 Tube Drive,,,,,,,2567453197
,,CAMDEN,,Camden Farmer's Union,Arthur M Sprowl,,,,,,,,8/4/2021 1:17,,,,,,,207-236-3266,4843,ME,Non Client,5-7 MOUNTAIN ST,,,,,,,2567532355
,,WHIPPANY,,Campbell & Pratt Oil Company,Ed Tyler,,,,,,,,7/31/2021 10:56,,,,,,,,7918,NJ,Non Client,260 State Highway 10,,,,,,,2567538600
,,Thorofare,https://www.campbellcomfortsystems.com/,Campbell Comfort Systems inc.,Bill Campbell,"Campbell Comfort Systems is a local home services company in New Jersey that specializes in emergency plumbing and HVAC services. They are committed to providing the best customer service experience and ensuring that your plumbing, air conditioning, an...",,Construction,6/4/2020 12:09,,,,2/22/2024 13:15,,,,,,,856-845-2100,8086,NJ,Non Client,P.O.  Box 95,1049 Kings Highway,,4/27/2020 13:36,America/New_York,,CampbellComfort,2567486964
,,Madison,,Campbell's True Value DBA Val-U Energy,Peter Melancon,,,,,,,,8/2/2021 2:43,,,,,,,(207) 696-4955,4950,ME,Non Client,66 Main St.,,,,,,,2567401931
,,sagamore,,Canal Fuel,Mike Tasha,,,,,,,,8/3/2021 1:09,,,,,,,508-888-1469,2561,MA,Non Client,po box 692,147 cranberry hwy,,,,,,2567336167
,,Malden,,Cannatelli Fuel,Frank Cannatelli,,,,2/28/2020 12:54,,,,8/4/2021 0:11,,,,,,,617-324-5304,2148,MA,Non Client,107 Sammett St.,,,,,,,2567336069
,,York,,Cap City Diesel,Doug Slates,,PPMCSA Seminar,,,,,,5/26/2022 19:13,,,,,,,717-751-7737,17402,PA,Non Client,2161 Blenheim Court,,,4/30/2020 15:41,,,,2567536550
