About Us,CAP/ Budget ,City,Company Domain Name,Company name,Contact,Description,ID/Status,Industry,Last Activity Date,Last Contacted,Last Engagement Date,Last Logged Call Date,Last Modified Date,Lead Status,Merged Company IDs,NOTE WORTHY,Number of child companies,Parent Company,Phone Ext-,Phone Number,Postal Code,State/Region,Status (Relationship),Street Address,Street Address 2,Target Account,Time First Seen,Time Zone,Title,Twitter Handle,Organization Id
,,Gloucester,,Cape Ann Whale Watch,Jim Douglass,,,,,,,,8/4/2021 15:38,,,,,,,(978) 283-5110,1930,MA,Non Client,P.O. Box 345,,,,,Owner,,2567537242
,,N. Cape May,,Cape May-Lewes Ferry,Heath Gehrke,,,,,,,,8/3/2021 20:25,,,,,,,(609) 889-7220,8204,NJ,Non Client,P.O. Box 827,,,,,,,2567113240
,,CRANFORD,,Capital Fuel Service,Patsy Federico,,,,,,,,8/1/2021 22:58,,,,,,,908-272-9290,07016-3207,NJ,Non Client,600 SOUTH AVE E,,,,,,,2567537664
,,Bloomfield,,Capitol Fuel Inc,Clay Bassett,,Prospect,,6/4/2020 12:11,,,,8/2/2021 9:20,,,,,,,860-233-4411,6002,CT,Non Client,102 Filley Street,,,4/24/2020 10:57,,,,2567537305
,,PASSAIC,,Capitol Fuel Oil Company,Carl Purpuro,,,,,,,,8/1/2021 10:24,,,,,,,,07055-3016,NJ,Non Client,354 OAK ST,,,,,,,2567336193
,,Hawthorne,,Capitol Fuel Oil Transp. Corp.,Michael Spadaro,,,,,,,,8/2/2021 7:40,,,,,,,973-423-2627,7506,NJ,Non Client,54 Emeline Drive,Div. of Waters,,,,,,2567452841
,,Pittston,,"Capozucca Bros. Oil Co., Inc.",Al Capozacca,,,,,,,,8/5/2021 1:28,,,,,,,570-654-6481,18640,PA,Non Client,801 Township Blvd.,Pittston By-Pass,,,,,,2567536413
,,Watkins Glen,,Captain Bill's Seneca Lake Cruise,Mark Simiele,,,,,,,,7/31/2021 17:26,,,,,,,(607) 535-4541,14891,NY,Non Client,1 North Franklin St.,,,,,President,,2567355788
,,Beaver Falls,,"Caputo Insurance Agency, Inc.",Richard P. Caputo,,,,,,,,8/5/2021 2:24,,,,,,,724-843-3020,15010,PA,Non Client,P.O. Box 350,,,,,,,2567536445
,,Harrisburg,,"Car Wash Systems, Inc.",Kenneth L. Tyndale,,,,,,,,8/1/2021 11:58,,,,,,,717-545-9393,17112,PA,Non Client,7-B North Clover Lane,,,,,,,2567355936
,,Lawrence,,"Carbo Industries, inc",Clifford Hochhauser,,,,,,,,8/2/2021 2:17,,,,,,,516-239-3600,11559,NY,Non Client,1 Bay Blvd,,,,,,,2567543906
,,Lehighton,,Carbon Service Corp.,Wallace Putkowski,,,,,,,,8/1/2021 10:51,,,,,,,610-377-3120,18235,PA,Non Client,52 Fairview Drive,,,,,,,2567547489
,,Philadelphia,,Cardinal USA Fuel Oil,Ed McCulley,,,,,,,,8/1/2021 0:45,,,,,,,(215) 879-9522,19131,PA,Non Client,4985 Lancaster Ave,,,,,CFO,,2567552851
,,Randolph,,"Care Environmental Remediation Services, Inc.",Ward Donigian,,,,,,,,8/3/2021 19:51,,,,,,,(973) 361-7373,7869,NJ,Non Client,"1248 Sussex Turnpike, Bldg A",Unit 6,,,,,,2567487130
,,Lancaster,,Cargas Systems,Stephanie Schreyer,,,,,,,,8/3/2021 22:31,,,,,,,,17601-6824,PA,Non Client,201 Granite Run Dr,,,,,,,2567536535
,,JERSEY CITY,,Caride Oil Company,Bernie Armistead,,,,,,,,8/3/2021 2:58,,,,,,,,07304-1703,NJ,Non Client,81 GIFFORD AVE,,,,,,,2567525013
,,Myerstown,,Carl A Neuman Coal & Oil,Carl A. Neuman,,,,,,,,8/3/2021 3:55,,,,,,,717-866-7412,17067,PA,Non Client,818 S. Railroad Street,,,,,,,2567453149
,,CAMDEN WYOMING,,Carl King Inc,Howard Schlosberg,,,,,,,,8/2/2021 18:28,,,,,,,302-697-3251,19934-1320,DE,Non Client,103 S MAIN ST,,,,,,,2567113020
,,Yardley,,"Carl N. Wallnau, Jr.","Carl N. Wallnau, Jr.",,,,,,,,8/4/2021 1:24,,,,,,,215-295-3240,19067,PA,Non Client,1 Keats Road,,,,,,,2567536538
,,Jericho,,Carl S. Levine & Associates,Carl Levine,,,,,,,,8/1/2021 9:05,,,,,,,516-334-0390,11753,NY,Non Client,125 Jericho Turnpike,,,,,,,2567487098
,,Maheim,,Carl W. Fuss Co.,Carl Fuss,,,,,,,,8/1/2021 16:10,,,,,,,717-393-5811,17545-0429,PA,Non Client,PO Box 429,,,,,,,2567402406
,,LANCASTER,,"Carl W. Fuss, Co.",Carl Fuss,,,,,,,,8/3/2021 19:49,,,,,,,,17604-4007,PA,Non Client,PO BOX 4007,,,,,,,2567525469
,,Elverson,,"Carl Wingard, Inc.",Thomas Wingard,,,,,,,,8/2/2021 3:56,,,,,,,610-286-5300,19520-9187,PA,Non Client,362 N. Manor Road,,,,,,,2567355672
,,MONTCLAIR,,Carl Zimmerman Co Inc,Mildred Zimmerman,,,,,,,,7/31/2021 2:09,,,,,,,973-746-4666,07043-3378,NJ,Non Client,PO BOX 3378,,,,,,,2567452727
,,North Haven,,"Carlin Combustion Technology, Inc.",Linda Keene,,,,,,,,8/1/2021 19:39,,,,,,,203-680-9401,6473,CT,Non Client,126 Bailey Rd,,,,,,,2567452707
,,Carlisle,,Carlisle Petroleum Inc,Michael A. Morrison,,,,,,,,7/30/2021 23:13,,,,,,,717-245-2382,17013-9161,PA,Non Client,1524 Commerce Avenue,,,,,,,2567547474
,,New Kingstown,,Carlos R. Leffler,James Beers Jr,,,,,,,,8/1/2021 13:12,,,,,,,717-766-8722,17072,PA,Non Client,PO BOX 462,,,,,,,2567355959
,,Richland,,Carlos R. Leffler Inc.,Robert E. Bond Jr.,,,,,,,,8/3/2021 2:49,,,,,,,717-866-2105,17087,PA,Non Client,P.O. Box 278,,,,,,,2567552790
,,Meriden,http://www.carlsonfueloil.com/,Carlson Fuel Oil,William Carlson,"This website is for sale! carlsonfueloil.com is your first and best source for all of the information you’re looking for. From general topics to more of what you would expect to find here, carlsonfueloil.com has it all. We hope you find what you are se...",Out of Business,,6/4/2020 12:14,,,,1/23/2022 17:14,,,,,,,203-238-7974,6450,CT,Non Client,PO Box 788,,,4/24/2020 10:57,America/New_York,,,2567407822
,,Sheffield,http://carlsonpropane.com/,Carlson Propane,Eric Carlson,"CARLSON PROPANE is a company that specializes in propane heating systems and central air conditioning. They provide service in various locations in Massachusetts and Connecticut, including Alford, Ashley Falls, Glendale, Great Barrington, Housatonic, L...",,Oil & Energy,,,,,2/19/2024 5:43,,,,,,,413-229-3328,1257,MA,Non Client,P.O. Box 760,79 Pike Road East,,,America/New_York,,,2567487001
,,Brewster,,Carmel Terminals Inc.,Raymond Durkin,,,,,,,,8/1/2021 18:02,,,,,,,845-228-0081,10509,NY,Non Client,P.O. Box 372,,,,,,,2567408341
,,Rensselaer,,Carpinello Oil Co Inc,Richard Carpinello,,,,,,,,8/4/2021 23:57,,,,,,,518-465-3010,12144,NY,Non Client,329 Columbia Street,P. O. Box 12,,,,,,2567547443
,,Merrimack,,Carrage House Fuel Inc,R Perrault,,,,,,,,8/2/2021 1:55,,,,,,,,03054-1630,NH,Non Client,PO BOX 1630,,,,,,,2567525144
,,Baltimore,https://www.carrollhomeservices.com/,Carroll Home Services,James Coffin,"Carroll Home Services is a company that provides heating oil, propane, air conditioning, plumbing, air and water quality, generator services and more to homeowners and businesses in the Baltimore area.",Hope's Leads,Oil & Energy,7/22/2020 14:13,,,,2/22/2024 10:16,,,,,,,410-235-9911,21218-4700,MD,Non Client,2700 Loch Raven Road,200,,,America/New_York,,carrollhomesvcs,2567407895
,,WESTMINSTER,,Carroll Petroleum/Howard Petroleum,Jay Nusbaum,,,,,,,,8/3/2021 18:04,,,,,,,410-848-9420,21158-0516,MD,Non Client,PO BOX 516,121 John Street,,,,,,2567545371
,,Harrisburg,,Carst Fuel Oil Co.,Jesse Carst,,,,,,,,8/5/2021 2:58,,,,,,,717-652-7650,17112-4039,PA,Non Client,5400 Allentown Blvd,,,,,,,2567402482
,,Washington D.C.,,Carter Fuel Company,Stephanie Carter,,,,,,,,8/3/2021 14:59,,,,,,,202-399-5600,20019,,Non Client,4614 Minnesota Ave NE,,,,,,,2567486971
,,Mariehamn,,Carus PBS AB Ltd.,Keith Sherwood,,,,,,,,7/30/2021 20:38,,,,,,,,22101,,Non Client,A-stra Esplanadgatan 7,P.O. Box 195,,,,Sales Manager,,2567447730
,,Bridgeport,http://customairsystems.com/,"CAS Fuel Oil, Inc.","John Scianna, Sr.","Custom Air Systems, Inc. is a residential and commercial heating and air conditioning contractor located in Bridgeport, Connecticut. With over 45 years of experience, we provide a wide range of services including home heating, industrial cooling, comme...",,Construction,6/4/2020 12:21,,,,2/15/2024 0:04,,,,,,,203-333-1906,6604,CT,Non Client,765 Housatonic Ave.,,,4/24/2020 10:57,America/New_York,,CustomAirCT,2567112969
,,Portland,,Casco Bay Lines,Hank Berg,,,,,,,,8/1/2021 20:28,,,,,,103,(207) 774-7871,4112,ME,Non Client,P.O. Box 4656,,,,,,,2567487043
,,Portland,,Casco Bay Lines,Nick Mavodones,,,,,,,,7/31/2021 14:19,,,,,,,(207) 774-7871,4112,ME,Non Client,P.O. Box 4656,,,,,,,2567355596
,,Naples,,Casco Oil Co. Inc,Dean Duquette,,,,,,,,7/31/2021 14:14,,,,,,,207-693-7055,4055,ME,Non Client,149 Casco Road,,,,,,,2567335889
,,Windsor,,Case Oil Company,Richard Loucks,,,,,,,,7/31/2021 13:50,,,,,,,860-688-4138,6095,CT,Non Client,10 Palisado Ave.,,,,,,,2567336130
,,MERIDEN,,Casertano Oil,Michael Casertano,,,,,,,,7/30/2021 22:49,,,,,,,,06451-2715,CT,Non Client,161 FINCH AVE,,,,,,,2567487364
,,Newport,,Casey Oil Co,William Casey,,,,,,,,7/31/2021 22:53,,,,,,,401-848-5945,2840,RI,Non Client,215 3rd Street,,,,,,,2567554412
,,West Haven,,Cash Oil Co,Carol Scillia,,,,,,,,8/2/2021 19:32,,,,,,,203-933-8051,6516,CT,Non Client,295 Front Ave,,,,,,,2567538637
,,ELMONT,,Castle Haven Fuel Co,Mark Samain,,,,,,,,7/31/2021 4:09,,,,,,,,11003-2710,NY,Non Client,82 HUNNEWELL AVE,,,,,,,2567487262
,,Bronx,,Castle Oil Corp.,Anthony Feda,,,,,,,,8/3/2021 13:28,,,,,,,718-579-3490,10454,NY,Non Client,290 Locust Avenue,,,,,,,2567452845
,,Harrison,,Castle Oil Corp.,Carla Romita,,,,4/17/2020 15:25,,,,7/31/2021 19:50,,,,0,2567408313,,914-381-6600,10528-2399,NY,Non Client,440 Mamaroneck Ave.,Suite 402,,,,,,2567543603
,,Chelsea,,Catamount Petroleum,Ed Enos,,,,,,,,7/31/2021 23:47,,,,,,,617-889-9000,02150-2337,MA,Non Client,90 Everett Avenue,P.O. Box 9151,,,,,,2567487248
,,Princeton,,Cathos 2000,Thomas J. Golden,,,,,,,,8/4/2021 22:11,,,,,,,800-257-5016,8542,NJ,Non Client,P.O. Box 528,,,,,,,2567537570
,,SUTERSVILLE,,Catone Oil Company,Richard Catone,,,,,,,,7/31/2021 0:58,,,,,,,,15083-1052,PA,Non Client,810 4TH ST,,,,,,,2567537579
,,Somerset,,Cavagna North America Inc.,Pete Dwyer,,,,,,,,3/15/2024 15:26,,,,,,104,(732) 469-2100,08873-1347,NJ,Non Client; Not Prospect,50 Napoleon Ct,,,,,,,2567554406
,,Rocky Hill,,"CCo, LLC/Sam's Food Stores",Tracy Schroeder,,,,,,,,8/5/2021 4:16,,,,,,,(860) 757-3434,6067,CT,Non Client,2318 Silas Deane Highway,,,,,,,2567408173
,,Newark,,Cedar Hill Oil Company,Paul Russo,,,,6/4/2020 12:32,,,,7/31/2021 2:02,,,,,,,973-485-6400,07107-2801,NJ,Non Client,9-11 Anthony Street,,,4/27/2020 13:36,,,,2567447728
,,Watertown,,"Cedarwood Energy, Inc.",Jasper Kezerian,,,,,,,,8/2/2021 19:24,,,,,,,(617) 926-1170,02471-0117,MA,Non Client,600 Pleasant St.,P.O. Box 117,,,,,,2567408048
,,Duncraig East LPO,,Ceiling Works,Jim McInerney,,,,,,,,8/2/2021 1:29,,,,,,,,6023,,Non Client,P.O. Box 70,,,,,,,2567537157
,,SMOCK,,Center Independent Oil Company,John Higinbotham,,,,,,,,7/31/2021 11:08,,,,,,,,15480-9604,PA,Non Client,RR 1 BOX 12,,,,,,,2567545481
,,Roaring Spring,,"Central Hydraulics, Inc.",Norm Heidler,,,,,,,,8/1/2021 18:04,,,,,,,814-224-2535,16673,PA,Non Client,"Route 164 East, Box 502C",,,,,,,2567336048
,,Raynham,,Central Oil Corporation,Daniel Mack,,,,,,,,7/31/2021 0:56,,,,,,,508-824-8100,2767,MA,Non Client,728 Broadway,,,,,,,2567487318
,,Lowell,,Centralville Oil Co,Joseph Eagle,,,,2/13/2020 14:19,,,,8/2/2021 23:47,,,,,,,508-458-2882,1852,MA,Non Client,P O Box 1731,,,2/13/2020 12:01,,,,2567487306
,,BELLEFONTE,,Centre Oil & Gas Company,John Hartranft,,,,,,,,8/1/2021 15:40,,,,,,,814-355-4749,16823-0266,PA,Non Client,PO BOX 266,,,,,,,2567402427
,,Farmingdale,,Century Petroleum Ltd.,Cynthia Tadler,,,,4/17/2020 15:32,,,,6/11/2022 5:23,,,,,,,631-752-1688,11735-1931,NY,Non Client,147 Gazza Blvd.,,,4/17/2020 15:32,,,,2567408424
,,Conway,,Cercone Gas & Oil Company,Anthony Cercone,,,,,,,,8/4/2021 22:50,,,,,,,724-869-8188,15027,PA,Non Client,158 11th Street,,,,,,,2567545502
,,Waterford,,Ceremuga Oil,Ed Ceremuga,,,,,,,,8/1/2021 9:26,,,,,,,518-237-2723,12188,NY,Non Client,187 Brookwood Rd,,,,,,,2567355687
,,,,CERES Solutions LLP,Jeffrey Troike,,,,,,,,8/3/2021 11:50,,,,,,,(765) 477-6542,,,Non Client,3354 Us Highway 52 S,,,,,,,2567532300
,,Brockport,,"Ceriani Transport, Inc.","Thomas A. Ceriani, Sr.",,,,,,,,3/15/2024 14:58,,,,,,,814-265-5002,15823-2542,PA,Non Client; Not Prospect,1274 Toby Road,,,,,,,2567552865
,,Easthampton,,Cernak Fuel Corp.,Leslie Cernak,,,,,,,,8/1/2021 9:00,,,,,,,413-527-4840,1027,MA,Non Client,100 Northampton St.,,,,,,,2567408290
,,Staten Island,,Certified Heating Oils,Mike Moran,,,,,,,,7/31/2021 9:53,,,,,,,(718) 442-8689,10303,NY,Non Client,93 Wright Ave,,,,,,,2567402437
,,Lebanon,,Certified Petroleum,Glen Diehm,,,,,,,,11/22/2023 9:56,,,,,,,717-270-8910,17042,PA,Non Client; Not Prospect; Vendor,75 S. 13th Avenue,,,,,,,2567452907
,,Becket,,Cesco Plumbing & Heating Co.,Chris Swindlehurst,,,,,,,,8/1/2021 18:16,,,,,,,413-623-5323,1223,MA,Non Client,2601 Main St. (RT 8),,,,,,,2567487058
,,Keene,,Chabott Coal & Oil Inc,Thomas Chabott,,Prospect,,4/29/2020 11:59,,,,8/5/2021 0:37,,,,0,2583106754,,603-352-0343,3431,NH,Non Client,19 Grove St,P.O. Box 343,,4/29/2020 11:28,,,,2567402096
,,Bellefonte,,"Chambers Environmental Group,",Jeffrey S. Chambers,,,,,,,,3/15/2024 15:02,,,,,,,814-355-2241,16823,PA,Non Client; Not Prospect,629 E. Rolling Ridge Drive,,,,,,,2567552853
,,Plainview,,Champion Energy Corp./Lewis Oil Co. Inc.,Neil Bianco,,,,,,,,7/31/2021 18:07,,,,,,,516-307-4802,11803-1511,NY,Non Client,175 Sunnyside Blvd.,,,,,,,2567534668
,,Cape Elizabeth,,Champion Fuel Co,Mike Constantine,,,,5/1/2020 14:10,,,,8/3/2021 6:16,,,,,,,207-799-6800,4107,ME,Non Client,P.O. Box 6261,,,,,,,2567534766
,,FLUSHING,,Champion Fuel Oil,Ken Smith,,,,,,,,8/2/2021 22:52,,,,,,,,11355-1726,NY,Non Client,4576 157TH ST,,,,,,,2567545479
,,South Burlington,,"Champlain Oil Co., Inc.",George Beato,,,,,,,,7/30/2021 18:33,,,,,,,(802) 864-5380,5403,VT,Non Client,45 San Remo Drive,,,,,,,2567543636
,,Montague,,Chapin & Sadler,Don Sadler,,,,,,,,8/1/2021 21:42,,,,,,,413-367-2618,1351,MA,Non Client,P O Box 1,,,,,,,2567402332
,,New Cumberland,,Chapman Fuel Oil Service,James Chapman,,,,,,,,7/31/2021 14:49,,,,,,,717-774-2761,17070,PA,Non Client,321 Fifth Street,,,,,,,2567408469
,,VERONA,,Charles Bahr & Son,Walter Putback,,,,,,,,8/4/2021 18:03,,,,,,,,07044-1721,NJ,Non Client,49 DURRELL ST,,,,,,,2567537686
,,VOORHEES,,Charles F Ober & Son Inc,Greg Ober,,,,,,,,7/31/2021 5:17,,,,,,,856-429-2129,08043-0153,NJ,Non Client,PO BOX 153,,,4/27/2020 13:36,,,,2567408374
,,North Kingston,,"Charles L. Booth, Inc",Charles Ellis,,,,,,,,8/1/2021 10:22,,,,,,,401-294-9511,2852,RI,Non Client,550 Tower Hill Rd,,,,,,,2567525489
,,SLATINGTON,,"Charles Mantz, Inc.",Richard Mantz,,,,,,,,8/1/2021 12:27,,,,,,,,18080-1855,PA,Non Client,65 2ND ST,,,,,,,2567487452
,,Skowhegan,,Charlie's Cash Fuel,Jeff Robbins,,Prospect,,5/1/2020 14:16,,,,8/2/2021 21:12,,,,,,,207-474-2667,4976,ME,Non Client,124 Madison Avenue,,,4/24/2020 15:10,,,,2567487331
,,Fall River,,Charlie's Oil Co Inc,Mark Veloza,,,,,,,,8/3/2021 4:33,,,,,,,508-674-0709,2723,MA,Non Client,46 Oak Grove Ave,,,,,,,2567536580
,,New Haven,,Charrette Art & Design Supplies,Catherine Dunne,,,,,,,,7/31/2021 1:06,,,,,,,203-624-5000,6511,CT,Non Client,127 East Street,,,,,Assistant Store Manager,,2567537178
,,Massapequa,,Charter Oil Corp.,Jeffrey Massaro,,,,,,,,7/30/2021 18:42,,,,,,,516-799-0020,11758-0060,NY,Non Client,PO Box 60,,,,,,,2567532248
,,Dover Foxcroft,,Chase & Kimball Oil,Earl Brazier,,,,,,,,8/1/2021 13:29,,,,,,,207-564-3324,4426,ME,Non Client,P. O. Box 260,45 Union Square,,,,,,2567408027
,,Chatham,,Chatham Fuel/Main Care,Robert Lyoche,,,,8/6/2020 11:01,,,,3/31/2022 16:41,,,,0,2567532412,,518-392-5191,12037,NY,Non Client; Not Prospect,P.O. Box 321,,,,,,,2567545296
,,Chebeague Island,,Chebeague Transportation Company,Carol Sabasteanski,,,,,,,,8/1/2021 8:30,,,,,,,(207) 846-3700,4017,ME,Non Client,P.O. Box 27,,,,,General Manager,,2567408345
,,VINELAND,,Chell Oil Company,Marco Chell,,,,,,,,8/1/2021 9:46,,,,,,,,08362-0159,NJ,Non Client,PO BOX 159,,,,,,,2567408099
,,Annapolis,,Chesapeake Marine Tours,Debbie Gosselin,,,,,,,,8/1/2021 11:15,,,,,,,(410) 268-7601,21403-0350,MD,Non Client,P.O. Box 3350,,,,,,,2567536584
,,Salisbury,,Chesapeake Shipbuilding Corp.,Tony Severn,,,,,,,,7/30/2021 20:07,,,,,,,(410) 742-4900,21801,MD,Non Client,710 Fitzwater St.,,,,,President,,2567447803
,,Keene,,Cheshire Oil Co.,Jim Robertson,,,,3/30/2020 11:37,,,,8/4/2021 19:48,,,,,,,603-352-0001,3431,NH,Non Client,PO Box 586,678 Marlboro Street,,,,,,2567554340
,,Exton,https://www.chesmont-engineering.com/index.htm,"Chesmont Engineering Company, Inc.",Chistopher Mohler,"Chesmont Engineering Company, Inc. specializes in the design, construction, installation, and maintenance of industrial process heating systems. They provide solutions for tanks, burners, blenders, vaporizers, primary fuel, standby systems, peak shavin...",,Construction,6/23/2020 13:53,,,,2/15/2024 6:36,,,,,,,(610) 594-9200,19341-2540,PA,Non Client; Not Prospect,619 Jeffers Circle,6,,,America/New_York,,,2567447913
,,Allison Park,,Chevron Energy Solutions,Daniel Cushman,,,,,,,,8/2/2021 21:14,,,,,,,724-265-0065,15101-3130,PA,Non Client,4023 Letort Lane,,,,,,,2567452873
,,Brooklyn,,Chief Energy,Vincent Valenti,,,,,,,,8/3/2021 3:37,,,,,,,718-438-6676,11218-5687,NY,Non Client,918 McDonald Ave,,,,,,,2567552779
,,Balilee,,Chip Williams Heat & A/C,Chip Williams,,,,,,,,7/31/2021 18:30,,,,,,,,18415,PA,Non Client,Box 849,,,,,,,2567355682
,,Newton,,ChooseEnergy.com,Dennis P. Blackwell,,,,,,,,7/31/2021 16:55,,,,,,,800-451-0181,2459,MA,Non Client; Not Prospect,200 Wells Avenue,,,,,,,2567453222
,,Melrose,,Christie's Oil,Margie Chisolm,,,,,,,,7/30/2021 22:19,,,,,,,,2176,MA,Non Client,145 Main St.,,,,,,,2567538536
,,Brockton,,"Christy's Markets, Inc.",John McDonald,,,,,,,,8/3/2021 5:57,,,,,,,,2401,MA,Non Client,22 Christy's Drive,,,,,,,2567536355
,,Medford,,Chucks Fuel & Burner Service,Chuck Houde,,MOC Retail Members,,6/4/2020 12:46,,,,7/30/2021 22:24,,,,,,,781-391-1921,2155,MA,Non Client,PO BOX 501,462 Main Street,,5/5/2020 15:42,,,,2567536245
,,Ipswich,,Churchill Oil,Greg Churchill,,,,,,,,8/1/2021 11:44,,,,,,,978-356-7954,1938,MA,Non Client,8 Edge St,,,,,,,2567543555
,,Woburn,,Chute Fuel Co,Roy Chute,,,,2/20/2020 14:09,,,,8/2/2021 7:09,,,,,,,6781-933-0185,1801,MA,Non Client,31 High St,,,,,,,2567543740
,,San Juan,http://www.cibcorp.com/,CIB Corporation,Adriana Quijano,"CIB Corporation is a leading industrial distributor of Pipe, Valves, Fittings, Valve Automation, Petroleum Equipment, Pipe Tools and related materials. Established since 1961, we service Puerto Rico and the Caribbean from three strategically located wa...",,Machinery,6/19/2020 10:03,,,,3/15/2024 15:08,,,,,,,,936,PR,Non Client; Not Prospect,PO Box 364086,,,,America/Puerto_Rico,,,2567355999
,,BRONX,,Cibro Petroleum Products,John Cirillo,,,,,,,,8/1/2021 11:42,,,,,,,,10462-5442,NY,Non Client,1066 ZEREGA AVE,,,,,,,2567525106
,,MESHOPPEN,,"Ciprich M. Oil Company, Inc.",Michael Ciprich,,,,,,,,7/31/2021 11:38,,,,,,,,18630-0276,PA,Non Client,PO BOX 276,,,,,,,2567408123
,,New York,,Circle Line Sightseeing Cruises,Gus Markou,,,,,,,,8/1/2021 5:33,,,,,,,(212) 630-8187,10036-1095,NY,Non Client,Pier 83 West 42nd St.,,,,,President,,2567336249
,,Springfield,,Cirelli Inc.,Joseph Cirelli,,,,,,,,8/4/2021 0:08,,,,,,,413-739-9649,1105,MA,Non Client,90 Central St.,#2,,,,,,2567547319
,,,,Citgo,Kyle Gibson,,,,,,,,8/1/2021 18:01,,,,,,,(800) 624-6294,,,Non Client,,,,,,Derivatives Trader,,2567447693
,,,,Citgo,Michelle,,,,,,,,8/3/2021 3:24,,,,,,,401-658-2504,,,Non Client,,,,,,,,2567486831
,,,,Citgo Petroleum,W.A. Devore,,,,,,,,8/1/2021 17:03,,,,,,,918-495-5106,,,Non Client,,,,,,,,2567447623
,,West Hartford,,"Citizen's Oil Co-Op, Inc.",Mark Hutson,,,,,,,,8/1/2021 11:22,,,,,,,860-561-6011,6107,CT,Non Client,"45 South Main Street, Suite 305",,,,,President,,2567486955
,,New London,,City Coal,Richard Manning,,,,,,,,7/31/2021 0:11,,,,,,,860-442-4321,6320,CT,Non Client,410 Bank St.,P.O.Box 470,,,,,,2567487005
,,Glendale,,City Spec Inc,William Crowley,,,,,,,,8/4/2021 19:39,,,,,,,718-849-4900,11385,NY,Non Client,81-32 Margaret Place,,,,,,,2567452995
,,GRANTVILLE,,City Suburban Oil Company,James Talley,,,,,,,,8/4/2021 6:06,,,,,,,,17028,PA,Non Client,PO Box 2240,,,,,,,2567554446
,,Pittsfield,,CJP Association,Daniel Long,,,,,,,,8/3/2021 1:16,,,,,,,207-487-3275,4967,ME,Non Client,3250 Crawford Rd,PO Box 3250,,,,,,2567534640
,,Hughesville,,"CK Business Consultants, Inc.",Gary Papay,,ESPA Member,,4/17/2020 15:37,,,,5/26/2022 10:01,,,,,,,570-584-6488,17737,PA,Non Client; Not Prospect,114 S. Railroad Street,,,4/17/2020 15:36,,,,2567543877
,,St. Albans,,Clarence Brown,Greg Brown,,,,,,,,8/2/2021 9:06,,,,,,,802-524-2400,5478,VT,Non Client,93 Federal Street,,,,,,,2567547354
,,Auburn,,Clark & Company,Lew J. Harthan,,,,,,,,7/31/2021 6:44,,,,,,,207-786-0129,4210,ME,Non Client,358 Washington Street,,,,,,,2567486920
,,West Middlesex,,Clarke Oil,Buhl Clarke,,,,,,,,7/31/2021 9:50,,,,,,,724-528-1011,16159,PA,Non Client,"Route 18, Box 217",,,,,,,2567408411
,,CAPE MAY,,Clark's Oil Service,Clark Morris,,,,,,,,8/1/2021 17:42,,,,,,,,08204-5217,NJ,Non Client,1413 HARBOR LN,,,,,,,2567532234
,,Canastota,,Clark's Petroleum Service,Steve Tornabene,,,,,,,,7/31/2021 13:31,,,,,,,,13032,NY,Non Client,Oxbow Rd,,,,,,,2567336199
,,Potsdam,,Clarkson University,Adam Larkin,,,,,,,,8/1/2021 8:23,,,,,,,,13699,NY,Non Client,32 Elm Street,,,,,,,2567113138
,,BROOKLYN,,Classic Fuel Oil Corp,Pat Turturro,,,,,,,,8/2/2021 18:29,,,,,,,718-384-3712,11211-1019,NY,Non Client,9 WYTHE AVE,,,,,,,2567545545
,,New York,,Classic Harbor Line,Sarah Greer,,,,,,,,7/30/2021 23:06,,,,,,,(212) 627-1825,10011,NY,Non Client,Chelsea Piers,Suite 103,,,,,,2567534754
,,LANGHORNE,,Clayton Fuel Company Inc,Mark Clayton,,,,,,,,8/3/2021 4:20,,,,,,,215-943-9200,19047-0185,PA,Non Client,PO BOX 185,,,,,,,2567113089
,,North Wales,,Clayton Services Corp.,Michael Williams,,,,,,,,8/5/2021 5:15,,,,,,,215-699-6800,19454,PA,Non Client,111 North 2nd Street,,,,,,,2567408454
,,Braintree,,Clean harbors Environmental Services Inc,Michael Fay,,,,,,,,8/4/2021 5:44,,,,,,4141,781-849-1800,02185-9048,MA,Non Client,1501 Washington Street,P.O. Box 859048,,,,,,2567543447
,,CLEARFIELD,,Clearfield Petroleum,Brad Penoyer,,,,,,,,8/4/2021 23:40,,,,,,,,16830-5258,PA,Non Client,PO BOX 1258,,,,,,,2567448180
,,Fitchburg,http://cleghornoil.com/,"Cleghorn Oil Company, Inc. (Peterson Oil)",Ryan Roy,Cleghorn Oil has been serving families and businesses in Central Massachusetts and Southern New Hampshire since 1923. We are dedicated to our communities and provide expert delivery and service teams to ensure efficient home heating throughout the seas...,,Wholesale,3/30/2020 12:22,,,,2/21/2024 20:13,,,,0,2576156220,,978-345-4188,1420,MA,Exceptional Relationship; Not Prospect,409 Princeton Rd,410 Princeton Road,,2/21/2020 14:49,America/New_York,,Cleghornoil1,2567355553
,,Kulpsville,,"Clemens Markets, Inc.",Mark A. Rohrbach,,,,,,,,3/15/2024 14:45,,,,,,,215-361-9000,19443,PA,Non Client; Not Prospect,P.O. Box 1555,,,,,,,2567402513
,,Hermon,,"Cliff Fuel, Inc.",Lee Cliff,,Prospect,,5/1/2020 14:19,,,,8/1/2021 15:56,,,,,,,207-848-5754,4401,ME,Non Client,797 Blackstream Rd,,,4/24/2020 15:10,,,,2567447974
,,UTICA,,Clifford Fuel Company Inc,James Clifford,,,,,,,,8/1/2021 8:23,,,,,,,,13503-0378,NY,Non Client,PO BOX 378,,,,,,,2567537460
,,Brooklyn,,Clifton Energy,Steven Rimmer,,,,,,,,8/1/2021 13:50,,,,,,,(917) 414-3962,11230,NY,Non Client,1147 East 13 Street,,,,,,,2567487413
,,Clinton,,Clinton Oil,Steven Keiswetter,,Out of Business,,6/4/2020 14:13,,,,6/22/2022 23:12,,,,,,,860-664-4095,6413,CT,Non Client,30 Brush Hill Rd,,,4/24/2020 10:57,,,,2567112844
,,Lawrence,https://www.coadystowing.com/,Coady's Garage & Towing Service,frank Coady,"Coady's Towing has been providing professional towing and recovery services since 1972. Our team of professionally trained drivers offers towing, air cushion recovery, and Haz Mat recovery. In addition, our shop provides professional repairs, fabricati...",,Transportation/Trucking/Railroad,2/14/2020 12:56,,,,2/16/2024 6:47,,,,,,,(978) 685-4138,1841,MA,Non Client; Not Prospect,PO Box 98,139 Marston St.,,2/14/2020 12:55,America/New_York,,,2567537219
,,Revere,,"Coastal Oil New England, Inc",Joseph P. Cacciatore,,,,,,,,8/3/2021 6:29,,,,,,,617-286-7100,02151-4096,MA,Non Client,222 Lee Burbank Hwy,,,,,Marketing Representative,,2567525133
,,New Castle,,Cochran Oil & Propane,Tom Cochran,,,,,,,,8/1/2021 11:44,,,,,,,,19720-2204,DE,Non Client,229 Hillview Ave,,,,,,,2567335802
,,Washington,,Coen Oil Company,Andrew McIlvaine,,,,,,,,7/31/2021 15:51,,,,,,,724-225-1300,15301,PA,Non Client,P.O. Box 34,,,,,,,2567336292
,,Washington,,Coen Oil Company,C. Richard Coen,,,,,,,,8/1/2021 10:14,,,,,,,724-225-1300,15301,PA,Non Client,P.O. Box 34,,,,,,,2567534830
,,Pittsburgh,,CoGo's Co.,Joseph N. Donas,,,,,,,,8/4/2021 23:04,,,,,,,412-257-1550,15241,PA,Non Client,2589 Boyce Plaza Road,,,,,,,2567537586
,,SO OZONE PARK,,Cola Fuel Corp,Andrew A Cola,,,,,,,,8/3/2021 6:20,,,,,,,,11420,NY,Non Client,1222-02 149th Avenue,,,,,,,2567408058
,,Elmira,,"Coldiron Fuel, Inc.",Hayward Coldiron,,,,,,,,7/31/2021 21:51,,,,,,,607-734-1508,14901,NY,Non Client,2000 College Ave.,,,,,,,2567402139
,,Middleboro,,Coletti Bros Oil,Peter Coletti,,,,,,,,8/5/2021 2:17,,,,,,,508-947-6377,2346,MA,Non Client,576 Wareham St,,,,,,,2567543448
,,Ravena,,Collins & Son Inc.,"Albert Collins, Jr.",,,,,,,,7/30/2021 14:50,,,,,,,518-756-2070,12143,NY,Non Client,898 SR 143,,,4/17/2020 15:39,,,,2567335954
,,Canton,,Colonial Fuel,Russell Peckham,,,,,,,,8/1/2021 8:23,,,,,,,860-693-8301,06019-0322,CT,Non Client,12 Colonial Rd.,P. O. Box 322,,,,,,2567532470
,,Plymouth,,Colonial Fuel Co,Paul Palingo,,,,,,,,7/30/2021 19:28,,,,,,,508-746-7373,2360,MA,Non Client,2 Pequot Terrace,,,,,,,2567113083
,,Tannersville,,Colonial Oil & Gas,Mathew Leach,,,,,,,,8/4/2021 19:31,,,,,,,518-589-5222,12485-0595,NY,Non Client,Main Street,P. O. Box 595,,,,,,2567402370
,,Chelmsford,,Colonial Oil Co./County Energy,"Lee Marchand, III",,,,,,,,8/3/2021 1:39,,,,0,2567486998,,(978) 256-0151,1824,MA,Non Client,8 Emerson Drive,,,,,,,2567537236
