About Us,CAP/ Budget ,City,Company Domain Name,Company name,Contact,Description,ID/Status,Industry,Last Activity Date,Last Contacted,Last Engagement Date,Last Logged Call Date,Last Modified Date,Lead Status,Merged Company IDs,NOTE WORTHY,Number of child companies,Parent Company,Phone Ext-,Phone Number,Postal Code,State/Region,Status (Relationship),Street Address,Street Address 2,Target Account,Time First Seen,Time Zone,Title,Twitter Handle,Organization Id
,,BELFAST,,Robbins Brothers Fuel Co,Robert Duval,,Prospect,,6/15/2020 10:24,,,,8/14/2023 13:25,,,,,,,207-338-2550,04915-6501,ME,Non Client; Not Prospect,142 CHURCH ST,,,4/24/2020 15:10,,,,2567447863
,,Newtown,,"Robert H. Dilks, Inc.","Robert H. Dilks, Jr.",,,,,,,,8/1/2021 22:52,,,,,,,215-968-2700,18940,PA,Non Client,1 N. Sycamore Street,,,,,,,2567536476
,,Avon,,"Robert Hensley & Assoc., LLC","Robert S. Hensley, CLU",,,,,,,,7/31/2021 19:31,,,,,,3004,860-678-1090,06001-0688,CT,Non Client,20 Avon Meadow Lane,Suite 250,,,,,,2567543630
,,NEWTOWN,,"Robert Kenderdine And Son, Inc.",Robert Kenderdine,,,,,,,,8/2/2021 9:05,,,,,,,,18940-0838,PA,Non Client,PO BOX 877,,,,,,,2567447916
,,Manchester,,"Robert L. Corallino, Inc.",Robert Corallino,,,,,,,,8/2/2021 0:16,,,,,,,603-623-5557,03104-3008,NH,Non Client,114 Bay Street,,,,,President-CPA,,2567537401
,,Skippack,,"Robert Marshall, Inc.","Glenn T. Dickey, Sr.",,,,,,,,7/31/2021 12:15,,,,,,,610-584-4098,19474,PA,Non Client,P.O. Box 512,,,,,,,2567536539
,,JIM THORPE,,Robert S. Kuhn Plumbing-Htg-Fuel Oil,"Robert Kuhn, Sr.",,,,,,,,8/2/2021 7:18,,,,,,,,18229-2124,PA,Non Client,624 NORTH ST,,,,,,,2567552800
,,Burlington,,Roberto Fuel Corp,Charles Roberto,,,,6/15/2020 10:49,,,,8/1/2021 0:20,,,,0,2567355615,,617-272-8362,1803,MA,Non Client,8 MIldred Rd,,,2/21/2020 12:11,,,,2567534651
,,Beaver,,Roberts Oil Co. Inc,Richard Roberts,,,,,,,,8/2/2021 5:00,,,,,,,724-775-3300,15009,PA,Non Client,PO Box 70,,,,,,,2567335906
,,LUZERNE,,Roberts Oil Company,Gordon Roberts,,,,,,,,7/31/2021 12:05,,,,,,,,18709-1013,PA,Non Client,370 MAIN ST,,,,,,,2567547472
,,Hudson Falls,,Robinson and Son LLC,Peter Robinson,,,,,,,,8/3/2021 3:23,,,,,,,(518) 749-9230,12839,NY,Non Client,P.O. Box 432,,,,,President,,2567336273
,,Oceanside,,Rocklyn Fuel Oil Corp.,Ray Solinger,,,,,,,,7/30/2021 23:53,,,,,,,516-764-2212,11572-0220,NY,Non Client,PO BOX 220,200 Atlantic Avenue,,,,,,2567447988
,,Bronx,,Rockway Fuel Oil Corp.,Dominick Rutigliano,,,,,,,,7/30/2021 15:11,,,,,,,718-585-8300,10454-2495,NY,Non Client,729 E. 140 Street,,,,,,,2567537480
,,Holbrook,,Rocky & Marciano Fuel Oil Corp.,Eileen Marciano,,,,4/20/2020 16:02,,,,8/2/2021 0:38,,,,,,,516-467-6646,11741,NY,Non Client,1081 Main Street,,,,,,,2567487143
,,New Haven,,Rocky's Fuel Company,Anthony Tutino,,,,,,,,7/31/2021 16:59,,,,,,,203-562-6918,6519,CT,Non Client,575 Columbus Ave,P.O. Box 7147,,,,,,2567401870
,,Johnson,,Rod & Son Heating Oil,Rod/Don Patterson,,,,,,,,8/4/2021 20:05,,,,,,,802-635-2812,5656,VT,Non Client,3761 Vt Rt 100 C,,,,,,,2567552873
,,Albany,,"Roland, Fogel, Koblentz & Petroccine LLP",Emilio Petroccione,,,,,,,,8/2/2021 0:54,,,,,,,518-434-8112,12207,NY,Non Client,1 Columbia Place,,,,,,,2567452717
,,PATERSON,,Romary Oil Company,Ron Romary,,,,,,,,8/2/2021 3:59,,,,,,,,07543-0331,NJ,Non Client,PO BOX 331,,,,,,,2567554345
,,Rome,,"Rome Oil & Coal Co., Inc.",D. Kelley,,,,,,,,7/31/2021 16:23,,,,,,,315-336-8350,13442-0206,NY,Non Client,200 Henry Street,PO Box 206,,,,,,2567532390
,,Bronxville,,Ronco Fuel,Ron Barsky,,,,,,,,8/4/2021 3:24,,,,,,,718-409-4937,10708,NY,Non Client,P.O. Box 505,,,,,,,2567487427
,,ROSELLE,,Roselle Globe Fuel Company,William Pitman,,,,6/15/2020 11:01,,,,8/5/2021 2:29,,,,,,,908-245-0333,07203-2014,NJ,Non Client,138 E 11TH AVE,,,4/27/2020 13:36,,,,2567408046
,,ROCKLEDGE,,Rosetta Oil,Gene Waldman,,,,,,,,7/31/2021 3:34,,,,,,,,19111,PA,Non Client,Rockledge & Robbins Avenues,,,,,,,2567452937
,,BURLINGTON,,Rosetta Oil Inc,Don Waldman,,,,,,,,7/30/2021 19:31,,,,,,,,08016-0399,NJ,Non Client,PO BOX 399,,,,,,,2567402394
,,Carney Point,,Ross Enterprises,Robert Griscom,,,,,,,,6/5/2022 1:52,,,,,,,856-299-8700,8069,NJ,Non Client,245 North Virgina Avenue,,,4/27/2020 13:36,,President,,2567355665
,,Salem,,"Ross Fogg & Son Oil Co., Inc.",Ross Fogg Jr.,,Referral,,,,,,8/4/2021 21:36,,,,,,,856-935-0779,08079-1289,NJ,Non Client,182 Hancocks Bridge Rd.,,,4/27/2020 13:36,,President,,2567486930
,,Westmoreland,,Roth Industries,Brian Coyne,,,,,,,,7/31/2021 11:24,,,,,,,315-337-4111,13490,NY,Non Client,7245 E. Carter,,,,,,,2567447900
,,Chambersburg,,Rotz Oil,Lynn E. Rotz,,,,,,,,8/4/2021 18:53,,,,,,,717-264-8174,17201,PA,Non Client,670 Bowman Road,,,,,,,2567408431
,,Greene,,Rounds Fuel Service,John Pilkington,,,,,,,,7/30/2021 20:51,,,,,,,607-656-8611,13778,NY,Non Client,37 Genesee Street,PO BOX 567,,,,,,2567525505
,,Brackney,,Rounds Propane,David Stanley,,,,,,,,8/4/2021 21:16,,,,,,,717-553-4245,18812,PA,Non Client,RR2 Box 2800,,,,,,,2567525436
,,Dover,,Rowell & Watson Co.,Paul Reilly,,Prospect,,6/15/2020 11:07,,,,3/31/2022 16:41,,,,,,,603-742-2418,3820,NH,Non Client; Not Prospect,547 Central Ave,,,4/24/2020 15:10,,,,2567525283
,,Adams,,Rowley Fuels,Tim Rowley,,,,,,,,7/31/2021 10:26,,,,,,,413-743-1100,1220,MA,Non Client,P. O. Box 184,,,,,,,2567486924
,,Ephrata,,"Roy  W. Zimmerman & Sons, Inc.",Dale Zimmerman,,,,,,,,8/1/2021 19:54,,,,,,,717-733-8161,17522-0462,PA,Non Client,P.O. Box 462,,,,,President,,2567547506
,,Ashburnham,,Roy Bros. Oil & Propane,Deb Barry,,,,3/3/2020 12:06,,,,7/31/2021 18:19,,,,0,2567487154,,978-827-5280,1430,MA,Non Client,PO BOX 802,4 South Main Street,,,,,,2567407849
,,Old Town,,Roy Brothers Inc,Henry Tyler,,prospect,,,,,,6/17/2022 13:11,,,,,,,207-837-4416,4468,ME,Non Client,594 Stillwater Avenue,,,4/24/2020 15:10,,,,2567336177
,,Baltimore,,Royal Farms,Rob Rinehart,,,,,,,,8/1/2021 17:42,,,,,,,410-889-0200,21211,MD,Non Client,3611 Roland Avenue,,,,,,,2567355474
,,Trumbull,,Royal Fuel Company,Dominick Fusco,,,,,,,,7/31/2021 5:23,,,,,,,203-361-8165,6611,CT,Non Client,7073 Main St.,,,,,,,2567401977
,,Ashland,,Royal Fuel Products,"Bill Groody, Jr.",,,,,,,,7/30/2021 14:25,,,,,,,570-875-3532,17921,PA,Non Client,666 Spring St,,,,,,,2567545532
,,SALEM,,Royal Oil,Barry DeFrancesco,,,,,,,,7/31/2021 10:09,,,,,,,508-745-5566,01970-0229,MA,Non Client,PO BOX 229,,,,,,,2567532314
,,So Portland,,Royal Oil Co.,Ronald F. Blanchard,,,,,,,,8/3/2021 0:13,,,,,,,207-775-1254,4106,ME,Non Client,,,,,,,,2567486919
,,Allentown,,"Rudy & Sons, Inc.",Rudolph Marmelo. Jr.,,,,,,,,7/31/2021 9:24,,,,,,,610-226-3860,18109,PA,Non Client,220 Lloyd Street,,,,,,,2567355872
,,PHILADELPHIA,,Ruggieri & Sons Fuel Oil Company,Joe Ruggieri,,,,,,,,8/1/2021 23:17,,,,,,,,19147-3624,PA,Non Client,1216 WASHINGTON AVE,,,,,,,2567554435
,,Runnemede,,Runnemede Heating Company,Jim Stanch,,,,,,,,8/2/2021 4:21,,,,,,,856-939-4299,8078,NJ,Non Client,39 N. Black Horse Pike,,,,,,,2567402431
,,Johnston,,Ruotolo's Fuel Inc,Thomas Ruotolo,,,,,,,,8/3/2021 2:01,,,,,,,401-438-7966,2919,RI,Non Client,141 Shun Pike,,,,,,,2567408415
,,HILLSIDE,,Rupe & Sons Heating Service,Carol O'Brien,,,,,,,,7/31/2021 1:06,,,,,,,,07205-2043,NJ,Non Client,430 BLOY ST,,,,,,,2567536460
,,Kutztown,,"Russell E. Conrad, Inc.",Patrick J. Conrad,,,,,,,,8/1/2021 0:40,,,,,,,610-683-8241,19530,PA,Non Client,111 South Maple Street,,,,,,,2567547481
,,MANAHAWKIN,,Russo Fuel Inc,"Robert Russo, Sr.",,,,,,,,8/1/2021 21:10,,,,,,,,08050-3140,NJ,Non Client,11 LETTS AVE,,,,,,,2567554495
,,NEW BRITAIN,,RV Young Fuels Inc,Richard V Young,,,,,,,,8/3/2021 6:21,,,,,,,,18901,PA,Non Client,PO Box 39,,,,,,,2567113203
,,UNION,,Ryan Heating And Cooling Inc.,Tim Ryan,,,,,,,,8/1/2021 18:03,,,,,,,,07083-7626,NJ,Non Client,741 LEHIGH AVE,,,,,,,2567336353
,,DANBURY,,Rye Fuel,Ken Saloom,,,,,,,,7/31/2021 10:24,,,,,,,,06810-6812,CT,Non Client,170 WHITE ST,,,,,,,2567447733
,,Portsmouth,,Rye Fuel,Ralph Freeman,,Prospect,,4/29/2020 15:06,,,,7/30/2021 23:33,,,,0,2567547482,,603-964-8900,3801,NH,Non Client,225 Greenleaf Avenue,,,4/29/2020 11:28,,,,2567545386
,,Deer Park,,S & M Home Heating Corp.,"Santo Macaluso, Jr.",,,,,,,,8/1/2021 18:58,,,,,,,631-667-8000,11729,NY,Non Client,651 Grand Blvd.,,,,,,,2567453093
,,Newington,,S & S Energy,Steve Slawnwhite,,,,,,,,7/30/2021 21:56,,,,,,,603-431-3020,3801,NH,Non Client,21 River Rd,,,,,,,2567407897
,,WEST BABYLON,,S & S Fuel,Steve Evangelista,,,,,,,,8/1/2021 16:53,,,,,,,,11704-5654,NY,Non Client,441 FALMOUTH RD,,,,,,,2567355710
,,Manchester,,S & S Oil Co,William Hill,,,,,,,,7/31/2021 21:47,,,,,,,860-646-1938,6040,CT,Non Client,99 ashworth street,,,,,,,2567452760
,,West Newton,,S & U Coal & Oil Company,Frank A. Rocco,,,,,,,,8/1/2021 22:54,,,,,,,724-872-6488,15089,PA,Non Client,Box 146,,,,,,,2567543843
,,Dillsburg,,"S & W Petroleum Services, Inc.",C. L. Sterner,,,,,,,,8/1/2021 7:28,,,,,,,717-766-3331,17019,PA,Non Client,134 Meadow Trail,,,,,,,2567408181
,,West Grove,,"S. C. Shortlidge, Inc.","S. C. Shortlidge, III",,,,,,,,8/2/2021 22:30,,,,,,,610-869-2411,19390,PA,Non Client,P.O. Box 26,,,,,,,2567487202
,,Roxbury,,S. G. Lutz & Son Inc.,Sam Lutz,,,,,,,,8/1/2021 16:05,,,,,,,607-326-4201,12474,NY,Non Client,295 Locust St.,P. O. Box 285,,,,,,2567536489
,,Branford,,S. Russo Fuel Oil & Heating Service,Jim Russo,,,,,,,,8/1/2021 19:52,,,,,,,203-481-5125,6405,CT,Non Client,12 Brocketts Point Rd,,,,,,,2567534678
,,Warminster,,"S. W. Krout,  Inc.",Gary S. Krout,,,,,,,,7/31/2021 16:41,,,,,,,215-672-3237,18974,PA,Non Client,273 E. Street Road,,,,,,,2567487417
,,WILLIAMSPORT,,"Sabeh Enterprises, Inc. D/B/A Valley Pet",Stanley Sabeh,,,,,,,,8/5/2021 1:25,,,,,,,,17703-1253,PA,Non Client,PO BOX 1253,,,,,,,2567453117
,,Bedford,,"SAC, Inc.",Jeffrey S. Calhoun,,,,,,,,8/4/2021 22:12,,,,,,,814-623-8114,15522,PA,Non Client,4588 Business 220,,,,,,,2567487168
,,Bedford,https://sacinc.net/,"SAC, Inc.",John Logue,"Best in Class Heating Oil & Propane Provider SAC Energy proudly delivers Heating Oil, Off Road Diesel, Kerosene. We offer the best price in town, great discounts, and a complete online ordering system! With a SAC Energy account you can order, schedule,...",,Oil & Energy,,,,,2/22/2024 11:54,,,,,,,814-623-8114,15522,PA,Non Client,4588 Business 220,,,,America/New_York,,thesacfamily,2567408149
,,Marysville,,Sadler Oil Co.,R. Michael Sadler,,,,,,,,8/1/2021 5:28,,,,,,,800-733-2127,17053,PA,Non Client,P.O. Box 116,,,,,,,2567532447
,,Shelton,,Salemme Oil Company,Joe Salemme,,,,,,,,8/2/2021 2:25,,,,,,,203-924-2612,6484,CT,Non Client,31 Soundridge Rd,PO BOX 334,,,,,,2567407905
,,Brooklyn,,Sallustio & Son Fuel Oil Co.,John Sallustio,,,,4/9/2020 12:52,,,,8/4/2021 21:37,,,,,,,718-858-9080,11231,NY,Former Hedge Client,419 Court st,,,,,,,2567452862
,,SPARTA,,Salmon Oil Company,Leslie Shauger,,,,,,,,8/2/2021 6:20,,,,,,,,07871-3518,NJ,Non Client,356 LAFAYETTE RD,,,,,,,2567402363
,,MIDDLETOWN,,Sam Fast & Sons Inc.,Sam Fast,,,,,,,,7/31/2021 4:11,,,,,,,,10940-0699,NY,Non Client,PO BOX 699,,,,,,,2567537662
,,ROCHESTER,,Samson Fuel & Trucking,Linda Fedele,,,,,,,,8/4/2021 23:46,,,,,,,716-254-6010,14606,NY,Non Client,1376 EMERSON ST,,,,,,,2567543786
,,Jaffrey,,Sangermano Oil Co.,Antonio Sangermano,,,,,,,,8/5/2021 2:53,,,,,,,603-532-7705,3452,NH,Non Client,7 Highland Avenue,,,,,,,2567452864
,,South Amboy,,Sanitary Fuels Co Inc,Jessica Lopez,,,,,,,,5/10/2022 14:01,,,,,,,(732) 721-0080,8879,NJ,Non Client,408 Leffert Street,,,4/27/2020 13:36,,,,2567336334
,,Staten island,,Sano Fuel Oil Co./Island Fuel,Jack Sano,,,,,,,,7/31/2021 21:12,,,,,,,718-981-7286,10303,NY,Non Client,23A Granite Avenue,,,,,,,2567112939
,,Melrose,,Sargents Oil Co.,Bob Sargent,,,,,,,,8/3/2021 20:10,,,,,,,617-665-7787,2176,MA,Non Client,58 Tappan Street,,,,,,,2567408011
,,VINELAND,,Sasdelli Oil Company,Terry Sasdelli,,,,,,,,8/3/2021 18:06,,,,,,,,08360-3738,NJ,Non Client,531 E PEACH ST,,,,,,,2567547334
,,Markleysburg,,Savage Plumbing & Heating,Edward Savage,,,,,,,,8/1/2021 6:26,,,,,,,(724) 329-4909,15459,PA,Non Client,448 Flatrock Rd,,,,,,,2567547548
,,East Providence,,Savard Oil Co,Ernie,,,,,,,,8/3/2021 3:58,,,,,,,401-438-5622,2914,RI,Non Client,29 Whelden Ave,,,,,,,2567554455
,,South Berwick,,Save-On Fuel Corp,Ron Roberge,,,,,,,,8/1/2021 14:26,,,,,,,207-363-8321,3908,ME,Non Client,11 Pond Rd,,,,,,,2567543488
,,East Hartford,,Savin Fuel Company,David Savin,,,,,,,,8/1/2021 0:22,,,,,,,,6108,CT,Non Client,P.O. Box 8405,,,,,,,2567538462
,,Southington,,Sav-Mor Cooling & Heating Inc.,Gary Karwowski,,,,,,,,8/4/2021 5:30,,,,,,,(860) 621-9959,6489,CT,Non Client,231 Captain Lewis Drive,,,,,,,2567453029
,,Pittsfield,,Sav-Mor Oil Co,Steve Daly,,,,,,,,7/31/2021 6:50,,,,0,2567401915,,413-499-9962,1202,MA,Non Client,P O Box 841,,,,,,,2567407980
,,North Haven,,Sawicki Oil Company,Chester Sawicki,,,,,,,,8/5/2021 2:40,,,,,,,,6473,CT,Non Client,15 Drazen Drive,,,,,,,2567355552
,,Old Saybrook,,Saybrook Oil Co.,Charles Hall,,,,,,,,8/2/2021 1:22,,,,,,,860-388-4448,6475,CT,Non Client,950 Middlesex Tpke,P.O. Box 777,,,,,,2567536289
,,Sayville,,"Sayville Ferry Service, Inc.",Ken Stein,,,,,,,,3/15/2024 14:52,,,,,,,(631) 589-0810,11782,NY,Non Client; Not Prospect,P.O. Box 626,41 River Road,,,,President,,2567448147
,,Huntington Station,,Scalzo Utilities,John Scalzo,,,,,,,,7/31/2021 13:43,,,,,,,631-427-2922,11746,NY,Non Client,115 West 11th Street,,,,,,,2567536304
,,Winsted,,SCASCO Energy,William Harding,,,,6/15/2020 13:46,,,,7/31/2021 19:23,,,,,,,860-379-3399,6098,CT,Non Client,22 Rowley Street,,,4/24/2020 10:57,,,,2567525088
,,Seaford,,Schaeffer Specialized Lubricants,Alan Bradley,,,,,,,,7/31/2021 15:42,,,,,,,302-628-9204,,DE,Non Client,2929 Woodland Ferry Rd,,,,,,,2567112874
,,MANASQUAN,,"Schafer Oil Company, Inc.",Lori Schafer,,,,,,,,8/4/2021 19:00,,,,,,,,08736-0318,NJ,Non Client,PO BOX 318,,,,,,,2567402106
,,Glenmont,,Scharff's Oil & Trucking Co.,John Scharff,,,,,,,,7/30/2021 21:57,,,,,,,518-465-3861,12077,NY,Non Client,25 Mosher Rd.,,,,,,,2567545404
,,East Hampton,,"Schenck Fuels, Inc.",Rodney Herrlin,,,,,,,,8/1/2021 10:59,,,,,,103,631-324-0142,11937,NY,Non Client,62 Newtown Lane,,,,,,,2567547576
,,BUFFALO,,Schmitt Sales Inc,Richard Hall,,,,,,,,8/5/2021 2:43,,,,,,,,14221-2055,NY,Non Client,2101 SAINT RITAS LN,,,,,,,2567408127
,,Millersburg,,Schoffstalls Plumbing & Heating,John Schoffstalls,,,,,,,,8/5/2021 4:00,,,,,,,717-692-4439,17061,PA,Non Client,673 East Union St,,,,,,,2567336227
,,Niagara Falls,,"Schrack Oil, Inc.",Donna Winstanley,,,,,,,,8/5/2021 4:33,,,,,,,716-283-7633,14304-0259,NY,Non Client,161 86th Street,PO Box 259,,,,,,2567447702
,,Loganton,,Schracks Valley Service,Lee N. Schrack,,,,,,,,8/1/2021 8:53,,,,,,,570-725-2751,17747,PA,Non Client,Box 42,,,,,,,2567113140
,,Hanover,,"Schuchart Oil Co., Inc.",Philip Schuchart,,,,,,,,8/4/2021 3:51,,,,,,,717-637-2156,17331,PA,Non Client,P. O. Box 523,,,,,,,2567554453
,,ROCHESTER,,Schwalb Coal & Oil Inc,Fred Schleber,,,,,,,,7/31/2021 19:00,,,,,,,,14609-7447,NY,Non Client,1866 MAIN ST E,,,,,,,2567113044
,,Mahopac,https://sclafanienergy.com/,Sclafani Petroleum,Maureen Sclafani,"Sclafani Energy is a full-service company that specializes in providing heating oil, petroleum, HVAC, and propane products and services. They offer sales, installation, and maintenance of heating and cooling systems, hot water heaters, dehumidifiers, a...",,Oil & Energy,4/20/2020 16:09,,,,2/22/2024 14:17,,,,,,,845-628-1330,10541,NY,Non Client,52 Croton Falls Rd,,,4/20/2020 16:08,America/New_York,,,2567536362
,,Carmel,,"Sclafani Petroleum, Inc.",Jerome Sclafani,,,,,,,,8/3/2021 7:30,,,,,,,(845) 628-1330,10512,NY,Non Client,P. O. Box 700,,,,,,,2567532451
,,Williamsburg,,Scott's Heating Service,Ken Scott,,,,,,,,8/1/2021 9:08,,,,,,,413-268-9289,1096,MA,Non Client,23 Main St.,,,,,,,2567402102
,,Frankford,,"Scott's Refrigeration & Air Conditiioning, Inc.",Scott Barnfield,,,,,,,,8/2/2021 5:45,,,,,,,(302) 732-3736,19945,DE,Non Client,32327 Wingate Rd,,,,,,,2567112873
,,Sunbury,,Scullin Oil Company,Robert K. Scullin,,,,6/1/2020 13:15,,,,7/31/2021 9:01,,,,0,2567536537,,570-286-4519,17801,PA,Non Client,P.O. Box 350,,,4/30/2020 15:41,,,,2567537461
,,Mattapoisett,,Sea Gas Corp.,David bancroft,,,,,,,,7/31/2021 1:59,,,,,,,508-758-4338,2739,MA,Non Client,P.O. Box 959,,,,,,,2567487052
,,NEW BEDFORD,,Sea Land,Jerry Wheeler,,,,,,,,7/31/2021 14:37,,,,,,,,02741-2009,MA,Non Client,PO BOX 2009,,,,,,,2567486898
,,Guilford,,Seaboard Inc,William Bussman,,,,,,,,8/1/2021 0:32,,,,,,,203-453-5206,6437,CT,Non Client,417 Boston Post Rd,,,,,,,2567543538
,,NORTH BRANFORD,,Seaboard Oil Service,Kieth Erskine,,,,,,,,8/4/2021 23:42,,,,,,,,06471-1503,CT,Non Client,1640 FOXON RD,,,,,,,2567112838
,,SEABOARD,,Seaboard Service,Gil Newman,,,,,,,,8/3/2021 22:58,,,,,,,,7775,NJ,Non Client,P.O. Box 248,,,,,,,2567452701
,,South Hampton,,Seacoast Fuel d/b/a Midway Oil,charlie minutelli,,,,,,,,8/5/2021 1:20,,,,,,,(603) 394-7405,03827-3612,NH,Non Client,84 Exeter Road,,,,,,,2567554364
,,Glenwood Landing,,Seaman's Fuel Oil,Butch Seaman,,,,,,,,8/1/2021 3:38,,,,,,,,11547,NY,Non Client,133 Glenwood Road,,,,,,,2567336200
,,ROME,,Sears Oil Company,Thomas Sears,,,,,,,,8/1/2021 22:49,,,,,,,315-337-1232,13440,NY,Non Client,PO BOX 389,1914 Black River Blvd,,,,,,2567453164
,,Atlantic Highlands,,Seastreak LLC,John Bevins,,,,,,,,3/15/2024 15:23,,,,,,,(800) 262-8743,7716,NJ,Non Client; Not Prospect,2 First Ave,,,,,Vice President,,2567408388
,,SECAUCUS,,Secaucus Fuel Supply,Marvin Bercaw,,,,,,,,8/4/2021 22:07,,,,,,,,07094-3229,NJ,Non Client,1261 PATERSON PLANK RD,,,,,,,2567402366
,,Selkirk,,Security Supply Corp.,Brian Fowler,,,,,,,,8/2/2021 1:30,,,,,,,518-767-2226,12158,NY,Non Client,196 Maple Avenue,,,,,,,2567534813
,,Easton,,"Seifert Enterprises, Inc.",April C. Seifert,,,,,,,,7/30/2021 23:06,,,,,,,610-252-4195,18040,PA,Non Client,1206 Mitman Road,,,,,,,2567547547
,,Clarion,,"Selker Bros., Inc.",Bernard Selker,,,,,,,,8/1/2021 19:07,,,,,,,814-764-5721,16214,PA,Non Client,15303 Rt 322,,,,,,,2567545511
,,Bellmore,,Seneca Fuel  Oil Corp dba Affordable Fuels,Mike Pantony,,,,,,,,8/5/2021 4:14,,,,,,,(516) 826-0099,11710,NY,Non Client,2061 Bellmore Avenue,,,,,,,2567453082
,,Bellmore,,Seneca Fuel Oil Co,Frank Lepore,,,,,,,,8/4/2021 6:18,,,,,,,(516) 826-0099,11710-5603,NY,Non Client,2064 Bellmore Ave,,,,,,,2567355593
,,BETHLEHEM,,"Senick, Inc.",John Senick,,,,11/22/2023 9:38,,,,11/22/2023 9:38,,,,,,,,18020-6301,PA,Non Client; Not Prospect,1603 FREEMANSBURG RD,,,,,,,2567487161
,,Rutland,,"Sentry Oil, Inc.",Brian Stidsen,,,,,,,,7/30/2021 19:10,,,,,,,508-886-4337,01543-0424,MA,Non Client,P.O. Box 424,228 Main St. (RT 122A),,,,,,2567355611
,,Hebron,,Serve-All Burner Company,Don Keeney,,,,,,,,8/3/2021 5:26,,,,,,,,6248,CT,Non Client,87 Burnt Hill Road,,,,,Owner,,2567487294
,,Pawling,,Serve-All Oil Co.,Anthony Delango,,,,,,,,7/31/2021 14:41,,,,,,,845-855-3705,12564,NY,Non Client,841 Route 22,,,,,Owner,,2567537632
,,Leominster,,Service Oil,Bill Downey,,,,,,,,8/1/2021 0:42,,,,,,,(978) 466-1922,1453,MA,Non Client,435 Lancaster Street,,,,,,,2567112899
,,Harrisburg,,Service Oil Co.,Dominic Dovidio,,,,,,,,8/2/2021 0:52,,,,,,,717-564-1657,17111,PA,Non Client,3798 Paxton St,,,,,,,2567532445
,,Kennebunk,,Service Plus,Ronald Skinner,,formerhdg,,4/9/2020 14:35,,,,6/27/2022 0:17,,,,,,,207-985-4140,4043,ME,Former Hedge Client,P.O. Box 887,,,4/24/2020 15:10,,,,2567335877
,,Windber,,Shaffer Oil Company,Melissa Sunday,,,,,,,,8/2/2021 23:48,,,,,,,814-467-7009,15963-2099,PA,Non Client,409 Nineteenth Street,,,,,,,2567113162
,,TURNERS FALLS,,Shanahan Companies,John Shanahan Jr.,,,,,,,,8/1/2021 6:42,,,,,,,,01376-1817,MA,Non Client,298 AVENUE A,,,,,,,2567537554
,,Huntingdon,,Shaner Energy,Barney Dillon,,,,,,,,8/4/2021 21:37,,,,,,,814-627-0600,16652,PA,Non Client,10787 Station Road,,,,,,,2567547582
,,Huntingdon,,Shaner Energy,Steve Fleck,,,,,,,,8/4/2021 20:32,,,,,,,814-627-0600,16652,PA,Non Client,10787 Station Road,,,,,,,2567536607
,,Pottstown,,Shaner's Propane,Karl Shaner,,,,11/22/2023 9:40,,,,11/22/2023 9:40,,,,,,,,19464,PA,Non Client,3000 East High Street,,,,,,,2567355698
,,Sharon,,Sharon Oil & Gas Company,Karl Saliter,,,,,,,,7/30/2021 19:50,,,,,,,860-364-5676,6069,CT,Non Client,30 Jackson Hill Rd,P.O. Box 128,,,,,,2567408255
,,Georgetown,,"Sharp Energy, Inc.",Bill Wood,,,,,,,,8/1/2021 22:03,,,,,,,(302) 856-6648,19947-3166,DE,Non Client,22033 Dupont Blvd,Route 113 North,,,,,,2567487011
,,Dover,,"Sharp Energy, Inc.",Eric Mays,,,,,,,,8/1/2021 18:40,,,,,,,,19901,DE,Non Client,5011 N. Dupont Hwy,,,,,,,2567407823
,,Dover,,"Sharp Energy, Inc.",Marvin Johnson,,,,,,,,7/31/2021 10:43,,,,,,,(302) 734-1184,19903,DE,Non Client,PO Box 1769,,,,,,,2567401871
,,Georgetown,,"Sharp Energy, Inc.",Steven Farkas,,,,,,,,8/1/2021 23:56,,,,,,,,19947,DE,Non Client,22945 East Piney grove road,,,,,,,2567112879
,,Salisbury,,"Sharp Energy, Inc.",Ron Patrick,,,,,,,,7/31/2021 20:58,,,,,,,,21804-5046,MD,Non Client,520 Commerce St,,,,,,,2567407994
,,Fort Edward,,"Shaw Fuel, Inc.",Stefen Strakos,,,,,,,,8/1/2021 16:15,,,,,,,518-793-7755,12828,NY,Non Client,1470 Route 9,,,,,,,2567545492
,,BRIDGEWATER,,Shaw Oil Company,Reginald Shaw,,,,,,,,8/1/2021 7:06,,,,,,,,04735-0036,ME,Non Client,PO BOX 36,,,,,,,2567525113
,,Elliottsburg,,Sheaffer's Oil Service,Barry Sheaffer,,,,,,,,8/4/2021 23:10,,,,,,,717-582-4496,17024,PA,Non Client,P. O. Box 20-C,,,,,,,2567537527
,,Lebanon,,Shelly Oil,David Lauver,,,,,,,,8/3/2021 1:07,,,,,,,717-533-6212,17013,PA,Non Client,1690 Heilmandale Rd,,,,,,,2567487401
,,Elizabethtown,,Shelly Oil Co.,Rhoda K. Lauver,,,,,,,,8/5/2021 0:06,,,,,,,717-367-2737,17022-9759,PA,Non Client,325 Hershey Road,,,,,,,2567336321
,,Johnstown,,Shepard Oil Co.,Dean Shepard,,,,,,,,7/31/2021 5:29,,,,,,,518-762-7812,12095,NY,Non Client,P. O. Box 298,,,,,,,2567401964
,,Boston,,Sherin and Lodgen LLP,Ronald Ruth,,,,,,,,7/31/2021 17:16,,,,,,,617-646-2000,2110,MA,Non Client,100 Summer Street,,,,,,,2567487319
,,MERRICK,,Sherman Fuel Oil Co Inc,Peter Sherman,,,,,,,,8/3/2021 21:16,,,,,,,,11566-3727,NY,Non Client,1700 FARRAGUT RD,,,,,,,2567554419
,,Freeport,,Sheryll G. Corp.,Pius Guoba,,,,,,,,8/1/2021 0:35,,,,,,,(917) 767-2939,11520,NY,Non Client,770 Miller Ave.,,,,,President,,2567547451
,,Dillsburg,,Shillito Oil Inc.,David Lavertue,,,,,,,,8/2/2021 2:50,,,,,,,717-432-9676,17019,PA,Non Client,1014 York Rd.,,,,,,,2567532487
,,Patchogue,,Shore Fuel Oil Inc.,Jim Dixon,,,,,,,,8/2/2021 19:07,,,,,,,631-475-2700,11772-1307,NY,Non Client,629 Medford State Road,,,,,,,2567534781
,,OAKHURST,,Shore Gas & Oil Company,Bob Crewman,,,,,,,,7/30/2021 17:48,,,,,,,,07755-0248,NJ,Non Client,PO BOX 248,,,,,,,2567402268
,,Tower City,,Shuey & Hoffman Fuels,Robert L. Shuey,,,,,,,,8/2/2021 21:54,,,,,,,717-647-9430,17980,PA,Non Client,1234 E. Grand Avenue,,,,,,,2567402280
,,Adamstown,,"Shu-Mar Fuels, Inc.","Richard G. Shuker, Jr.",,,,11/13/2023 15:06,,,,11/13/2023 15:06,,,,,,,610-777-1085,19501,PA,Non Client,P.O. Box 863,,,,,,,2567537512
,,Bronx,,"Sibrizzi Fuel Oil Enterprises, Inc",Steve Sibrizzi,,,,,,,,8/2/2021 15:37,,,,,,,718-547-2067,10469-5906,NY,Non Client,1528 Hawthorne St,,,,,,,2567402021
,,Lebanon,,Sico Company,Harrison Diehl,,,,,,,,8/1/2021 9:32,,,,,,,717-274-3454,17042,PA,Non Client,314 South 16th Street,,,,,,,2567547297
,,Mount Joy,,SICO Petroleum,Mike Reese,,,,4/10/2020 14:49,,,,3/31/2022 14:47,,,,0,3351888324,403,717-653-1411,17552,PA,Not Prospect,15 Mount Joy Street,PO BOX 657,,,,,,2567525427
