About Us,CAP/ Budget ,City,Company Domain Name,Company name,Contact,Description,ID/Status,Industry,Last Activity Date,Last Contacted,Last Engagement Date,Last Logged Call Date,Last Modified Date,Lead Status,Merged Company IDs,NOTE WORTHY,Number of child companies,Parent Company,Phone Ext-,Phone Number,Postal Code,State/Region,Status (Relationship),Street Address,Street Address 2,Target Account,Time First Seen,Time Zone,Title,Twitter Handle,Organization Id
,,Braddock,,"Silberman, A.J & Company",Mark Silberman,,,,,,,,8/2/2021 22:30,,,,,,,412-271-3373,15104,PA,Non Client,838 Braddock Avenue,,,,,,,2567532477
,,Philadelphia,,Silicon Controls Pty Ltd,Jill Poswillo,,,,,,,,3/15/2024 15:02,,,,,,,,19103-3920,PA,Non Client; Not Prospect,1700 Market St Ste 1005,,,,,,,2567487450
,,Sherman,,Silk Oil Company,Matthew Silk,,,,,,,,8/4/2021 22:19,,,,0,2567543643,,(860) 354-4303,6784,CT,Former Hedge Client,141 Rt 39 North,,,,,,,2567537326
,,Lewisburg,,"Silvertip, Inc.",Robert D. Radel,,,,,,,,7/30/2021 20:05,,,,,,,570-523-1206,17837,PA,Non Client,P.O. Box 50,,,,,,,2567536513
,,Southampton,,"Sinkler, Inc.",John Michel,,,,,,,,7/31/2021 10:03,,,,,,,800-227-4328,18966,PA,Non Client,P.O. Box 1704,,,,,,,2567453193
,,Staten Island,,Sipco Oil Co.,George J. Pastor,,,,,,,,8/3/2021 4:46,,,,,,,718-448-3750,10303,NY,Non Client,2541 Richmond Terrace,,,,,Manager - Service and Transportation,,2567355907
,,Pascoag,,Sirois & Sons Oil Co.,Jerry Sirois,,,,,,,,7/30/2021 22:57,,,,,,,401-568-7300,2859,RI,Non Client,664 Town Farm Rd.,P.O. Box 362,,,,,,2567335999
,,BREWER,,SJ Proctor Inc,Stephen Proctor,,,,,,,,8/1/2021 12:57,,,,,,,,04412-0303,ME,Non Client,PO BOX 303,,,,,,,2567525278
,,Mansfield,,"Skinner Associates, Inc",Thomas Skinner,,,,6/24/2020 12:26,,,,4/1/2022 13:50,,,,,,101,(781) 455-0600,2048,MA,Non Client; Not Prospect,800 S Main St suite LL2,,,,,,,2567447646
,,Philadelphia,,Slabek Fuels,David T. Slabek,,,,,,,,8/3/2021 14:06,,,,,,,215-535-6050,19134,PA,Non Client,3541-61 Cedar Street,,,,,,,2567543869
,,Boston,,"Smith Barney, Harris Upham & Co., Inc","Albert J. Bernazani, CFP",,,,,,,,8/3/2021 23:08,,,,,,,617-570-9444,2109,MA,Non Client,Exchange Place,,,,,VP-Investments,,2567382973
,,NORWICH,,Smith Brothers Energy Centers,Peter Metivier,,,,,,,,8/2/2021 1:34,,,,,,,860-887-3581,06360-0431,CT,Non Client,PO BOX 431,598 West Main St,,,,,,2567536175
,,NEW GRETNA,,Smith Brothers Fuel,Gary Smith,,,,,,,,8/3/2021 1:04,,,,,,,,08224-0245,NJ,Non Client,PO BOX 245,,,,,,,2567536463
,,Northern Cambria,,Smith Coal & Oil Company,Ken Smith,,,,,,,,7/30/2021 14:48,,,,,,,(814) 948-4708,15714,PA,Non Client,1030 Shawna Road,,,,,,,2567448122
,,MY Holly,,Smith Oil,Ann Harriett,,,,,,,,8/1/2021 1:01,,,,,,,609-267-0130,,NJ,Non Client,PO Box 248,,,,,,,2567355940
,,Beacon Falls,,Smith Oil Company,Peter Smith,,,,,,,,8/1/2021 14:19,,,,0,2567113257,,(203) 729-6716,6403,CT,Non Client,55 Bethany Road,,,,,,,2567448007
,,Latrobe,https://www.smithpropaneandoil.com/,Smith Propane and Oil,Todd Edmiston,"Propane, Heating Oil, Commercial Fuel Services Western PA (800) 814 2822 At Smith Propane & Oil, we only offer Ultra Heat Premium Home Heating Oil at a price that is anything but premium. Our detergent enhanced home heating fuel helps prevent the forma...",,Oil & Energy,5/12/2020 12:45,,,,2/18/2024 17:09,,,,1,2567487164,,724-537-2033,15650,PA,Non Client,P.O. Box 126,,,4/13/2020 12:41,America/New_York,,,2567113257
,,Gap,,Smucker Propane,Carolyn Smucker,,,,,,,,8/1/2021 16:40,,,,,,,,17527-9784,PA,Non Client,5490 Elam Rd,,,,,,,2567408234
,,St. Albans,,Snowman's Oil & Soil,Scott Curtis,,,,4/13/2020 12:56,,,,8/2/2021 18:32,,,,1,,,(207) 938-4528,4971,ME,Former Hedge Client; Exceptional Relationship,160 Hartland Road,,,,,,,2567525364
,,St. Albans,,"Snowman's Oil & Soil, Inc.",Michael A. Snowman,,formerhdg,,4/13/2020 12:57,,,,6/21/2022 22:42,,,,0,2567525364,,207-938-4528,4971,ME,Non Client,168 Hartland Rd.,,,4/24/2020 15:10,,,,2567554372
,,Newport,,Snyder Fuel Service,Timothy Snyder,,,,,,,,7/30/2021 22:24,,,,,,,,13416-0420,NY,Non Client,PO Box 420,,,,,,,2567408373
,,Coatesville,,Snyder Petroleum,George or Sarah Snyder,,,,,,,,8/1/2021 20:14,,,,,,,610-942-2648,19320,PA,Non Client,160 Camp Stewart Road,,,,,,,2567547344
,,Douglas,,"Sochia's Oil & Gas, Inc.",Leon T. Sochia IV,,MOC Retail Members,,5/7/2020 12:41,,,,8/2/2021 5:49,,,,,,,508-476-2278,01516-0647,MA,Non Client,P. O. Box 647,13 Cook Street,,5/5/2020 15:42,,,,2567537225
,,East Haven,,Solar Fuel Oil Co,James Russo,,,,,,,,8/1/2021 17:13,,,,,,,203-468-0036,6512,CT,Non Client,641 Main St,,,,,,,2567537599
,,Walpole,,Solion,Brett Burbank,,,,,,,,7/30/2021 23:47,,,,,,,508-850-3500,2081,MA,Non Client,100 Elm Street,,,,,,,2567487315
,,Somerset,,Somerset Fuel Company,Larry Tunstall,,,,,,,,8/4/2021 5:35,,,,,,,814-445-5426,15501,PA,Non Client,P.O. Box 430,,,,,,,2567545434
,,Skowhegan,,Somerset Oil Co,Mark Frost,,,,,,,,7/31/2021 1:03,,,,,,,207-474-8338,4976,ME,Non Client,122 E Front St,PO BOX 433,,,,,,2567525276
,,Norwalk,,Sono Energy,Teresa Gonzalez,,,,,,,,8/2/2021 2:22,,,,,,,(203) 866-7711,6850,CT,Non Client,"9 Mott Ave, Suite 203",,,,,,,2567525017
,,WERNERSVILLE,,South Mountain Oil Company,Marvin Stump,,,,,,,,8/2/2021 7:23,,,,,,,,19565-9644,PA,Non Client,6841 PENN AVE,,,,,,,2567355624
,,Southold,,Southampton Coal and Produce,Joseph Macchia,,,,,,,,8/3/2021 2:39,,,,,,,,11931,NY,Non Client,340 Bay Haven Lane,,,,,,,2567536601
,,Southampton,https://hardyenergyli.com/,Southampton Oil Inc. aka Hardy Energy,Paul Schott,Give us a call and we can discuss how we can improve your home heating while saving you money!,,Renewables & Environment,,,,,2/22/2024 13:14,,,,,,,631-283-9607,11968,NY,Non Client,1654 North Hwy County Road 39,,,4/20/2020 16:36,America/New_York,,,2567534868
,,WATERBURY,,Southern New England Ice & Oil,Jim Todd,,,,,,,,7/31/2021 6:56,,,,,,,,06708-4306,CT,Non Client,267 RAILROAD HILL ST,,,,,,,2567113288
,,Bridgeport,,Southern New England Ice & Oil,William Griffin,,,,,,,,7/30/2021 17:28,,,,,,,203-334-6181,6608,CT,Non Client,750 Knowlton St,,,,,,,2567543495
,,Hartford,,Southern New England Ice and Oil,William Griffin,,,,6/15/2020 14:36,,,,8/2/2021 6:31,,,,,,,860-951-5281,6106,CT,Non Client,101 Pope Park Hwy #4,,,4/24/2020 10:57,,,,2567355718
,,SOUTHINGTON,,Southington Oil Company,Joseph Giammatteo,,,,,,,,8/3/2021 2:04,,,,,,,,06489-3532,CT,Non Client,4 W CENTER ST,,,,,,,2567401855
,,Clifton park,,Southworth-Milton Inc.,Wayne Clark,,,,,,,,7/31/2021 9:48,,,,,,,518-877-8000,12065,NY,Non Client,500 Commerce Drive,,,,,,,2567552843
,,IRVINGTON,,Spag's Oil Service,Blase Spagnolo,,,,,,,,7/30/2021 17:09,,,,,,,,07111-3422,NJ,Non Client,682 LYONS AVE,,,,,,,2567355632
,,Kennebunk,,Spang Fuels,Michael Spang,,,,,,,,7/31/2021 11:31,,,,,,,(207) 967-2500,4046,ME,Non Client,204 Mills Road,,,,,,,2567525385
,,Dover,,Spartan Oil Company,John Squeri,,Prospect,,5/22/2020 16:57,,,,8/1/2021 17:59,,,,,,,973-328-3434,7801,NJ,Non Client,20 Sammis Ave,,,4/27/2020 13:36,,,,2567532429
,,Douglassville,,"Speedway Oil Co., Inc.",Joseph E. James,,,,,,,,7/30/2021 17:41,,,,,,,610-326-5667,19518,PA,Non Client,Box 67,,,,,,,2567408139
,,Havertown,,Spinogatti Fuels Inc.,Steven Spinogatti,,,,,,,,8/1/2021 23:18,,,,,,,(610) 449-0939,19083,PA,Non Client,1009 Pennsylvania Ave.,,,,,,,2567543692
,,Ashland,,Spring Crest Fuel Co.,Cheryl Young,,,,,,,,8/1/2021 7:23,,,,,,,570-875-4540,17921,PA,Non Client,249 Gordon Road,,,,,,,2567547537
,,Portland,,Spring Ice & Oil Co,Mark Lambert,,,,,,,,8/1/2021 20:10,,,,,,,207-775-3835,4101,ME,Non Client,1 Portland Fish Pier,,,,,,,2567537678
,,Hartford,,"Springer Oil , Ltd.",Ed Golato,,,,,,,,7/31/2021 21:18,,,,,,,860-525-6750,6120,CT,Non Client,2017 Main Street,Suite 131,,,,Owner,,2567355421
,,Bloomfield,,Springer Oil LTD,Brittany Green,,,,,,,,7/30/2021 21:20,,,,,,,860-726-1055,6002,CT,Non Client,106 Granby St,,,,,Owner,,2567447935
,,,,St. Anselm College,Chris Leazier,,,,,,,,7/31/2021 4:44,,,,,,,(603) 641-7804,,,Non Client,,,,,,,,2567335677
,,Somerset,,"Stahl Oil Company, Inc.",Mark Stahl,,,,,,,,8/4/2021 11:01,,,,,,,814-443-2615,15501,PA,Non Client,P.O. Box 773,,,,,,,2567336242
,,York,,"Stambaugh Ness, P.C.",Kenneth A. Mutzel,,,,,,,,8/1/2021 22:22,,,,,,,717-757-6999,17402,PA,Non Client,"2600 Eastern Boulevard,        Suite 101",,,,,,,2567402339
,,Harrisburg,,Stan Megonnell Fuel Co.,Stan Megonnell,,,,,,,,8/1/2021 5:11,,,,,,,717-652-0182,17112,PA,Non Client,105 Piketown Rd,,,,,,,2567547276
,,College Point,,Standard Heating Co.,Anthony Ruggeri,,,,,,,,7/31/2021 7:30,,,,,,,(718) 762-3835,11356,NY,Non Client,128-07 18th Ave.,,,,,,,2567452755
,,PASSAIC,,Stanjo Corporation,Harold Racheski,,,,,,,,7/31/2021 14:31,,,,,,,,07055-6939,NJ,Non Client,164 PRESIDENT ST,,,,,,,2567532377
,,Hartford,,Stanley Oil Co.,Paul Winiarski,,formerhdg,,4/13/2020 13:15,,,,8/2/2021 23:29,,,,,,,860-956-4457,06106-4530,CT,Former Hedge Client,223 Roger Street,,,4/24/2020 10:57,,,,2567536205
,,Wind Gap,,Stanley Wentzell Heating,Stanley P. Wentzell,,,,,,,,7/30/2021 18:26,,,,,,,610-863-4031,18091,PA,Non Client,450 Male Road,,,,,,,2567547347
,,Pittsfield,,Staples Oil Company,Fred Wingate,,prospect,,,,,,6/10/2022 5:04,,,,,,,207-487-5127,4967,ME,Non Client,235 Hunnewell Ave,,,4/24/2020 15:10,,,,2567447683
,,EAST HARTFORD,,Star Enterprise,Thomas Zeitz,,,,,,,,8/5/2021 0:01,,,,,,,,06118-1837,CT,Non Client,211 RIVERSIDE DR,,,,,,,2567538592
,,Revere,,Star Oil Service,Ray Conte,,,,,,,,7/30/2021 20:24,,,,,,,617-284-6879,2151,MA,Non Client,196 Conant St.,,,,,,,2567547325
,,Manchester,,Stark Mill Condo Assoc.,Lois,,,,,,,,8/1/2021 4:16,,,,,,,603-627-7659,3101,NH,Non Client,500 N. Commercial Street,4th Floor,,,,,,2567536396
,,Schenectady,,Stark Northeast Oil Corp.,Steve Halsdorf,,,,,,,,8/2/2021 22:57,,,,,,,518-346-2304,12301,Ny,Non Client,1878 Maxon Rd.,PO BOX 858,,,,,,2567113246
,,Dunbar,,Stash Fuel Oil,Timothy G. Stash,,,,,,,,7/31/2021 5:25,,,,,,,724-628-8199,15431,PA,Non Client,568 Little Summit Road,,,,,,,2567487369
,,State College,,State Gas & Oil LLC,Terry Hale,,,,,,,,7/31/2021 14:25,,,,,,,814-237-4355,16803,PA,Non Client,110 Village Drive,,,,,,,2567537763
,,,,State Heating Oil,Peter Renehan,,,,,,,,8/3/2021 23:18,,,,,,,,,,Non Client,,,,,,,,2567452609
,,WANTAGE,,State Line Oil Company,John Fredericks,,,,,,,,8/4/2021 3:13,,,,,,,,7461,NJ,Non Client,517 Route 284,,,,,,,2567112979
,,Brooklyn,,Statewide Oil & Heating Company,Vincent Savino,,,,,,,,8/4/2021 6:10,,,,,,,718-499-6000,11222,NY,Non Client,389 4th Avenue,,,,,,,2567402160
,,Winterport,,Steamboat Petroleum,Jim,,,,,,,,8/2/2021 23:44,,,,,,,207-942-0400,4496,ME,Non Client,RR 1  Box A69,,,,,,,2567408304
,,Muncy,,Steins Oil Service Co.,C. J. Breneisen,,,,,,,,8/1/2021 19:22,,,,,,,570-546-3146,17756,PA,Non Client,50 Griffith Road,,,,,,,2567547348
,,EDISON,,Stelton Coal & Feed Company,Vernon Packard,,,,,,,,8/2/2021 7:21,,,,,,,,08817-2406,NJ,Non Client,10 FAIRVIEW AVE,,,,,,,2567355625
,,Williamsport,,"STEP, Inc.",Terry E. Roller,,,,,,,,8/4/2021 7:06,,,,,,,570-327-5418,17701,PA,Non Client,2138 Lincoln Street,,,,,,,2567532497
,,SUMMIT,,Stephens-Miller Company,Thomas Miller,,,,,,,,8/1/2021 1:02,,,,,,,,07902-0109,NJ,Non Client,PO BOX 109,,,,,,,2567525175
,,Collegeville,,"Sterling Fuels & Logistics, LLC",Kenneth Morrison,,,,,,,,3/15/2024 15:08,,,,,,,(215) 628-3030,19087-0831,PA,Non Client; Not Prospect,998 Old Eagle School Road,Suite 1205,,,,,,2567487430
,,CORNISH,,Steve's Heating Oil,Steve Smith,,,,,,,,7/31/2021 3:07,,,,,,,207-625-3295,04020-0327,ME,Non Client,PO BOX 327,Route 25,,,,,,2567525119
,,Watkins Glen,,Stewart P. Wilson Inc.,Jamie Wade,,,,,,,,8/2/2021 6:42,,,,,,,607-535-6532,12308,NY,Non Client,P.O. Box 49,,,,,,,2567545475
,,Randolph,,Stewie's Oil Inc,Stuart Rent,,,,4/13/2020 13:58,,,,8/2/2021 23:11,,,,0,2567453055,,781-963-5548,2368,MA,Former Hedge Client,641 N. Main Street,,,,,,,2567355765
,,Stroudsburg,,Stiff Oil Compnay,Rob Miller,,,,,,,,8/2/2021 2:04,,,,,,,570-421-8110,18360-0427,PA,Non Client,P.O. Box 427,,,,,President,,2567336241
,,Littleton / Laconia,,Stiles Fuel Co. Inc.,Robert Stiles,,,,,,,,7/30/2021 18:21,,,,,,,(603) 444-8839,3561,NH,Non Client,308 Riverside Dr,,,,,,,2567401988
,,Whitefield,https://www.stilesfuel.com/,"Stiles Fuel Co., Inc.",Vicki Stiles Gunderson,"Fuel Oil, Kerosene and Propane since 1962 for homes and businesses across North Country NH. Full service, automatic delivery, online account access & more. Offices in Berlin, Colebrook, Littleton and Whitefield, NH.",Prospect,Computer Software,4/29/2020 15:11,,,,2/14/2024 2:50,,,,0,2567487154,,800-585-9395,3598,NH,Non Client,124 Lancaster Rd,,,4/29/2020 11:28,America/New_York,Sales Manager,StilesFoodFuel,2567113238
,,Stockton,,"Stockton Fuel Oil Co., Inc.",Courtney Spalter,,,,,,,,5/13/2022 23:36,,,,,,,609-397-0605,08559-0276,NJ,Non Client,P.O. Box 276,,,4/27/2020 13:36,,President,,2567525183
,,MAHANOY CITY,,Stoffan Heating,Mark Stoffan,,,,,,,,7/31/2021 8:51,,,,,,,(570) 773-0523,17948-2409,PA,Non Client,623 W PINE ST,,,,,,,2567408185
,,Stoneham,http://www.stonehamfuelco.com/index.php,Stoneham Fuel,Bill Gullifa,Stoneham Fuel provides dependable home heating services to communities in the greater Boston and north of Boston areas.,,,,,,,2/10/2024 5:01,,,,,,,617-665-3100,2180,MA,Non Client,41 Franklin Street,,,,America/New_York,,,2567543750
,,Crum Lynne,,"Story-Winn Fuel Co., Inc.",Lawrence R. Speen,,,,,,,,7/31/2021 4:24,,,,,,,610-833-1000,19022,PA,Non Client,109 Fairview Rd.,,,,,General Manager,,2567536529
,,ROCKLEDGE,,Stott Waldman,Gene Waldman,,,,,,,,8/5/2021 3:18,,,,,,,,19046-4258,PA,Non Client,145 ROCKLEDGE AVE,,,,,,,2567525166
,,Saxton,,"Stoudnour Petroleum, Inc.",Thomas L. Stoudnour,,,,,,,,8/1/2021 17:33,,,,,,,814-635-2961,16678-0040,PA,Non Client,P.O. Box 40,,,,,,,2567402175
,,PATERSON,,Strand Fuel Co,Jim Fairclough,,,,,,,,6/13/2022 17:14,,,,,,,973-742-2227,7513,NJ,Non Client,P.O. Box 69,,,4/27/2020 13:36,,,,2567536462
,,Rochester,,"Strogen's / Service Experts, LLC",Mike Strogen,,,,,,,,7/30/2021 20:25,,,,,,,(603) 330-0627,3868,NY,Non Client,113 Milton Rd.,,,,,,,2567355581
,,Howley,,Strong Enterprise/dba T.A.Paupack Fuel Oil,Chris Strong,,,,,,,,8/4/2021 2:32,,,,,,,570-226-4823,18428,PA,Non Client,805 Church Street,,,,,,,2567448179
,,KEYPORT,,Stultz Fuel Company,Ed Monto Jr.,,,,,,,,7/31/2021 6:03,,,,,,,732-264-0200,07735-1613,NJ,Non Client,213 BROAD ST,,,4/27/2020 13:36,,,,2567547496
,,Waynesboro,,Stumbaugh's Fuel Service,Larry Stumbaugh,,,,,,,,7/30/2021 20:56,,,,,,,717-762-1931,17268,PA,Non Client,11815 Koons Road,,,,,,,2567408146
,,Scituate,,Sturdy Oil,David Sturdy,,,,,,,,8/1/2021 6:24,,,,,,,(781) 545-7100,2066,MA,Non Client,34 Clapp Road,,,,,,,2567401919
,,Bronx,,Stuyvesant Fuel Service Corp.,Martin Rosenman,,,,,,,,7/30/2021 20:55,,,,,,,718-665-5700,10455-3697,NY,Non Client,642 Southern Blvd.,,,,,,,2567487353
,,Uwchland,,Styer Propane,Randall Styer,,,,,,,,8/1/2021 18:35,,,,,,,,19480-0387,PA,Non Client,PO Box 387,,,,,,,2567487264
,,Syracuse,,Suburban Energy Services,Dennis W. Trautman,,,,,,,,7/31/2021 12:32,,,,,,,315-385-4404,13221-4833,NY,Non Client,P.O.Box 4833,,,,,,,2567336088
,,Belle Vernon,,"Suchko Oil, Inc.",Scott Suchko,,,,,,,,7/31/2021 7:36,,,,,,,724-929-7777,15012-2708,PA,Non Client,238 Marine Street,,,,,,,2567545462
,,MAHOPAC,,Sueco Oil Co.,Susan Simone,,,,,,,,8/2/2021 22:10,,,,,,,845-628-6400,10541-0708,NY,Non Client,PO BOX 708,4 Veschi Lane,,,,,,2567447886
,,Waltham,,Sullivan Risk Management Group,John Sullivan,,,,,,,,8/4/2021 20:58,,,,,,,781-466-6600,02451-7333,MA,Non Client,1601 Trapelo Road Suite 166,,,,,,,2567536416
,,Passaic,,Summit Transportation Corp.,Marc Rosen,,,,6/15/2020 15:12,,,,6/4/2022 23:38,,,,1,,,973-777-0404,7055,NJ,Non Client; Not Prospect,39-57 Jefferson St,PO Box 56,,4/27/2020 13:36,,,,2567543683
,,ASTON,,Sun Company Inc,Tony Polvino,,,,,,,,8/3/2021 19:01,,,,,,,,19014-3121,PA,Non Client,4041 MARKET ST,,,,,,,2567545493
,,Philadelphia,,"Sun Company, Inc. (R&M)",Jack Dempsey,,,,,,,,8/1/2021 13:23,,,,,,,215-977-3000,19103,PA,Non Client,"Ten Penn Center               1801 Market Street,",,,,,,,2567447878
,,Kane,,Sunrise Fuel & Supply Company,"Vincent J. Marold, Jr.",,,,,,,,8/5/2021 1:00,,,,,,,814-436-7726,16735-0585,PA,Non Client,P.O. Box 585,,,,,,,2567537584
,,Hope Valley,,Sunrise Oil Service,David Johnson,,,,,,,,7/31/2021 17:51,,,,,,,401-539-8387,2832,RI,Non Client,99 Arcadia Rd,,,,,,,2567554413
,,Waterbury,,Sunshine Oil Inc.,Lucille,,Prospect,,6/15/2020 15:19,,,,8/1/2021 14:29,,,,,,,203-596-7979,6708,CT,Non Client,130 Railroad Hill Street,,,4/24/2020 10:57,,,,2567336046
,,Waltham,,Suntec Ind Inc.,Bruce Marshall,,,,,,,,8/1/2021 18:21,,,,,,,781-894-8931,2453,MA,Non Client,36 Candance Avenue,,,,,,,2567402126
,,Bronx,,Super Fuel Corp.,Daniel Panebianco,,,,,,,,7/31/2021 17:10,,,,,,,718-993-4747,10454-1993,NY,Non Client,809 E. 140th Street,,,,,,,2567355958
,,PATERSON,,Super Fuel Oil Comapny,Samuel Greenblatt,,,,,,,,6/22/2022 2:43,,,,,,,973-684-2120,07501-2932,NJ,Non Client,478 STRAIGHT ST,,,4/27/2020 13:36,,,,2567402376
,,West Springfield,,Super Petro Inc,David Vickers,,,,,,,,8/3/2021 21:43,,,,,,,413-737-3477,1089,MA,Non Client,75 Union Street,,,,,,,2567545351
,,Warwick,,Super Service Oil Co,Ernest Santoro,,,,,,,,7/31/2021 17:02,,,,,,,,2886,RI,Non Client,141 Knight St,,,,,,,2567537484
,,Everett,,Supino Brothers,Jack Supino,,,,,,,,8/2/2021 19:17,,,,,,,617-389-1901,2149,MA,Non Client,161 Main Street,,,,,President,,2567525085
,,Honey Brook,,"Suplee Oil Service, Inc.",Joan Feairheller,,,,,,,,7/31/2021 7:38,,,,,,,610-273-3075,19344-0026,PA,Non Client,P.O. Box 26,,,,,,,2567355679
,,Attleboro,,Supply New England,Jason Reardon,,,,,,,,7/31/2021 11:05,,,,,,,508-222-5555,2703,MA,Non Client,123 East Street,P.O. Box 838,,,,,,2567452798
,,Hazleton,,Supreme Oil Company,Barbara M. McConlogue,,,,,,,,8/1/2021 23:36,,,,,,,570-455-4768,18202,PA,Non Client,1337 N. Church Street,,,,,,,2567552883
,,Bronx,,Sure Fire Fuel Corp.,Steve Hiller,,,,,,,,8/1/2021 1:17,,,,,,,718-823-5400,10461-0184,NY,Non Client,2610 E. Tremont Ave.,PO Box 184,,,,,,2567402179
,,Dillsburg,,Susquehanna Oil Co,Harold Willis,,,,,,,,8/2/2021 9:43,,,,,,,717-766-1511,17019-0700,PA,Non Client,P. O. Box 700,,,,,,,2567547343
,,Swansea,,Swansea Oil Co. Inc.,David W. Keyes,,,,,,,,8/5/2021 3:52,,,,,,,508-673-0352,02777-2125,MA,Non Client,531 Wilbur Avenue,,,,,,,2567534763
,,Atlantic Highlands,,Swanton Heating-Cooling-Fuel,James Swanton,,AREE 2005,,,,,,5/13/2022 3:28,,,,,,,732-708-0075,7716,NJ,Non Client,37 Center Avenue,,,4/27/2020 13:36,,,,2567543911
,,MORRISVILLE,,Sweet & Burt Inc.,Tony Thompson,,,,,,,,7/31/2021 22:22,,,,,,,,05661-9708,VT,Non Client,RR 1 BOX 668,,,,,,,2567543898
,,Eagle Bridge,,"Sweet's Fuel Service, Inc.",Donald & Linda Sweet,,,,,,,,8/3/2021 2:43,,,,,,,518-677-8877,12057-2422,NY,Non Client,449 Route 22,,,,,,,2567336291
,,Ephrata,,Sweetwater Propane,Paul Beiler,,,,,,,,7/31/2021 4:32,,,,,,,,17522-9795,PA,Non Client,51 Long Ave,,,,,,,2567408429
,,New Bloomfield,,"Swenson Fuels, Inc.",James E. Swenson,,,,,,,,8/2/2021 21:26,,,,,,,717-582-2949,17068-8622,PA,Non Client,3027 Cold Storage Road,,,,,,,2567545487
,,Nanticoke,,Swithers Heating Oil,Mel Swithers,,,,,,,,8/2/2021 5:48,,,,,,,570-735-4740,18634,PA,Non Client,77 N. Market Street,,,,,,,2567537412
,,Sharon,,SYMAT Inc.,Rennie Uhlin,,,,,,,,8/1/2021 21:12,,,,,,,781-784-1270,2067,MA,Non Client,One Merchant Street,,,,,,,2567545354
,,,,Synder Petroleum,George Synder,,,,,,,,8/2/2021 3:02,,,,,,,(610) 942-2648,,,Non Client,,,,,,,,2567447618
,,Bethlehem,,"Szilagyi Fuel Co., Inc.",Jeffrey Szilagyi,,,,,,,,8/1/2021 12:50,,,,,,,610-866-3751,18015-3751,PA,Non Client,1414 E. Fourth Street,,,,,,,2567552789
,,Lebanon,,T & C Oil Co.,Harold L. Templin,,,,,,,,8/4/2021 23:30,,,,,,,717-273-6765,17046-2753,PA,Non Client,2000 West Maple St.,,,,,,,2567525241
,,MOOSUP,https://www.tandsoil.com/,T & S Oil Company,Phillip Tetreault,"T & S Oil has been a full service garage and gas station since 1949. Our loyal customer base agrees that we provide the best auto repair services and deals on tires to the Moosup, CT area.",Prospect,,6/16/2020 10:38,,,,1/31/2024 20:46,,,,,,,860-564-5091,06354-0878,CT,Non Client,PO BOX 878,PO BOX 878,,4/24/2020 10:57,America/New_York,,,2567452768
,,RANDOLPH,,T. Daniel Spec. Heating,Tim Daniel,,,,,,,,8/3/2021 1:16,,,,,,,,7869,NJ,Non Client,187 Dorchester Road,,,,,,,2567547437
,,Brick,,T.A. Leahy Associates,Tom Leahy,,,,,,,,8/2/2021 19:57,,,,,,,(908) 910-0170,8723,NJ,Non Client,616 Brutis St,,,,,,,2567335938
,,Staten Island,,T.F Quinlan & Sons,Christopher Quinlan,,,,5/8/2020 14:19,,,,8/2/2021 19:32,,,,,,,718-442-2944,10310,NY,Non Client,1473 Richmond Terrace,P.O. Box 100107,,4/21/2020 11:39,,,,2567487103
,,Neponsit,,T.W.F.M. Ferry Inc.,Mary Sorrentino,,,,,,,,7/31/2021 14:00,,,,,,,(718) 474-0555,11694,NY,Non Client,145-05 Beach Channel Dr.,,,,,,,2567452998
,,Newport,,Taber Oil Co,Dennis Taber,,,,,,,,8/3/2021 1:54,,,,,,,401-846-9516,2840,RI,Non Client,11 Manning Terrace,,,,,,,2567448124
,,Grantville,,Talley Petroleum Enterprises,"J. Allen Talley, Jr.",,,,4/13/2020 16:48,,,,8/5/2021 0:46,,,,,,,717-469-0338,17028,PA,Non Client,10046 Allentown Boulevard,,,,,Executive Vice President,,2567402190
,,PITTSTON,,Tamco Fuels,Daniel Tambur,,,,,,,,7/30/2021 23:49,,,,,,,717-655-6047,18640-0855,PA,Non Client,PO BOX 855,,,,,,,2567336288
,,Dobbs Ferry,,Tarricone Fuel Service Inc.,Don Tarricone,,,,,,,,7/31/2021 10:56,,,,,,,914-693-1132,10522,NY,Non Client,59 Main Street,,,,,,,2567534682
,,Tarrytown,,"Tarry Fuel Oil, Inc.",Robert Corveddu,,,,,,,,7/30/2021 17:40,,,,,,,914-631-2580,10591,Ny,Non Client,159 Wildey Street,,,,,,,2567113248
,,McClure,,Tate Oil Co.,John Tate,,,,,,,,8/1/2021 10:35,,,,,,,717-543-6501,17841,PA,Non Client,2426 Snook Road,,,,,,,2567408433
,,Ronkonkoma,,Taylor Fuel,John Taylor,,,,,,,,8/1/2021 13:59,,,,,,,(631) 588-3923,11779,NY,Non Client,354 Ronkonkoma Ave,,,,,,,2567447885
,,Somerville,,Taylor Oil Co.,Rick Workman,,,,,,,,8/1/2021 15:08,,,,,,,908-725-7737,8876,NJ,Non Client,P.O. Box 974,77 Second Street,,,,,,2567355519
,,Queens Village,,TDR Heating Heating,Chris Tilak,,,,,,,,8/1/2021 22:03,,,,,,,718-468-6868,11428,NY,Non Client,92-46 220 Street,,,,,,,2567407917
,,Watertown,,Team Energy,Peter Viltrakis,,,,,,,,8/2/2021 0:19,,,,,,,860-274-5088,6795,CT,Non Client,621 Main Street,,,,,,,2567447767
,,Portsmouth,,Ted Long Inc,Ted Long Sr.,,,,,,,,8/3/2021 19:41,,,,,,,603-431-8280,3801,NH,Non Client,,,,,,,,2567536461
,,Manchester,,"Teddy's Oil & Energy, LLC",Rose Rainville,,Hope's Leads,,,,,,8/2/2021 18:00,,,,,,,860-647-0462,6040,CT,Non Client,362 East Center,,,4/24/2020 10:57,,,,2567538498
,,Rockland,,"Tedeschi Food Shops, Inc.",Charlie Fitzgibbons,,,,,,,,7/31/2021 8:40,,,,,,,,2370,MA,Non Client,14 Howard St.,,,,,,,2567401928
,,Hope Valley,,Tefft Propane Inc.,Judy Tefft,,,,,,,,8/4/2021 21:16,,,,,,,(401) 539-0042,2832,RI,Non Client,158 Spring Street,,,,,,,2567355738
,,Weymouth,,Tempesta Oil Service,Frank Tempesta,,,,,,,,8/1/2021 3:05,,,,,,,617-335-4833,2188,MA,Non Client,20 Worthen Avenue,,,,,,,2567552729
,,Valencia,,Terek Oil,Alan T. Terek,,,,,,,,8/2/2021 6:04,,,,,,,724-898-2645,16059,PA,Non Client,1155 Pittsburgh Road,,,,,,,2567532492
,,,,Terrell Industries,Grady Terrell,,,,,,,,8/2/2021 19:31,,,,,,,727-823-4424,,,Non Client,,,,,,,,2567538489
,,PATERSON,,Territo And Sons,Vincent Territo,,,,,,,,8/1/2021 23:28,,,,,,,,07509-5152,NJ,Non Client,PO BOX BD,,,,,,,2567408361
,,Chelsea,,Terry Oil,Bob Smith,,,,,,,,8/2/2021 1:32,,,,,,,617-889-7200,2150,MA,Non Client,11 Broadway,,,,,,,2567355458
,,Bellmawr,,The Icee Company,Steve Collins,,,,6/1/2020 13:45,,,,8/3/2021 4:34,,,,,,,856-931-2999,8031,NJ,Non Client,361 Benigno Boulevard,,,4/30/2020 15:41,,,,2567525070
,,INDIANA,,The Lockard Company,"Bernard Lockard, Jr",,,,,,,,8/2/2021 2:55,,,,,,,(724) 349-2034,15701-0128,PA,Non Client,PO BOX 128,,,,,,,2567408359
,,Hoosick Falls,,The OIl Company,Paul Laporte,,,,,,,,7/30/2021 22:44,,,,,,,518-686-7359,12090-0250,NY,Non Client,PO Box 250,,,,,,,2567113155
,,SEWELL,,The Oil Man Corporation,"John J Enright, Sr.",,,,,,,,8/5/2021 1:45,,,,,,,,08080-9804,NJ,Non Client,RR 4 BOX 292,,,,,,,2567536459
,,Berlin,,The Oilman Inc.,Paul Cusson,,,,,,,,7/31/2021 9:16,,,,,,,603-752-3333,03570-0417,NH,Non Client,PO Box 417,,,,,,,2567547429
